[Format]      =  4.0
[Frequency]   =  0
[Precision]   =  1e-008
[MinAngle]    =  30
[DoSmartMesh] =  1
[Depth]       =  1
[LengthUnits] =  inches
[ProblemType] =  planar
[Coordinates] =  cartesian
[ACSolver]    =  1
[PrevType]    =  0
[PrevSoln]    =  ""
[Comment]     =  "Add comments here."
[PointProps]   = 0
[BdryProps]   = 0
[BlockProps]  = 3
  <BeginBlock>
    <BlockName> = "Air"
    <Mu_x> = 1
    <Mu_y> = 1
    <H_c> = 0
    <H_cAngle> = 0
    <J_re> = 0
    <J_im> = 0
    <Sigma> = 0
    <d_lam> = 0
    <Phi_h> = 0
    <Phi_hx> = 0
    <Phi_hy> = 0
    <LamType> = 0
    <LamFill> = 1
    <NStrands> = 0
    <WireD> = 0
    <BHPoints> = 0
  <EndBlock>
  <BeginBlock>
    <BlockName> = "N42"
    <Mu_x> = 1.05
    <Mu_y> = 1.05
    <H_c> = 994529
    <H_cAngle> = 0
    <J_re> = 0
    <J_im> = 0
    <Sigma> = 0.66700000000000004
    <d_lam> = 0
    <Phi_h> = 0
    <Phi_hx> = 0
    <Phi_hy> = 0
    <LamType> = 0
    <LamFill> = 1
    <NStrands> = 0
    <WireD> = 0
    <BHPoints> = 0
  <EndBlock>
  <BeginBlock>
    <BlockName> = "1018 Steel"
    <Mu_x> = 529
    <Mu_y> = 529
    <H_c> = 0
    <H_cAngle> = 0
    <J_re> = 0
    <J_im> = 0
    <Sigma> = 5.7999999999999998
    <d_lam> = 0
    <Phi_h> = 20
    <Phi_hx> = 0
    <Phi_hy> = 0
    <LamType> = 0
    <LamFill> = 1
    <NStrands> = 0
    <WireD> = 0
    <BHPoints> = 13
      0	0
      0.25030000000000002	238.73249999999999
      0.92500000000000004	795.77499999999998
      1.25	1591.55
      1.3899999999999999	2387.3249999999998
      1.5249999999999999	3978.875
      1.71	7957.75
      1.8700000000000001	15915.5
      1.9550000000000001	23873.25
      2.02	39788.75
      2.1099999999999999	79577.5
      2.2250000000000001	159155
      2.4300000000000002	318310
  <EndBlock>
[CircuitProps]  = 0
[NumPoints] = 28
0.125	0.125	0	0
3.375	0.125	0	0
0.125	2.4375	0	0
3.375	2.4375	0	0
0.5	0.125	0	0
0.5	2.4375	0	0
3	0.125	0	0
0.5	0.5	0	0
3	0.5	0	0
0.5	2.0625	0	0
3	2.0625	0	0
1	0.5	0	0
2.5	0.5	0	0
1	2.0625	0	0
2.5	2.0625	0	0
1	1	0	0
2.5	1	0	0
1	1.5625	0	0
2.5	1.5625	0	0
1.75	6.5625	0	0
-3.5	1.53125	0	0
1.75	-3.5	0	0
7	1.53125	0	0
3	2.4369999999999998	0	0
1	1.12625	0	0
1	1.43625	0	0
2.5	1.12625	0	0
2.5	1.43625	0	0
[NumSegments] = 32
2	5	-1	0	0	0
3	1	-1	0	0	0
1	6	-1	0	0	0
6	8	-1	0	0	0
10	23	-1	0	0	0
0	4	-1	0	0	0
4	6	-1	0	0	0
9	5	-1	0	0	0
7	4	-1	0	0	0
9	13	-1	0	0	0
7	11	-1	0	0	0
11	12	-1	0	0	0
12	8	-1	0	0	0
13	14	-1	0	0	0
14	10	-1	0	0	0
13	17	-1	0	0	0
17	18	-1	0	0	0
18	14	-1	0	0	0
12	16	-1	0	0	0
16	15	-1	0	0	0
15	11	-1	0	0	0
3	23	-1	0	0	0
23	5	-1	0	0	0
24	26	-1	0	0	0
25	27	-1	0	0	0
25	17	-1	0	0	0
18	27	-1	0	0	0
26	16	-1	0	0	0
9	7	-1	0	0	0
10	8	-1	0	0	0
2	0	-1	0	0	0
15	24	-1	0	0	0
[NumArcSegments] = 4
19	20	90	1	0	0	0	1
20	21	90	1	0	0	0	1
21	22	90	1	0	0	0	1
22	19	90	1	0	0	0	1
[NumHoles] = 0
[NumBlockLabels] = 10
1.28	1.3500000000000001	1	-1	0	0	0	1	0
1.3	2.3599999999999999	3	-1	0	0	0	1	0
3.1400000000000001	1.23	3	-1	0	0	0	1	0
1.1200000000000001	0.22	3	-1	0	0	0	1	0
0.27499999999999997	1.3400000000000001	3	-1	0	0	0	1	0
1.3500000000000001	1.0499999999999998	3	-1	0	0	0	1	0
1.3600000000000001	1.5099999999999998	3	-1	0	0	0	1	0
1.4099999999999999	1.7799999999999998	2	-1	0	90	0	1	0
1.47	0.78000000000000003	2	-1	0	90	0	1	0
1.21	4.2300000000000004	1	-1	0	0	0	1	0
[Solution]
7303
1.75	6.5625	0.00025776337435245566	-1	
1.8397329351839276	6.5636259148674174	0.00025083689559154965	-1	
1.6602670648160698	6.5636259148674005	0.00026469787425257945	-1	
1.796056261953981	6.4682389672203282	0.00025419320337708102	-1	
1.703328045584809	6.4191696340798021	0.00026140573400228146	-1	
1.9294718535310782	6.5631856025968904	0.00024403111320583167	-1	
1.8842229066120884	6.4860633313708869	0.00024739951201117221	-1	
1.5705281464689196	6.5631856025968744	0.00027151668387350011	-1	
1.6158473785965197	6.4717386826642818	0.00026814913942316423	-1	
1.8577351394282777	6.3901162881948697	0.00024933473856814922	-1	
1.6801473062027505	6.2531892156288507	0.0002633500787458675	-1	
1.5505846053453618	6.3364644522817555	0.00027346425980911488	-1	
1.8283784176910782	6.2950078248835073	0.0002515560921061704	-1	
2.0191894196975997	6.5611791973118176	0.00023728294597718546	-1	
1.97228112109446	6.4705371348465803	0.0002406122233658914	-1	
1.4808105803023985	6.5611791973118043	0.00027826752393788224	-1	
1.527398604810406	6.4848583751937463	0.00027491806510167825	-1	
1.4846636059471914	6.4021728652029539	0.00027841248082445655	-1	
1.9505067953466377	6.341636274834543	0.00024199866835743661	-1	
1.60185974927752	6.0604125267295457	0.00027002300150373723	-1	
1.5428169171808856	6.1834638777367923	0.00027452499302176107	-1	
1.7918428681706267	6.1408916491630468	0.00025435390751622902	-1	
1.462249976341448	6.3137653774759892	0.00028047876492803922	-1	
1.9490622565959193	6.162356438416821	0.00024159222443067676	-1	
2.1088583048437242	6.5576073101826875	0.00023054018493245032	-1	
2.0582960800622447	6.4156026393126826	0.00023385765510054387	-1	
1.3911416951562743	6.5576073101826724	0.00028496529260754944	-1	
1.4390079569158469	6.4832822691078231	0.0002816420352974675	-1	
1.3545816521833618	6.4113704188673477	0.00028836574359199577	-1	
2.0521447427226973	6.3090443639324896	0.00023392389155970836	-1	
1.7232917897180253	5.9981072255011965	0.00025997993420930667	-1	
1.4656863421127138	6.0696045987390468	0.00028126682645297698	-1	
1.5473079320861081	5.867999162645976	0.00027530014316991703	-1	
1.3956216396987704	6.2514844057869823	0.00028599981450833708	-1	
1.8866352919818474	5.9583669131542365	0.00024618959810716878	-1	
2.0362883686159345	6.0349459495231885	0.00023394185611959342	-1	
2.1245767066715322	6.1616226903307387	0.00022746504886457481	-1	
2.1984511949583943	6.5524710292409205	0.00022387634703011715	-1	
2.1484081092632299	6.4635212594834899	0.0002271845923670244	-1	
2.1427834962839896	6.3654103231270369	0.00022713644932617364	-1	
1.3015488050416044	6.5524710292409045	0.00029167818605384146	-1	
1.2709830805064324	6.359711238487832	0.00029506640952659376	-1	
1.2636470522457557	6.4577090690416989	0.00029501854656278947	-1	
2.2324824960977683	6.2854608098954632	0.00021969571077395811	-1	
1.7659941858108941	5.8593534354488321	0.00025636279293069831	-1	
1.338389496661625	6.1216485624854311	0.00029134099572912612	-1	
1.3601433876605225	5.9814357505570728	0.00029053263933317373	-1	
1.4176475026732858	5.7903582640311555	0.00028696732065771528	-1	
1.5623145935836988	5.6784896458383773	0.00027469584009224093	-1	
1.7412370439622016	5.716303818834696	0.00025856715915121854	-1	
1.1730895336044822	6.2557492249078432	0.00030341001391108767	-1	
1.8933377918008794	5.7896417800429028	0.00024513593472980517	-1	
2.0356428629218279	5.8805393090550995	0.00023319775092740366	-1	
2.1722502509719486	5.9571728836630742	0.0002221191459546341	-1	
2.2882133769968527	6.1758557284417144	0.00021448476220528061	-1	
2.287940799179375	6.5457719190474455	0.00021719419481469466	-1	
2.2324534839963186	6.4056183497831283	0.00022050129289326849	-1	
1.2120592008206237	6.5457719190474295	0.00029831600499581146	-1	
1.1806250231443156	6.3983481841959291	0.00030167743332961728	-1	
2.3525435032254234	6.2806452309011069	0.00021036617279320468	-1	
2.3474715075471941	6.3738779377142896	0.00021153088568028736	-1	
1.2040637670033225	6.0759379208993218	0.00030254654596170705	-1	
1.2193279923798479	5.8853877758575788	0.00030316230764238151	-1	
1.2733080796685232	5.7455691240540743	0.0002999311186953717	-1	
1.3828599322080137	5.6432876652210666	0.00029115196903066259	-1	
1.6500196552403392	5.5906612038029397	0.0002669943949052346	-1	
1.5038654128615379	5.5014371214933364	0.00028106976839485702	-1	
1.8703720481991535	5.6428768568051346	0.00024675512580706868	-1	
1.7716282373715282	5.5658143564655163	0.00025573750097396584	-1	
1.037363373009927	6.3001300329549155	0.00031342272548127645	-1	
1.0325019071982724	6.1380510148821781	0.00031554768762068246	-1	
2.0488515866204851	5.703018362508578	0.00023088948110898692	-1	
2.2628355473717305	5.8419076307247417	0.00021344359897180793	-1	
2.3280625501902588	5.9731981961210634	0.00020937214701144768	-1	
2.4104558955775097	6.1625902990356014	0.00020471471624902037	-1	
2.3772998581063156	6.5375120202161243	0.00021058373092774097	-1	
2.3255014482602951	6.4646269280932609	0.00021387695511956449	-1	
1.1227001418936831	6.5375120202161092	0.00030497446679982802	-1	
1.0881286225390616	6.4414850343459564	0.00030828016087849127	-1	
2.4528118344107499	6.2870763889061809	0.000202744513501845	-1	
2.4118713774609364	6.4414850343459724	0.00020726094023047599	-1	
2.4927711667804973	6.3792628835165113	0.00020064995864045937	-1	
1.059418007958677	5.9444046029016366	0.00031576896341148033	-1	
1.1234351673924137	5.7444666805316595	0.00031296123336495946	-1	
1.2468418080437018	5.607411320523866	0.00030385857758912703	-1	
1.2654075638630906	5.4409512411134076	0.00030414909429987296	-1	
1.6880590430660143	5.4725129154344012	0.00026369124626455197	-1	
1.4079886166905848	5.3791314014328009	0.00029117236964718024	-1	
1.5722838079862298	5.3361873313521224	0.00027539395294177158	-1	
1.934890201570912	5.5090681278011324	0.0002402116579383625	-1	
1.817618205004377	5.4493073094147695	0.00025120290692996181	-1	
0.9518853497533446	6.2683218230328839	0.00032028158496766703	-1	
0.96493509631748298	6.3585878675507903	0.00031827354975636402	-1	
0.89213214437170707	6.1994174753840117	0.00032567591097462602	-1	
0.86391141890302614	5.943641065799202	0.00033155711550271087	-1	
2.2268340977169259	5.6997961601056293	0.00021510245963543385	-1	
2.1345980960278959	5.5221795177354069	0.00022160594422350235	-1	
2.4023705196279739	5.8544328201454876	0.00020177901950016913	-1	
2.4435237363280398	5.7205175424217956	0.00019641504231646177	-1	
2.4557512643239519	6.0302666562798946	0.00019964114751210824	-1	
2.5199720358983297	6.235370977343389	0.00019705104624831085	-1	
2.5829777938993761	6.1077019321165098	0.00019060567019901734	-1	
2.4665011521042266	6.5276938487921576	0.00020399618142965349	-1	
1.0334988478957725	6.5276938487921417	0.00031157718293903128	-1	
0.99879299909164765	6.4452874414252399	0.00031487951847345954	-1	
2.5493657761747519	6.3148690922977213	0.00019572757068670525	-1	
2.5555175095948433	6.5163203954856694	0.00019739816712459069	-1	
2.5867166754372382	6.4191453780350303	0.00019412032804715895	-1	
1.0015572007751639	5.8156607959984461	0.00032230920391395311	-1	
1.1265103821601765	5.5345526205982685	0.00031567933201374465	-1	
0.96857556622189611	5.6027208748480506	0.00032861389459663007	-1	
1.184445056792639	5.2943268305422198	0.00031413009856097197	-1	
1.8369006969598496	5.3191064565108945	0.00024903359191980702	-1	
1.4317538798463214	5.2255532080892433	0.00029034306495112112	-1	
1.5820997656813323	5.1791496988053165	0.00027520601873638599	-1	
1.7362684820184136	5.2003946308541273	0.0002591841398733543	-1	
2.0442346401649201	5.3710681305441517	0.00022885102873547547	-1	
0.83460433895670938	6.3541377693280658	0.00032799900994725519	-1	
0.91105131236182846	6.4344806308217128	0.00032143675404699995	-1	
0.75686358374122586	6.2940231531150967	0.00033454773689967299	-1	
0.67037329744970198	6.1803979923017502	0.00034272188245584618	-1	
0.72873900707932804	6.0306265196098305	0.00034075815259880136	-1	
0.87737253857853581	5.7485712252816574	0.00033379382253032801	-1	
0.69350711213873095	5.8273579904006692	0.00034729708051643764	-1	
2.3532289579443919	5.5214022216445873	0.00020148956806358728	-1	
2.2436040903529895	5.4347553132088864	0.00021038979980012295	-1	
2.5375675105492652	5.9168324519338729	0.00019149063950743819	-1	
2.4699970965598199	5.5959641422877811	0.00019220370309729382	-1	
2.5786323963350495	5.6841442767238739	0.00018434127999847263	-1	
2.6036984175058708	6.2485556378107061	0.00019083695476351402	-1	
2.6834557429609043	6.1648718128965081	0.00018366130094050581	-1	
2.6834113836181737	6.0480681825387181	0.00018191148485159487	-1	
0.94448249040515608	6.5163203954856552	0.00031814910993915017	-1	
2.6320491343447205	6.3375179872322231	0.00018982506999193366	-1	
2.6443218153333534	6.5033951247607167	0.00019086414029176197	-1	
2.6761305801299407	6.4198277004947384	0.00018760177020166421	-1	
1.0002445643649025	5.4590539847160278	0.00032848614426953643	-1	
0.79988549772981199	5.5690462885097229	0.00034389782539489833	-1	
0.8618776350375722	5.4444889877156228	0.00034119784468727619	-1	
1.0446490306967686	5.1912136047149264	0.00032969045951240452	-1	
0.935965016238817	5.3267239410513527	0.0003371039964454381	-1	
1.189184071877494	5.1415808711712545	0.0003162295273763209	-1	
1.9123876188771491	5.1971913297929122	0.00024084453927460732	-1	
1.2798966415887667	5.0185970670972679	0.00030897861278747388	-1	
1.4588235945357031	5.0464985325996317	0.00028936825310118359	-1	
1.6794287507694219	5.0555202535946391	0.00026536801939569543	-1	
1.8937753331069807	5.0550113160018748	0.00024208128920604204	-1	
2.0557692213389842	5.1953776102207589	0.00022602005552604799	-1	
2.2709831384108163	5.297730913690609	0.00020583504321172827	-1	
0.85567818466664614	6.5033951247607042	0.00032468224020856145	-1	
0.7671129813320372	6.4889219737799593	0.00033123551825866475	-1	
0.73932418037958336	6.3907173175389325	0.00033449732043091808	-1	
0.66296185671143482	6.3230034527120438	0.00034100144078262981	-1	
0.53075160130041332	6.2103484306465271	0.00035246430859352804	-1	
0.56892748134072313	6.0478986455350192	0.00035265321003921044	-1	
0.5791456160916475	5.9082139193109722	0.00035464425668731917	-1	
0.69538097564346368	5.6770693690616367	0.00035029898491106679	-1	
0.49965132558565456	5.8055202110055495	0.00036307066973479421	-1	
0.54523674753118723	5.6839171302278899	0.00036230369909487191	-1	
2.4761740691613565	5.4687783203720288	0.00018941059925244841	-1	
2.3691459892451534	5.3885925020077652	0.00019791205206062384	-1	
2.6776723987758513	5.788066479076349	0.0001779273480626729	-1	
2.5864445151098767	5.5444433988931694	0.00018102918547236815	-1	
2.7374157859355996	5.6073988750029864	0.00016934338685407392	-1	
2.7244585004495145	6.2729596817548607	0.00018212662666878879	-1	
2.8153931707967192	6.2200437011636289	0.00017459205728414628	-1	
2.7883803021778744	6.0992991904237623	0.00017467044387874041	-1	
2.7938071380183973	5.9550273048848155	0.00017169516682938855	-1	
2.7606758196204164	6.3907173175389449	0.00018108187605431769	-1	
2.7328870186679626	6.4889219737799699	0.00018435791477181598	-1	
0.72761566767861752	5.4553722262747382	0.00035277549234312769	-1	
0.61329045851372266	5.5266075216698916	0.00036068148797187147	-1	
0.79697304091882126	5.3214695948558939	0.00034998748051927786	-1	
0.87231845756895965	5.1693632084222143	0.00034700260533181338	-1	
1.0187101140553916	5.0173729156172699	0.00033644283393117005	-1	
1.1778704087733112	4.921468558699825	0.00032192730725701118	-1	
2.0638357535989345	5.0512196499132402	0.00022368644814891312	-1	
1.3821408284599221	4.809047479519208	0.00030104266893546947	-1	
1.5730833066149816	4.9542469065936947	0.00027760506841916578	-1	
1.5239586628030168	4.8206997504090587	0.00028448427360263149	-1	
1.7909023391513685	4.9351098897832575	0.00025304579476236337	-1	
1.6649799621639445	4.8397015050967589	0.00026763222905035595	-1	
2.0174301294529857	4.9144969213332779	0.00022726778731471138	-1	
2.2088686742324164	5.1440886277019979	0.00020968461386044942	-1	
2.4338284699202224	5.1645269437878021	0.00018735460170979092	-1	
0.67881385822021545	6.4729053512054149	0.00033771454141265855	-1	
0.59080771209945349	6.455350135855463	0.00034421133532483374	-1	
0.56646313241036628	6.3562354880704115	0.00034743785252210377	-1	
0.45260958666972145	6.2609152106481538	0.00035718054239808518	-1	
0.42712707582888992	6.1358757760650997	0.00036138522569332762	-1	
0.43964460784785397	5.9206919687194368	0.00036499232697947157	-1	
0.41422563199810536	5.7041507705059136	0.00037218086420816781	-1	
0.32378571533261441	5.8187187045650957	0.00037613325867320228	-1	
0.37796757556165389	5.5861242837121505	0.00037824755540790067	-1	
0.44728506797910245	5.4839480463260335	0.00037558910084840765	-1	
2.536952175301598	5.3231314893011916	0.00018082527403797974	-1	
2.8555686332362984	5.7205166068653481	0.00016208460505182014	-1	
2.721968364668311	5.3626145254219608	0.00016489123664262823	-1	
2.8697955843934415	5.5113191916812321	0.0001558732723182364	-1	
2.8370381432885634	6.3230034527120553	0.00017458836959372546	-1	
2.9041297682337146	6.1430140969502167	0.0001667221452225358	-1	
2.9126335710861579	6.2602123434687424	0.00016811793717223328	-1	
2.9380366180989017	5.9485709452363382	0.00016044879614999653	-1	
2.9494102297654154	5.8155200506993054	0.0001567101737616585	-1	
2.8211861417797843	6.4729053512054264	0.00017787629679650102	-1	
0.65805307972149429	5.3283704453997931	0.00036229659326599087	-1	
0.7164470418432759	5.102151703724239	0.00036368906085400645	-1	
0.84303283243548688	5.0229321696245091	0.00035396673170710668	-1	
1.0440295390798557	4.8775376934030286	0.00033744681925346057	-1	
0.90216131237972319	4.8858062427459004	0.00035232615461561933	-1	
1.1504032908934809	4.7833061297931163	0.00032821225130764302	-1	
2.1913927992213571	4.9835750893425317	0.00020894870995514519	-1	
1.4638865703194035	4.6829804395542487	0.00029319913652122863	-1	
1.3077088770686518	4.6712467702442169	0.00031243514323440401	-1	
1.6552510876509945	4.6040685497926921	0.00026978324236232016	-1	
1.8782223135706066	4.8034496187745992	0.00024243717254433813	-1	
1.7978205760173305	4.6689974600175255	0.00025172879551610628	-1	
2.1861618003527576	4.8334757697503408	0.00020695773489035261	-1	
2.0538758949838769	4.7741897700909037	0.00022131682952045107	-1	
2.343885646761819	5.0555424853067894	0.00019414698365825527	-1	
2.6188446592869363	5.2040099799085713	0.00017029509914901145	-1	
2.5927134790526529	5.0618358811675268	0.00016901364187127179	-1	
2.4410207479027526	4.952916485899018	0.00018161534115534769	-1	
0.50312135049439455	6.4362616752187609	0.00035064950825474929	-1	
0.47721943908682229	6.3506789497318437	0.00035386929429492218	-1	
0.39108802980268481	6.3307598362891593	0.00036025784604632919	-1	
0.32345795676311406	6.2428662167456848	0.00036665543552692439	-1	
0.30085457720535796	6.1543006139469689	0.00037004960470785308	-1	
0.32373131988169745	6.0523890883804556	0.00037062413721382576	-1	
0.26942254486091233	5.9631710332878045	0.00037659851027334275	-1	
0.28641529000636345	5.6689679753912987	0.00038295670413343304	-1	
0.15993337734178781	5.8395102157352445	0.00038762467754922862	-1	
0.32341670197271899	5.474515369753167	0.00038583916456655078	-1	
0.39621337827220876	5.3365872226728301	0.00038435587146235764	-1	
3.0005101290259057	5.6252912106495438	0.00014809487348916697	-1	
2.916654530830344	5.3069415906634916	0.00014615666827110009	-1	
2.7609470122644475	5.1774914163818693	0.00015619907780653098	-1	
3.0348696642607234	5.4539399630198515	0.00014054191771334875	-1	
2.9091922879005461	6.4553501358554737	0.00017139101078371166	-1	
2.9335368675896332	6.3562354880704213	0.00016816317497713086	-1	
3.0206505692105563	6.1278270435926503	0.00015786367581238094	-1	
3.0074894935912062	6.2858978660373648	0.0001617276646960303	-1	
3.1269024748069989	5.9938440893699259	0.00014729582896926666	-1	
3.0782255216363938	5.7803274355699905	0.00014592673145969465	-1	
0.5582579301499998	5.1819642684072083	0.00037564121678594137	-1	
0.57316230167633064	5.0148325513563963	0.0003801710248329707	-1	
0.65270562122413667	4.8595523647813126	0.00037848638986141277	-1	
0.96115656419838247	4.6768300975062855	0.00035289189868185228	-1	
0.80942245757465137	4.7468100593897971	0.00036690866126864563	-1	
1.1065190476025357	4.6080797260831563	0.00033829920263857776	-1	
2.3100775675220993	4.9183406726138656	0.00019481132206195195	-1	
1.4018950579794658	4.5461143835889688	0.00030321590926081808	-1	
1.244661951018913	4.5257790372164495	0.00032369952650834229	-1	
1.7918032800911241	4.4932201620936425	0.00025197343262312337	-1	
1.6432911698700456	4.4498030119062859	0.00027236257708420101	-1	
1.9520271832159359	4.6413904918334206	0.00023213113730292825	-1	
2.1677025203568978	4.684424020101984	0.00020614979378569652	-1	
2.3510689683239883	4.7892619818363835	0.00018710323221778565	-1	
2.073076709313562	4.5966920990639419	0.00021620770859189504	-1	
2.6017778841634343	4.8578835311378503	0.00016177297285012641	-1	
2.7945027814987995	5.0308552107271121	0.00014834364081425341	-1	
2.5469578865121405	4.721844982261854	0.00016318194517361443	-1	
0.41578148352022026	6.4156457838253331	0.00035705339970976238	-1	
0.32881471574649135	6.3935087414754079	0.000363413776030748	-1	
0.24224753809313748	6.3698572913265332	0.0003697870883820506	-1	
0.22086017813117426	6.2830362526884693	0.00037295175951396295	-1	
0.21660949439884311	6.1897624919211447	0.00037518930986427644	-1	
0.2294203246900266	6.0972749501270034	0.00037631990363982921	-1	
0.1602911356806839	6.0507745358465055	0.00038224367169691	-1	
0.10314792935262349	5.6394869730557495	0.00039750518219463474	-1	
0.19934551517099486	5.4807353448360248	0.00039532650788543612	-1	
0.043498890773377354	5.9566549379353892	0.00039274336336071351	-1	
-0.060493623292998296	5.8820332943027225	0.0004019543412195622	-1	
-0.04183102352067334	5.7554057299653154	0.00040432623875925287	-1	
0.25140692368627077	5.2786681364618202	0.0003982057956868106	-1	
0.41668764109410311	5.075419940560951	0.00039194737142239422	-1	
3.1705731007890914	5.6370397295840391	0.00013505031572760297	-1	
3.1785188176115788	5.489312972817558	0.0001300663978299548	-1	
3.0127543427075225	5.1287085827310035	0.00013180523319788437	-1	
3.1097753676287478	5.2960445440592423	0.00012933505004600318	-1	
2.9968786495056055	6.4362616752187707	0.0001649805387523113	-1	
3.12955259878101	6.2400011554815151	0.00015220997279997194	-1	
3.1740079391388107	6.1582277098897586	0.00014743494255511688	-1	
3.0842185164797797	6.4156457838253438	0.00015855319510943878	-1	
3.1089119701973154	6.3307598362891691	0.00015536269902775851	-1	
3.2823177185928483	6.0651673076379558	0.00013776110984989169	-1	
3.2809619353849921	5.8631329532620624	0.00013289235988733276	-1	
0.44753094112551811	4.9227251176731741	0.00039537096691238282	-1	
0.4697077185245232	4.7333699712080577	0.0004018092573234722	-1	
0.61454042465972913	4.6346599147226284	0.00039210537245295684	-1	
0.81757038212639366	4.5799147463830545	0.00037290746967874442	-1	
0.94423567707523948	4.4743119505241493	0.00036278179226284252	-1	
1.1069172528169211	4.4472795190408512	0.00034373487186541867	-1	
1.3401830328967843	4.4052407232527369	0.00031442515551153601	-1	
1.54577368832627	4.3296729298865486	0.00028711345184967608	-1	
1.8207925668178087	4.3425440267623783	0.00024750380460295397	-1	
1.9523801653894313	4.4214641154942145	0.00022962275070363409	-1	
1.6884453609850527	4.2258061740644033	0.00026698917049003434	-1	
2.3401153460709603	4.5624073409553052	0.00018209847409462649	-1	
2.2307891703714251	4.4828444401573977	0.00019360722862924251	-1	
2.4709896268384504	4.5963836637412623	0.00016759230050736833	-1	
2.0879772530206231	4.4685167976916871	0.00021202942998102547	-1	
2.7267664623201022	4.7939564002384625	0.0001465508622912159	-1	
2.8332080376730717	4.885493353274005	0.000139390163190259	-1	
2.9404047565083649	4.9942385458593019	0.00013345640136585213	-1	
2.6274265908008374	4.5992215483151861	0.00014952857625746309	-1	
0.15610631976106704	6.3446986378395387	0.00037608237276174657	-1	
0.14049278929240508	6.2438393812881561	0.00037924851329545638	-1	
0.15179223465598357	6.1336533750198416	0.00038090902989199228	-1	
0.085196902960707172	6.0868576276423223	0.00038658872723917664	-1	
-0.010614818629461703	5.5286260493698105	0.00040936240084015477	-1	
0.1363940390008114	5.3611529785976346	0.00040424738221180587	-1	
0.0038065529166823875	6.0874830042773045	0.00039212668805225695	-1	
-0.081805702252177079	6.025626647633457	0.00039946601204674361	-1	
-0.18159258181712482	5.9234805490327762	0.00040889595497332182	-1	
-0.1550458722965925	5.80340896655097	0.00041063276365232732	-1	
-0.14700366528263353	5.6100520264137037	0.00041626420640572911	-1	
0.1770955853352095	5.1416687251549913	0.00040947289493786944	-1	
0.062904680562222703	5.2477415820650899	0.00041413772930700066	-1	
0.30045981203982991	4.987877749972637	0.000405530894856617	-1	
3.3401313813092401	5.6546303966871081	0.00012276555351937256	-1	
3.3096913260907987	5.4209017010866862	0.00011761602507624668	-1	
3.0930886650783216	4.9921703332814165	0.00011946462943693689	-1	
3.164050248722496	5.1063768743282685	0.0001179533245354355	-1	
3.2705333037697168	5.1884746170438021	0.0001123293503830969	-1	
3.1940846228705762	6.3070741870007447	0.00014901845839198681	-1	
3.2751238510975043	6.2692858898081152	0.00014268093141434423	-1	
3.3439898277344104	6.1939609322731872	0.00013636065040430141	-1	
3.1711852842535091	6.3935087414754177	0.00015219726834094454	-1	
3.4126076777127752	6.123611925398512	0.00013007520697704263	-1	
3.4785578015541962	6.0231708162904454	0.00012309724381425637	-1	
3.4786310738484407	5.8213402482131098	0.00011768749664413618	-1	
0.31371425349856136	4.8429748060367492	0.00041093907850638957	-1	
0.44240302341522442	4.6016613827766157	0.00041103494776878675	-1	
0.31057367303521544	4.628376940416306	0.0004220147756417093	-1	
0.66769009189509299	4.4930500494945562	0.00039345864370381661	-1	
0.51647889680578685	4.4893873268997559	0.00040971593776604695	-1	
0.7930570401139484	4.408425175187805	0.00038378006717619079	-1	
0.91756587318933591	4.3291216741672001	0.00037270958108611975	-1	
1.1542022936898997	4.1848602671321391	0.00034760680584318231	-1	
0.99667637994032732	4.2044901271595458	0.00036858335925653242	-1	
1.2949690605425601	4.2582391623076736	0.00032496120706109106	-1	
1.5419270646544234	4.1744687100388527	0.00029016467467822245	-1	
1.8621735935962198	4.1947898825698999	0.00024023844761290479	-1	
2.0675629672786311	4.3264471597894181	0.00021177978688399589	-1	
1.7488984165359225	4.0623645815633465	0.00025772004570968042	-1	
1.6006211897896989	4.035720602852928	0.00028264155387883329	-1	
2.4243970899294185	4.4566762881437469	0.00016790597271941813	-1	
2.2163367752908854	4.3137328461238358	0.00019057034333097098	-1	
2.3878447720470235	4.3140125459056122	0.00016725412337596668	-1	
2.657400359758241	4.4311990836334516	0.00013863442957837662	-1	
2.7712598111994562	4.660805490965739	0.00013640739713644906	-1	
2.9663554134086678	4.694197784672407	0.0001181191325313432	-1	
3.0810334532092463	4.8342115767013363	0.00011368162616185564	-1	
2.7681700257692583	4.5308705220177403	0.00013079685480619073	-1	
0.070417300199852706	6.3180404445839935	0.00038234468212045778	-1	
0.072951903051073463	6.1673240190951368	0.00038552859999994654	-1	
0.002886680152869997	5.3820961350126684	0.00041351273286715785	-1	
-0.13590600914208953	5.4309826941997654	0.00042173897706739358	-1	
-0.02687750072139071	6.1885481117312855	0.00039172054567208821	-1	
-0.11477881340900575	6.1721569206785043	0.00039790812978128076	-1	
-0.19221619579712679	6.1274493852374778	0.00040407317675501315	-1	
-0.25425511398032946	6.0464089965633647	0.00041022078289644048	-1	
-0.26189945371875534	5.8427550405189672	0.00041654447923511825	-1	
-0.31648053237750912	5.9703472492181815	0.00041633031553742748	-1	
-0.24540205283995273	5.7227915001794427	0.00041921688357515638	-1	
-0.28605973244332944	5.4966836273901682	0.00042965695921993508	-1	
-0.35354149125841333	5.6683004265518413	0.0004281160817202099	-1	
0.15495273553819811	4.9873939446210018	0.00041777384252053112	-1	
0.012733635289622043	5.0172951679041118	0.00042773503940963728	-1	
-0.12607386885809396	5.2756101178831871	0.00042701251865987248	-1	
-0.084053142155526117	5.1257049245735384	0.00043024937301347743	-1	
3.4286093315370527	5.5242607659207161	0.00011211387987040595	-1	
3.5540228987967843	5.6196338514840409	0.00010626079908430054	-1	
3.4097351915839429	5.2927467981935239	0.00010534346901331349	-1	
3.2370202160767327	4.9259887229903017	0.00010412679435087376	-1	
3.2874303066955108	5.0529349276407558	0.00010542010971786223	-1	
3.3921628729683775	5.1406139198409866	0.00010074677152956013	-1	
3.257752461906863	6.369857291326543	0.0001458673253061521	-1	
3.3438936802389336	6.3446986378395467	0.00013956827636932742	-1	
3.429582699800148	6.3180404445840033	0.00013327042084626214	-1	
3.4434336155141958	6.2169240557062562	0.00013013349071670799	-1	
3.5096288377517246	6.1392415961756912	0.00012389356542844823	-1	
3.5932814655121361	5.9874452489524321	0.00011442115460188177	-1	
3.6125126940454204	6.0788138573963248	0.00011553791352000612	-1	
3.6031093840873742	5.7529237174356052	0.00010704664299688794	-1	
3.6827796914261146	5.8746342598727965	0.00010528108394734166	-1	
0.09186336278930507	4.8398544184114725	0.00042993538268544621	-1	
0.16083094003097193	4.6923467885975381	0.0004318062588139507	-1	
0.3504260138699552	4.4864131765079547	0.00042643411782131261	-1	
0.17739485457916412	4.5238738555724778	0.00044000806869976677	-1	
0.59782159135089585	4.2543693851640052	0.00041513610661043373	-1	
0.44389863664517143	4.2578764772511537	0.00043152170487247314	-1	
0.31568299012918666	4.3431133452645687	0.00043879112489347984	-1	
0.77073108671358725	4.2359797519323914	0.00039607502299765285	-1	
1.272655745018519	4.0791790257708085	0.00033429373916066388	-1	
1.1792564882202283	3.9907741365875715	0.0003528421981618389	-1	
1.0508022512022466	3.996967245185167	0.00037225157833453433	-1	
0.93189703207122121	4.0767744910212933	0.00038459507055551	-1	
0.80121369112752483	4.098227209574647	0.00040067210540508589	-1	
1.4505515863624217	4.0489550918967847	0.00030720482991197735	-1	
2.0201067572504829	4.0437831511438791	0.00021270849920601543	-1	
2.1083307421447088	4.1828042405245878	0.00020252581042647374	-1	
1.8835669401909545	3.9517656899717402	0.00023409279031331569	-1	
1.6758656945459285	3.836150091244181	0.00027128202751019759	-1	
1.5120054318632223	3.8883395550138937	0.0003005204303540596	-1	
2.5304828776464046	4.3545253168491422	0.00015046844475957486	-1	
2.3005603531137089	4.1663761635510417	0.00017317160985188163	-1	
2.5214865644028244	4.2065186273836774	0.00014421080973427716	-1	
2.8080749691819871	4.4071763894942082	0.00012001559250901761	-1	
2.7322756334670029	4.2747589115546507	0.00012126859290311933	-1	
2.8837199939264657	4.5903755452375528	0.00012138728529848417	-1	
3.1631416809633603	4.6729256389823215	9.83078744517416e-005	-1	
3.0871411998503908	4.5373917482005233	9.8138345692718891e-005	-1	
3.3226477625014388	4.8155246074393752	9.1525995548862697e-005	-1	
2.9457012523428947	4.4730469742951628	0.00010876057917143856	-1	
-0.014793418885058696	6.2898908319038087	0.00038860839358377319	-1	
-0.27058720215313092	5.3335169823620436	0.00043481178838339075	-1	
-0.099499881483179342	6.2602583744436986	0.00039480850289451587	-1	
-0.18367628518543211	6.2291520985372602	0.00040097061001195773	-1	
-0.26729698904381394	6.1965814794574685	0.00040709353498766699	-1	
-0.35033652138187787	6.1625564385304141	0.00041320811604272407	-1	
-0.35532185620332774	6.0606176411934269	0.00041625595157200005	-1	
-0.37329372007911138	5.8663584051409012	0.0004230224893241558	-1	
-0.41449471317650788	5.9774614931138945	0.00042230244784993313	-1	
-0.43681211926746905	5.3363215616963808	0.00044577511807751904	-1	
-0.44985328410602154	5.5025509672504507	0.00044019072835891601	-1	
-0.48235987036446903	5.8200335430118226	0.00043133436454579678	-1	
-0.47945426731043639	5.6919516707696189	0.00043533999153776029	-1	
-0.060057200553129859	4.8915102330086544	0.00043925877836707158	-1	
-0.35564101343257165	5.1906728788024203	0.00044655247283977961	-1	
-0.25054971082210542	5.0298415826803069	0.00044655185558881724	-1	
3.5499965534090787	5.3542280915786931	9.72160879802436e-005	-1	
3.765179748431164	5.5774179468632692	9.0301497796326148e-005	-1	
3.7006021480815523	5.4435501516702356	8.9891956130274872e-005	-1	
3.7422293466185508	5.7242652557027505	9.6731403821202246e-005	-1	
3.5159903736979103	5.1824606461558247	9.2965243497520746e-005	-1	
3.3839907081737732	4.94110900355372	9.2588379291747832e-005	-1	
3.4851684870639787	5.0487751797206455	8.9551681694525925e-005	-1	
3.5147934188850591	6.2898908319038176	0.00012705426028237286	-1	
3.5994998814831805	6.2602583744437075	0.00012083030993519281	-1	
3.6147788134090066	6.1721569206785132	0.00011773845260092816	-1	
3.6732580880613206	6.0183199960063414	0.00010996291469231687	-1	
3.6922161957971267	6.1274493852374867	0.00011159268111588801	-1	
3.7360629448061524	5.9680422537732323	0.00010446483035616845	-1	
3.778777434338648	5.8817750528634187	9.9199689852805058e-005	-1	
-0.0011400213155247987	4.7090929894921203	0.00044428701476940382	-1	
0.0082249471634963101	4.5176260677879432	0.00045470996542833762	-1	
0.097036965044520848	4.4062947209646337	0.00045447963203875687	-1	
0.5268007118530369	4.1281389668446504	0.00043187899148273122	-1	
0.66878776914599092	4.0995424741398452	0.00041735015195351637	-1	
0.29182478007739154	4.1681739790705592	0.00045356226641917949	-1	
0.41245012571729345	4.039245619038752	0.00045140162701785884	-1	
0.10229308381928393	4.2639760063800196	0.0004639004032258074	-1	
1.3650192586751499	3.9241648396739297	0.00032530252260079735	-1	
1.2237197505925872	3.8701015883374401	0.00035176703659347571	-1	
1.0835663881962596	3.8088834485020739	0.00037896695915714407	-1	
0.95485566876796224	3.8908558297702709	0.00039364760248001478	-1	
0.83597810274398632	3.9704391412016689	0.00040505082421954955	-1	
2.1264766450191934	3.918101880545243	0.000191093589905697	-1	
2.2737048840290104	3.9753241056542929	0.00016908758092454374	-1	
1.9380611513379042	3.7126657993061078	0.00021955639490264185	-1	
1.7877621200991707	3.733637623067851	0.00024981616734035136	-1	
2.0642967611338952	3.7860095178791799	0.00019739129914160994	-1	
1.5409709460119565	3.6959507963429608	0.00029995042940564944	-1	
1.7133029525759349	3.6014050682451368	0.00026528356103961196	-1	
1.3562306991320878	3.735453031332348	0.00033461043371258424	-1	
2.425418449164463	4.0192960462784395	0.0001477599360624087	-1	
2.5976490322057524	4.0103537575947001	0.0001222619840819376	-1	
2.704968971406343	4.1034866713634521	0.0001140320356325	-1	
2.9309656189475035	4.3271251875952466	0.00010165635138720289	-1	
2.8827949424196788	4.1885975995554965	9.8122005499095571e-005	-1	
3.3200627446396833	4.6757830058533836	8.4550526848562019e-005	-1	
3.2417217734847883	4.5397863992440559	8.3732758515194682e-005	-1	
3.10601094930961	4.3831534869447584	8.7001483026614829e-005	-1	
3.4319179192650542	4.74360855696826	7.8893420201655011e-005	-1	
-0.43276958755365141	6.1270873401131709	0.00041923521988013364	-1	
-0.53548186946892851	5.8968197134529783	0.00043220633174381675	-1	
-0.51457107764863208	6.0901849884367145	0.00042526256177678165	-1	
-0.51599576281728921	5.9881343037846086	0.00042826248004183294	-1	
-0.51073233756753456	5.1996822931966769	0.00045622635459634578	-1	
-0.59524245293901545	5.388303449156612	0.00045366068415669483	-1	
-0.6160241511670822	5.5981338508667093	0.00044703672208186673	-1	
-0.5871810839507674	5.7612938765516413	0.00043965758637705686	-1	
-0.20227979250485023	4.8959860140149454	0.00044957725152185195	-1	
-0.2302716651422447	4.7141483823095509	0.00046131032487369824	-1	
-0.44163121545198658	5.0498102152089581	0.00045855399641288531	-1	
-0.34034697605625031	4.8615658004295268	0.00046102343159745604	-1	
3.6502517349061736	5.2106684379547348	8.4311812775526596e-005	-1	
3.8308407387831491	5.3660925942777515	7.8115621806493102e-005	-1	
3.894397235155675	5.6508597209524014	8.4390989281543549e-005	-1	
3.947399327941429	5.4629216136809218	7.4210750504751576e-005	-1	
3.7830969783296204	5.2389403505667804	7.6189574164204772e-005	-1	
3.8972526479388558	5.8197836252752335	8.9728580638550429e-005	-1	
3.6120491473235705	5.0845091038443302	8.1640043014184307e-005	-1	
3.5382584253826757	4.8237343740228917	7.465968025972132e-005	-1	
3.6901977457369322	4.9418878143878038	6.9239019299505413e-005	-1	
3.6836762851854328	6.229152098537269	0.00011468561604000823	-1	
3.7542551139803289	6.0464089965633727	0.00010546797852931061	-1	
3.7672969890438148	6.1965814794574765	0.00010858065852693495	-1	
3.8164805323775082	5.9703472492181886	9.9375847840855333e-005	-1	
-0.14166154931699654	4.5787051644867995	0.00046266337731576445	-1	
-0.16712105294969917	4.4444436462184829	0.00047305210912888877	-1	
-0.044217723312487356	4.3847015908719857	0.00046755916311749557	-1	
0.61886712341518391	3.9367066675801472	0.00043625137612435911	-1	
0.15605631861586403	4.1349567212839542	0.00046901395835438002	-1	
0.19694791073692519	4.0094363787344083	0.00047562580017328036	-1	
0.39383781051436101	3.8095157880902488	0.00047417419564387036	-1	
0.24114976681671751	3.8850431529580338	0.00048259209656231392	-1	
0.53621161580446053	3.8202836683895374	0.00045667882079585557	-1	
-0.038288768858906641	4.2426324027342819	0.0004771472243004257	-1	
1.164001297244369	3.6788032769065491	0.00037381784212985985	-1	
1.0140719221199337	3.6726441560029377	0.00040099727410270071	-1	
0.89331060431169285	3.7617141083815375	0.00041315880206150858	-1	
0.75954069965485416	3.7679287008022526	0.00043243773496027117	-1	
2.3072064659621332	3.7523457084526841	0.00015137647799693868	-1	
2.3943736044928565	3.8733947315270041	0.00014390979990261946	-1	
2.0882109008709491	3.6419857554115636	0.00018691588357083871	-1	
1.9364519676697498	3.5748303975954925	0.00021652781541840112	-1	
2.2222413593513566	3.6484836957269975	0.00016064959857328416	-1	
1.4920352978135774	3.5076485451396167	0.00031634526850169369	-1	
1.3594749629118945	3.5830051971563686	0.00034156868341755773	-1	
1.5845336823339708	3.3985057441698165	0.00029819054050094569	-1	
1.8312494749091024	3.4857595103553263	0.0002384274076822168	-1	
1.7226715138327533	3.3612761638440896	0.00026450522323151211	-1	
2.5458848310407247	3.8780216887118217	0.0001206158596876806	-1	
2.6947469107707369	3.9066073795603047	0.00010122407593805548	-1	
2.8313708559945674	3.9521971818504924	8.6738798582536709e-005	-1	
3.0496736667768056	4.2082073563605222	8.1072831501005215e-005	-1	
2.974842426793717	3.9648637067806889	7.0370650097032771e-005	-1	
3.442818446437482	4.5779902533260408	6.8557977084505144e-005	-1	
3.3157515079141344	4.4040643062780243	6.8649285614304383e-005	-1	
3.1937817191768643	4.2583448639017432	7.0042086871324375e-005	-1	
3.5458722219035277	4.6793722558240596	6.629383330638754e-005	-1	
-0.60170219690486149	5.9626447162570066	0.00043419709839048585	-1	
-0.65009921839896401	5.8636615647697328	0.00044013103785985774	-1	
-0.59571607414050742	6.0518606243148456	0.00043121709518458262	-1	
-0.66510531684834451	5.217102730551411	0.00046497791078379115	-1	
-0.60654076215183439	5.0433723393764094	0.00046928964867105335	-1	
-0.76948820309725652	5.3264251463652252	0.00046657557633963433	-1	
-0.79323943128428698	5.4757002504537144	0.00046206152151642525	-1	
-0.75324530202139461	5.6909965035650387	0.00045190254158977445	-1	
-0.7054586322082208	5.7824659527786793	0.00044601398327306018	-1	
-0.3885297841083456	4.67930454561023	0.00047420470375150508	-1	
-0.29970044123449135	4.5437719922541575	0.00047624862389168102	-1	
-0.51942602480821132	4.927223869497511	0.00046948999333159007	-1	
-0.51376238413004327	4.7821467600283523	0.00047662538451706169	-1	
3.7424914047586357	5.1034941705134615	7.3138544338897677e-005	-1	
3.9629327880930685	5.2918399565181824	6.6499616807501303e-005	-1	
4.0535931316373972	5.8203637800178001	8.0037249128096211e-005	-1	
4.060837907347028	5.6218607300333643	7.2970426860196103e-005	-1	
4.1174410172093001	5.3669227703785971	5.9943293750181316e-005	-1	
3.8784790073545099	5.1422479088659259	6.5601402111538292e-005	-1	
4.0255576700946021	5.9091172959276399	8.450808813535112e-005	-1	
3.9144947131765067	5.9774614931139007	9.3405356315271468e-005	-1	
3.6718435106739959	4.7502921082902176	6.0750159027335577e-005	-1	
3.8169421658778937	4.7970373932530705	5.2914288178594637e-005	-1	
3.8564600142908549	4.9529895388762668	5.8254521029747648e-005	-1	
3.8503365213818785	6.1625564385304212	0.00010248262065681143	-1	
3.8553218562033287	6.0606176411934332	9.944334686539901e-005	-1	
-0.32393139091019818	4.3732845893776524	0.00048892880944149399	-1	
-0.16466309908695154	4.3078116584713024	0.00048221183441455792	-1	
0.63543714099238635	3.7176165225730529	0.00045422969127905169	-1	
0.066228186692744495	4.0278709236369519	0.00048566859895306312	-1	
0.07187195983386413	3.8659893975496944	0.00049989134182005558	-1	
0.39665752002741245	3.66551996541962	0.00048916102654035694	-1	
0.16433983381876244	3.7329962663574379	0.00050523036450539544	-1	
0.51241732419518704	3.5798320698487314	0.000485328392496765	-1	
-0.16368886586998477	4.1545990269935649	0.00049359600382563871	-1	
-0.08736271532585782	4.0045459595318169	0.00050016537209237862	-1	
1.237001735422733	3.4921692134230029	0.00037339306045782778	-1	
1.0524659467953896	3.5275833026870642	0.00040719295947058096	-1	
0.87267472743618846	3.6073366615976696	0.00043079665658160983	-1	
0.74139920604342013	3.6352490310694647	0.00044820667927735175	-1	
2.4716992649423108	3.7458340860953614	0.00012229005333123005	-1	
2.3596039202035071	3.5358644151183083	0.00012553763475546127	-1	
2.0395463224593726	3.4833277121304427	0.00019008223968163909	-1	
2.2215406848906634	3.5142976454679955	0.0001518771402187994	-1	
1.4497163321421092	3.3506268946675477	0.0003341581041119062	-1	
1.6230383797623222	3.2664844959329087	0.00029219984402547509	-1	
1.8949664026112629	3.3333605920050591	0.00021941236444652739	-1	
1.7743649446488079	3.2071857284718286	0.00025010540315291869	-1	
2.6340803221509517	3.7187661271427253	9.403791933944586e-005	-1	
2.8091856034674216	3.8098864406828294	7.7223575653812056e-005	-1	
2.9583156300523874	3.7953471981222981	5.6842028593094739e-005	-1	
3.1649077579816898	4.0859201721211322	5.975268348245586e-005	-1	
3.1195262731496896	3.865194055055754	4.5322920594843694e-005	-1	
3.4572388872493973	4.4340756583384406	5.8416308691641934e-005	-1	
3.6806828191261554	4.4789183007203688	4.3920638655556465e-005	-1	
3.3297564408357014	4.1891222122710392	5.2244930478004945e-005	-1	
3.4714224161375915	4.2551925149435696	4.4839927784166302e-005	-1	
3.7661749413017289	4.630541022266069	4.7100615360710751e-005	-1	
-0.67617985947727721	6.0121259217201324	0.00043711148910282189	-1	
-0.75593792361045775	5.9709929842279044	0.00044300226749404163	-1	
-0.75201973613109041	5.8690075942317392	0.00044594042352366409	-1	
-0.80206347924017463	5.1908272453829563	0.00047415730177017841	-1	
-0.66624420548441865	4.907849486086401	0.00047947889961182501	-1	
-0.78406301819648228	4.9975694519844769	0.00048190988287097547	-1	
-0.91750652002043864	5.3570479384693126	0.00047371934734462945	-1	
-0.95512301302386415	5.5208444291576333	0.00046946803371410839	-1	
-0.90077721274985811	5.6048510013812596	0.00046338451369303712	-1	
-0.85621189102599227	5.697932460603429	0.00045757138161432455	-1	
-0.80371988666880667	5.7810106261011791	0.00045176860456799757	-1	
-0.53438707570626609	4.5483238402424959	0.00049127579330038361	-1	
-0.68891518040429722	4.7250145320692916	0.00049036497813029049	-1	
4.1041407874264992	5.1134838157079843	4.993872313283481e-005	-1	
4.1415895758794212	5.7455855371093278	7.2289459209118592e-005	-1	
4.1740421592337196	5.9100876827924598	7.5650753549291876e-005	-1	
4.1975984090254563	5.6777644422304494	6.6663536896040249e-005	-1	
4.2142758766378519	5.5309634819788638	6.0405592012621361e-005	-1	
4.2903481418490355	5.4468569389905763	5.2787328448795405e-005	-1	
4.2294169319967736	5.2832687390608388	4.9773750105209635e-005	-1	
3.9988001007710423	5.027969748588438	5.2563447982636492e-005	-1	
4.1017021969048626	5.9626447162570129	8.1551448474375765e-005	-1	
4.0226138407000089	6.0021469017462792	8.7467833037006246e-005	-1	
3.9327695875536519	6.127087340113178	9.6469444138242054e-005	-1	
4.0145710776486325	6.0901849884367207	9.0454969122767724e-005	-1	
3.927434788191416	4.6960666998598404	3.9963766351230355e-005	-1	
4.005518157323074	4.8924552340280663	4.5487585455719684e-005	-1	
-0.38503152679647346	4.2500304982971189	0.00050166695724623595	-1	
-0.56235441816621967	4.390944226861528	0.00050298379205762969	-1	
-0.31515787176990084	4.1315295704246449	0.00050597941058995205	-1	
0.68482531893833676	3.5135454642183053	0.00047038171398761238	-1	
-0.069541087639769489	3.850219653543459	0.00051281216548726785	-1	
-0.0053420208232522748	3.7235973968800979	0.00052055004138155361	-1	
0.19277382919499028	3.5868201603334513	0.00051895772454027588	-1	
0.33288836504823865	3.5363834385127406	0.00051107429868277505	-1	
0.053405360120660494	3.5343570695622382	0.00053712905788826397	-1	
0.58841655847675389	3.4255294975662411	0.00049518208168651133	-1	
0.45915574404131726	3.4072784337363209	0.00051414828783530623	-1	
-0.3047937755155774	3.9934377687790668	0.00051660888678406903	-1	
-0.20242980824080781	3.9001726714668337	0.0005177668378947021	-1	
1.1925358957319954	3.3369172925408823	0.00039667084878394521	-1	
1.0310908300249539	3.3408998288984919	0.00043128272097654323	-1	
0.88560265772117908	3.452123569016941	0.00044566660910109763	-1	
2.491368088159597	3.5823916817588346	0.00010512591933178086	-1	
2.2959669366456614	3.3453544071380574	0.00012168882601180651	-1	
2.4623980267958938	3.4412073807887227	9.5936400698613705e-005	-1	
2.1048420961473853	3.2855147897000037	0.00016270587334043293	-1	
1.3256534120898755	3.2454837282676894	0.00037287524663624034	-1	
1.5041403511815001	3.197379644368969	0.0003277340380870127	-1	
1.6342228978888182	3.1104038768908846	0.00029305445750076861	-1	
1.9442064676848407	3.165908438116706	0.00019960334212012676	-1	
1.8138124728506395	3.0495152950307025	0.00023631587674239363	-1	
2.63354829764807	3.5764633732630644	8.007464835350922e-005	-1	
2.8483726745783611	3.6652644234751692	5.7646163896082927e-005	-1	
3.041062553107674	3.6464783684663149	3.117018532744122e-005	-1	
3.3057996836274182	3.9100538501372037	3.0898743432589755e-005	-1	
3.4023330083509791	4.0086827731854955	3.0992608613078219e-005	-1	
3.234396463678729	3.7322568736535944	1.986084491873609e-005	-1	
3.5822222314400776	4.3612847012175937	4.3510523919002978e-005	-1	
3.810219278327331	4.3847489573110643	2.8575369924338198e-005	-1	
3.5037702980112937	4.1022606739432055	3.0281829636495872e-005	-1	
3.6219700270187638	4.2131217375387369	2.9775055227638491e-005	-1	
3.9433397986219836	4.5472354828614163	3.0124536841262872e-005	-1	
-0.83496597146107987	5.9284743413293848	0.00044880302200761226	-1	
-0.94151834190235029	5.1913570061386594	0.00048191019740277354	-1	
-0.86902613799609252	4.7637783872648587	0.0004983940538261473	-1	
-1.028540664024794	5.0483284492029652	0.00049297135866653791	-1	
-0.95666111967322109	4.9050120648815065	0.00049588652020411358	-1	
-1.0415508013080268	5.4704380049986678	0.00047603903154553294	-1	
-1.1034669563976061	5.3149100193182583	0.00048541007292535394	-1	
-1.003923138700288	5.6081892510885911	0.0004689269070590148	-1	
-0.95436249721670929	5.6930487521455886	0.00046322356337609926	-1	
-0.90576489091291179	5.7827964241339718	0.00045748814001636171	-1	
-0.91323993032020689	5.8845829446150884	0.00045459670487005125	-1	
-0.68458122290527879	4.5487087848678449	0.00050017567463457092	-1	
-0.80054347497525491	4.6441613182551915	0.00050115054110046924	-1	
4.2245311165663031	5.1501932330272977	4.4341843187561399e-005	-1	
4.206162286799807	5.0256781786630835	3.9727073156952936e-005	-1	
4.1076419778152671	4.9469588743686188	4.1855048984172999e-005	-1	
4.2272701944411555	5.8230064090664211	6.9769777258570103e-005	-1	
4.2570291430943614	5.7426079318726746	6.5391876903610704e-005	-1	
4.1761798594772781	6.0121259217201386	7.8623028910027146e-005	-1	
4.2559379236104586	5.9709929842279097	7.2771253322752896e-005	-1	
4.2839884168492084	5.6612279114829693	6.1041703028521548e-005	-1	
4.3283230485240596	5.5537157550556282	5.4645546447945198e-005	-1	
4.3574527006103638	5.3198720647844793	4.3921425887406418e-005	-1	
4.4033886595930509	5.4559531720552235	4.676575601074188e-005	-1	
4.3342463373603053	5.2011483562704983	4.0253161061446517e-005	-1	
4.0957160741405083	6.0518606243148518	8.4519475728559175e-005	-1	
4.0770931566709123	4.6936023025534404	3.0385393961683027e-005	-1	
4.1113755372300727	4.8312610694785079	3.5734763670328438e-005	-1	
-0.52191199699385493	4.2362997134705509	0.00051111330204453727	-1	
-0.4428123022847148	4.1369022911971518	0.0005136882122997302	-1	
-0.72196585838556293	4.3995873225640043	0.00051151207887926715	-1	
-0.65515374195665954	4.1900494575185059	0.00052192756339935933	-1	
0.70954767382765283	3.3768600782838676	0.00048434180294639834	-1	
-0.17276425618115465	3.7527532822202661	0.00052987848873607885	-1	
-0.1303570515009933	3.6084821822173554	0.00054207385762788853	-1	
0.16774121549979185	3.4419713557099096	0.00053954239104541757	-1	
0.2287469383928597	3.3082323945819865	0.00055255157653035392	-1	
-0.083837925270825564	3.3914324850216797	0.00056485070731409313	-1	
0.057017488292473772	3.2918351681000191	0.0005685528847087281	-1	
0.59889672837924746	3.2928930738672908	0.00051324784112426723	-1	
0.37513548375917349	3.2522939848352168	0.0005466676092131061	-1	
-0.33690798436635783	3.8587327660405681	0.00053030619298369557	-1	
-0.47611565231924435	3.8792965886159343	0.00053662859566956742	-1	
-0.52998434229668101	4.0445029151287617	0.00052602604984080831	-1	
1.1628540498617017	3.1579168511272306	0.00042409143625960432	-1	
1.0319486333965513	3.2025856998908098	0.00044928823894366943	-1	
0.90160732417562162	3.1562966383281479	0.00048441213898091161	-1	
0.81288936743479256	3.284045295400281	0.00048127685505307179	-1	
2.2365224507384247	3.1816967378978753	0.00011921440631156371	-1	
2.4322176889101863	3.3002768358350467	8.6117628070883254e-005	-1	
2.5688827350377847	3.3440823160192465	6.4435554173500738e-005	-1	
2.0993035884561309	3.0853178631422313	0.00014886396266123214	-1	
1.3013682742933697	3.0622302906567209	0.00039732383379869794	-1	
1.4350996466064343	2.9599657890745616	0.00036512165650818678	-1	
1.5822691182380544	2.9627994803904305	0.00031545010344508111	-1	
1.976741002338106	3.038983345746848	0.00018309746242740487	-1	
1.8180688016081574	2.8959424288324316	0.00023276427479438245	-1	
1.6725869048388877	2.8465687589337945	0.00028624135726255809	-1	
2.706882031635482	3.4545104304069341	5.4051564535101908e-005	-1	
2.851738480924074	3.4114425982074468	2.6608535936570269e-005	-1	
2.9954019938858081	3.4583363516758503	1.3694815279112424e-005	-1	
3.1656813471399192	3.498314738231409	-2.9210871542418048e-007	-1	
3.4757198795661917	3.821525257705817	7.4285393798794192e-006	-1	
3.5306223921345472	3.9578086024081491	1.5759119464879896e-005	-1	
3.3278981708287301	3.6109199921666444	-2.474234941183768e-006	-1	
3.7834405982865067	4.2268551265392809	1.9212700143597275e-005	-1	
3.9630729196894832	4.4131676311338799	2.0396374830944355e-005	-1	
3.9323703071579525	4.2811792433202545	1.3391152655186216e-005	-1	
3.6320280637401567	4.0513806257078766	1.6132522014878851e-005	-1	
4.0707615586074377	4.4954278401167151	1.9098920955043173e-005	-1	
-1.1075643673566369	5.1699380874562424	0.00049165857552587854	-1	
-0.9908442540283825	4.6146233519155535	0.00051268374638041992	-1	
-1.095053536406549	4.8240565591893381	0.00050695382220458066	-1	
-1.1103752848213739	4.9505994572611129	0.00050161597865134439	-1	
-1.1822254154045266	5.4459043599077059	0.00048432670272313038	-1	
-1.1018435152264341	5.5998831108968883	0.00047445460535422597	-1	
-1.242719122579748	5.3779278449328425	0.00049000802019756194	-1	
-1.241700964450708	5.2250835598397023	0.00049608017841897098	-1	
-1.0564076618539493	5.6912721430293463	0.0004688324814965131	-1	
-0.99073595718171326	5.8393321638296394	0.00046029955500045971	-1	
-1.0674304460050963	5.7927357827992196	0.00046599101983443939	-1	
-0.8295442594106871	4.5094131352061471	0.00051042107427988806	-1	
4.3291926719682472	5.0802834948561424	3.5186528466682237e-005	-1	
4.2130673240981986	4.8991528299451561	3.3186726124462835e-005	-1	
4.3239369365447766	4.9605064968627159	2.9874316223470554e-005	-1	
4.3349659714610809	5.9284743413293892	6.6937166974465273e-005	-1	
4.3292684902637664	5.8265728660024845	6.4031568972717191e-005	-1	
4.3423373459160466	5.7341214313364244	6.0223765819703025e-005	-1	
4.4054732937764536	5.6407345059251801	5.3456871229870207e-005	-1	
4.4714047306399198	5.5587451108413912	4.6873937732114266e-005	-1	
4.488615117580296	5.2613519788455774	3.4337636523316186e-005	-1	
4.5266425398048185	5.4550314276138039	4.001629922224616e-005	-1	
4.4504824764377879	5.1342097141412602	3.0921508246060537e-005	-1	
4.2518090792961827	4.6381026474210643	1.7054881677355236e-005	-1	
4.2012305380309991	4.5389959726533267	1.4132919166818428e-005	-1	
4.2218055758335611	4.7787661437263438	2.6476484829964972e-005	-1	
-0.7793182397087558	4.2569495791501772	0.00052378437290953941	-1	
-0.97567724119921206	4.2971945794024498	0.00053073029138447165	-1	
-0.72082841755836902	4.0652324484172908	0.00053444509053972658	-1	
-0.39077471986353618	3.7287326874918634	0.00054570644145309128	-1	
-0.27333359231451793	3.6409573523545973	0.00054766853135547943	-1	
-0.24286428859282341	3.4975399565158796	0.0005616321003034724	-1	
0.26358135786819636	3.1422286001942545	0.00057544229201391946	-1	
0.10154150069051905	3.0920909774230658	0.00059594671296033322	-1	
-0.26840791922081653	3.3416118359731914	0.00058142195784357501	-1	
-0.089226012843227287	3.2003326465847404	0.00059091241091148981	-1	
0.74711955504645844	3.1382931825072387	0.00051679093260600386	-1	
0.61506887214382178	3.0481157807963331	0.00055435566263170415	-1	
0.46621464226774806	3.1247663455375614	0.00055822861433705759	-1	
-0.55187492805529581	3.7236910128351881	0.00055445684971008901	-1	
-0.64726699783053843	3.8536104054860445	0.00054761027907517001	-1	
1.1007024565685033	3.0189170699138757	0.0004610528261978773	-1	
0.94882476381780168	3.0081038293742779	0.00050191012047424034	-1	
0.76790339294818244	2.9797454650324746	0.00054469623891031656	-1	
2.3752443414209767	3.0874940802354227	7.0355011217233752e-005	-1	
2.2961489631844234	2.9477153867259211	7.1632103994106642e-005	-1	
2.5077505407433409	3.1782479735885376	5.2684382296543569e-005	-1	
2.7346567304513365	3.2827866656571927	2.5480922433103747e-005	-1	
2.0689533065197856	2.9458953982149216	0.00014557176441526022	-1	
1.303735444669786	2.8938957881654255	0.00041836709513735188	-1	
1.1575887059543104	2.8776806923156824	0.00046962145862487856	-1	
1.5132516803669955	2.8327861100913787	0.00034733935167387427	-1	
1.9643165167583485	2.8488855761944514	0.00017634456909918977	-1	
1.7656550365769161	2.716507242637026	0.00025047803663657924	-1	
1.5940328653473173	2.7072599722540649	0.00032195165894980483	-1	
2.9464466713587045	3.2936776300061199	-3.9582119520553127e-006	-1	
3.1050975700410621	3.2278064635300137	-3.2938869337974887e-005	-1	
3.2166799499132082	3.3310052284855605	-2.8669782033813093e-005	-1	
3.3358680797217097	3.4579438874928075	-2.194255249637812e-005	-1	
3.6252513374232258	3.6917487902957991	-1.7121468880239879e-005	-1	
3.4737920444133272	3.5642275334669273	-2.0029935122904598e-005	-1	
3.644422441246689	3.8648732229682006	-1.3177456156954603e-006	-1	
3.7585916639856989	3.9964216512717017	2.5664274944480145e-006	-1	
3.9241221500285541	4.0667372318877169	-2.2064079019850357e-006	-1	
4.0855276823224935	4.3220936207599099	6.9460573571144668e-006	-1	
4.0446354469169599	4.1692520069411803	-1.5023867469347396e-006	-1	
4.1795484123088142	4.4112509001253564	7.5170817982821304e-006	-1	
-1.2491220864068082	5.0163217440382954	0.0005054315515904481	-1	
-0.97928152781785882	4.4560990961163549	0.00052116729949858935	-1	
-1.1165794904197224	4.6470502518887304	0.00051706320702785049	-1	
-1.1645677045308718	4.5298964726967661	0.0005256114115518083	-1	
-1.1986139038223584	4.7477041565817029	0.00051574944013306034	-1	
-1.2184595817091117	4.8830298946372945	0.00051009944739486581	-1	
-1.2037645139425512	5.5945462591561546	0.00047994991112704471	-1	
-1.2736200789298475	5.463516547999185	0.00048829356546125713	-1	
-1.2183216132729915	5.6955634003990001	0.00047717044380911442	-1	
-1.1433000349061038	5.7448079952328799	0.00047158807803577527	-1	
-1.3294079488835631	5.3502630190704554	0.00049534808417846146	-1	
-1.3889210814481292	5.2630024455075581	0.00050164499291580457	-1	
-1.4217282486959577	5.1339809193184225	0.00050847830842211167	-1	
4.4318912692102632	5.0126602509165545	2.6425146065614402e-005	-1	
4.3254537145480825	4.8406238401201849	2.3848968981163827e-005	-1	
4.4188945250280041	4.9017569945452353	2.1831953640730008e-005	-1	
4.4132399303202074	5.8845829446150928	6.1186625886024493e-005	-1	
4.4129880840423743	5.7951667912098666	5.8316029211315613e-005	-1	
4.4814856365338551	5.7376916033544827	5.2616568714799191e-005	-1	
4.5285095283384802	5.6471094551941521	4.6953434937586085e-005	-1	
4.5765816189937967	5.5613979261917255	4.1329807149989048e-005	-1	
4.6299815257051833	5.3990957713375582	3.2426877025864554e-005	-1	
4.6338752977044972	5.2536855495239738	2.642390145619374e-005	-1	
4.5501079120790324	5.0464941147991915	2.1793877832414712e-005	-1	
4.3272006922613597	4.7199343436917696	1.7411444741675565e-005	-1	
4.3574190211093038	4.6030760573749117	9.3796698442066604e-006	-1	
4.3023514576525184	4.4525828512687644	3.4305968945197489e-006	-1	
-0.95064463963173707	4.1529121714495565	0.00053895672037613846	-1	
-1.0903269727976617	4.1968768184655927	0.00054202135092173509	-1	
-1.1698236673132474	4.4034043720431395	0.00053294782949375318	-1	
-0.81460930112803931	3.9310675214012809	0.00054895281929204503	-1	
-0.95975086724748315	4.0067577291478216	0.00054943830361822363	-1	
-0.44493415309971251	3.6030992792268215	0.00056087596831682946	-1	
-0.39913490309829597	3.4741829258031278	0.00057230503958026924	-1	
0.27814995954651972	2.9732361377101353	0.00060459097244928961	-1	
-0.11078302858241973	3.0488043649716019	0.00061448046272632301	-1	
0.16230407596867058	2.8880690910769067	0.00062782188852392173	-1	
-0.025808062972719967	2.9215063670461014	0.00063147464485093635	-1	
-0.3085453064903233	3.2030804815310843	0.00060082465740393404	-1	
-0.42390179562984065	3.2896531471582411	0.00059431031084254942	-1	
-0.26283530039346348	3.0662866901404935	0.00061764820180333787	-1	
0.61387511466162403	2.8806897799176703	0.00059179029857249303	-1	
0.39760006365778855	2.8932025997278235	0.00061093798256937058	-1	
-0.71067470490603646	3.7070738506994743	0.00056294524394012138	-1	
-0.57010902680307707	3.547888333988567	0.00057186644055313453	-1	
-0.85620886757487324	3.7727496202158655	0.00056306326010467308	-1	
0.91169449872741082	2.8663397457575126	0.00054314108506948588	-1	
0.80057242759326896	2.7708012859821816	0.00059333306860241664	-1	
2.4389271568238557	2.940053715884376	2.7910388002996704e-005	-1	
2.6132826593074499	3.0828590844594728	1.4007087145683573e-005	-1	
2.3560723994872488	2.8178943731700077	2.7854176799892385e-005	-1	
2.1830586422819973	2.8602231407997265	9.6342478511992746e-005	-1	
2.7529623342290206	3.1097970990802741	-7.0283029486819846e-006	-1	
1.2920687154142299	2.7473158236441328	0.00044341009680257289	-1	
1.4382757038988496	2.7037085594490406	0.00038826941164100839	-1	
1.1223943721691754	2.7207057715194929	0.00051598920162515788	-1	
0.96171604875515815	2.7285952122100596	0.00056805611514943648	-1	
2.0056928102840383	2.7105174356185242	0.00015042009799881898	-1	
1.6720162990975487	2.5723841407054917	0.00029177350728239025	-1	
1.9060574808306086	2.6173768471234098	0.0001885107425959149	-1	
1.5159948499509908	2.5724157138357011	0.00036288963321243748	-1	
2.9907312400590524	3.1277017425987417	-3.7841274700668976e-005	-1	
3.2199817431156355	3.1282964672318863	-6.0701661425315499e-005	-1	
3.351465659467963	3.1795636350339205	-6.3059580293902103e-005	-1	
3.4176375441066904	3.304213642804263	-4.9440181057918794e-005	-1	
3.5361715198268326	3.4490899038504463	-3.8581572784062783e-005	-1	
3.7140485068390676	3.7695394304901768	-1.5261960344397075e-005	-1	
3.7309946945111929	3.6527098635069084	-2.8132627161282469e-005	-1	
3.6582296810111679	3.4965206743993718	-4.0916914523305337e-005	-1	
3.8302514066224056	3.8189118351178259	-1.7794723365456831e-005	-1	
3.9771172501283019	3.8948764101383455	-1.9579612267142249e-005	-1	
4.0978576300360192	4.0202549161802645	-1.5741310716444965e-005	-1	
4.2406674861584079	4.1552711042588637	-1.2934014319702432e-005	-1	
4.3128958492609666	4.3199876638065771	-5.4714909156271604e-006	-1	
-1.3923958586700111	4.991575254134597	0.0005132119792114428	-1	
-1.2449764663259686	4.627683525516229	0.00052397968281721666	-1	
-1.3043878075223823	4.4945939096940544	0.00053356394868422571	-1	
-1.3262440995856597	4.7314261894888139	0.00052234690431428017	-1	
-1.4072560369416061	4.8353686473662219	0.00052097100918881807	-1	
-1.2924723288062383	5.6450169986782095	0.00048267597535956629	-1	
-1.2844283096158557	5.5559630505815667	0.0004854298063054257	-1	
-1.3568261304445628	5.5052289763821838	0.00049083956626515713	-1	
-1.4182471174046245	5.4399639130753075	0.00049622578386714815	-1	
-1.4555449946630739	5.3449626482531647	0.00050156968532337053	-1	
-1.4932131346147581	5.2462875332295225	0.00050716313018373861	-1	
-1.5525062190808412	5.1588804555593102	0.00051331202335053042	-1	
-1.5270454610474482	4.9367186486920431	0.00052153605935682291	-1	
4.5397003329365173	4.8594151736078315	1.3495618616187068e-005	-1	
4.4323049488808994	4.7792816411848245	1.4967804774433892e-005	-1	
4.4907359571817143	5.8393321638296438	5.5490578078822826e-005	-1	
4.5674304460050976	5.7927357827992241	4.9846385515212761e-005	-1	
4.6433000349061047	5.7448079952328834	4.4226791563193782e-005	-1	
4.6305081448985037	5.6435521829758732	4.1421022414259768e-005	-1	
4.6743421196377604	5.5513841048557806	3.5871666770796171e-005	-1	
4.7840475889749996	5.3725188721361663	2.3635390956721959e-005	-1	
4.7718499353876558	5.4647923295182279	2.7733651597010855e-005	-1	
4.7567126073715498	5.1757734874153423	1.7058299588575192e-005	-1	
4.6964054791768408	5.0424220334519791	1.4230363460324399e-005	-1	
4.6480060492186333	4.9116059357468256	1.0607339476727516e-005	-1	
4.4999581062151464	4.676310276469291	6.1107477571231765e-006	-1	
4.5113288038448545	4.5562201700320593	-1.0162744434238932e-006	-1	
4.4349692971151722	4.4628384150651952	-2.7013504028549027e-006	-1	
-1.1276434250216403	4.0491754423433761	0.00055314318770009134	-1	
-1.2416748979574703	4.1794981054867231	0.00054912590007775183	-1	
-1.2700214495102518	4.3120760937864331	0.00054237367087785692	-1	
-1.0744005988459329	3.906439968210965	0.00056097132708408709	-1	
-0.58137076470673399	3.3352774249271451	0.00059450521231020073	-1	
0.28085709306552376	2.8294781257516033	0.00063215837258409396	-1	
-0.24671137054630787	2.8476053202570175	0.00065036372281451836	-1	
0.089112949177441711	2.7779292797480872	0.00065202520644275892	-1	
0.18710927750601991	2.7581752072439518	0.0006511078263016231	-1	
-0.012854902153357203	2.7380576421789415	0.00066367095471572954	-1	
-0.39799335033215244	3.0971572265919525	0.00061752034518803255	-1	
-0.52230918117405811	3.1585271107870252	0.00061303636653379666	-1	
-0.35902912568230222	2.956440021116796	0.00063604168514630379	-1	
0.47494160839292016	2.7849990174200459	0.00062925516084352524	-1	
0.65815111748918442	2.6844022713312006	0.00064213280052221721	-1	
0.55394855286577638	2.7229937166097322	0.00063987785902581626	-1	
0.37723232369615534	2.761768643175083	0.00064081307332983521	-1	
-0.70601948999982245	3.5695298937621875	0.00057513984585916104	-1	
-0.83106278165276992	3.5120478415338172	0.00058444551502031606	-1	
-0.65592023496508689	3.4465723699909456	0.00058529005699930255	-1	
-0.98026640559653067	3.6983329412386734	0.00057336843552944659	-1	
0.84197633402643768	2.6094496952354596	0.00064327082666777854	-1	
2.5865016589582916	2.9431492199609179	-8.8208374262092844e-006	-1	
2.4905169831740599	2.8017558285437869	-1.8441648209024964e-005	-1	
2.8199071952137067	2.9748119373409647	-4.5864395394078264e-005	-1	
2.2751910440856711	2.7077859232666883	3.5853490524964889e-005	-1	
2.4011663303613293	2.7000097743337523	-1.7136122774954571e-005	-1	
2.1401036614114171	2.6873637922826838	9.1001688328620466e-005	-1	
1.3599734638732384	2.5727626309926972	0.00043802555263151421	-1	
1.2039538641599223	2.582041370335336	0.00051505852450417673	-1	
1.0479220691064142	2.5303434087157286	0.00060924926584467523	-1	
0.93091241077358755	2.5625097240253285	0.00064057864200906141	-1	
2.0447680882754442	2.5798442143740625	0.00012356837841720212	-1	
1.75	2.4372499999999997	0.00025657319604013303	-1	
1.5939785507796738	2.4372812042898437	0.00032996523747380455	-1	
1.9060214492203265	2.4372187957101556	0.00018397892147975394	-1	
1.4379571015593475	2.4373124085796878	0.00040770139069211636	-1	
3.0713250995774972	2.9974563584011573	-7.163519412485008e-005	-1	
2.9517074875391653	2.901796245568784	-7.9477826392307895e-005	-1	
3.3791067514630604	3.0411717538157417	-8.7576701124342398e-005	-1	
3.1500790893333606	2.8660903072525112	-0.0001046687490930969	-1	
3.3114920507074883	2.8728276532028962	-0.00011363727848159519	-1	
3.483612335851793	3.1893011133826428	-7.0589307250378133e-005	-1	
3.5753681603058078	3.3183762696458494	-5.8148337086134721e-005	-1	
3.6532742155892715	3.3904824695802493	-5.3407562226098907e-005	-1	
3.7623100676275074	3.5444276268304908	-4.1690569045433891e-005	-1	
3.8409230834493227	3.6277810713474596	-3.7109330529234198e-005	-1	
3.750684644848898	3.4326709252318262	-5.3757463814132324e-005	-1	
3.9607817405270178	3.7303366162500184	-3.348806818720442e-005	-1	
4.1061798750194196	3.791517658680323	-3.5036239389193637e-005	-1	
4.1844105890669221	3.9088839846826171	-2.883645640425877e-005	-1	
4.3951078774561676	4.1600199675496707	-2.002422795178965e-005	-1	
4.370255806661012	4.0075182929885287	-2.9740069336633948e-005	-1	
4.4888727247351961	4.2828309588391322	-1.6222953144744458e-005	-1	
-1.3871528787511771	4.6145626401488826	0.00053076602434318438	-1	
-1.4811381594271966	4.5070774928066761	0.00053998263221402207	-1	
-1.389449699557302	4.3762426197733673	0.00054338780629103079	-1	
-1.496535940224593	4.7063321108111298	0.00053078305670171142	-1	
-1.3657295944795793	5.5931841869941268	0.00048812049656660477	-1	
-1.4380710954202307	5.5400807541233057	0.00049350555867081641	-1	
-1.5094747957062182	5.4857228758858243	0.00049882976261106512	-1	
-1.5799189450787319	5.4301271102179696	0.00050411906827591035	-1	
-1.5566130159308877	5.3307631044998569	0.00050675605123535127	-1	
-1.6336071133076835	5.2852964036577346	0.00051192095466668155	-1	
-1.6910835724315008	5.2167999178871272	0.00051704783718166283	-1	
-1.7216636407003074	5.1194283029756527	0.00052214554671472114	-1	
-1.6831359039265548	4.8448573476599446	0.00053199457602943806	-1	
-1.7769683227625341	4.9547707863709567	0.00053111132523601175	-1	
4.6077507679339069	4.7459590757488259	4.4364297978401609e-006	-1	
4.7183216132729919	5.6955634003990037	3.8702463591052838e-005	-1	
4.7924723288062392	5.645016998678213	3.3194215249245248e-005	-1	
4.7851052508957963	5.5569197971978275	3.045652349959977e-005	-1	
4.8577220638918615	5.283596256579477	1.6582352126608625e-005	-1	
4.9182471174046247	5.4399639130753101	1.9697074936483117e-005	-1	
4.8561325947352545	5.5042841897374251	2.5063363772098202e-005	-1	
4.9011029874781498	5.207079684715918	1.1476731518303626e-005	-1	
4.8920353676560131	5.0596129490515231	5.7581609549878198e-006	-1	
4.7681862766964169	4.9148795813323432	5.0145293072550998e-006	-1	
4.7105767448005214	4.808946733108046	2.657762767983589e-006	-1	
4.6150360489367426	4.6178296964394505	-2.5773810905688532e-006	-1	
4.6210601787944059	4.4888854410376702	-9.9009146397543411e-006	-1	
-1.2143166276680395	3.8632248173426351	0.00056860489624358445	-1	
-1.2898912284366086	3.9886541763643266	0.00056277513377768484	-1	
-1.3759909731905147	4.1656656272963497	0.00055478044262562013	-1	
-1.1117170510699115	3.7587385920887479	0.00057292222370095426	-1	
-0.73885963844199842	3.2356471140392626	0.00060896867455821667	-1	
-0.76444811786907596	3.3700858571970609	0.00059596045174257974	-1	
0.30361722798849589	2.7139154355433202	0.00065450404244355137	-1	
-0.39993915176379952	2.8162761438683677	0.00065660994041236479	-1	
-0.21711010498117245	2.6940343747400712	0.00067584590274977327	-1	
0.093703913273976702	2.712909897902593	0.000664201257929331	-1	
0.15851569749385341	2.7059795593003333	0.00066252161049696484	-1	
0.24727448667443849	2.6740150889919492	0.00066477057523496683	-1	
-0.024031109049127208	2.6141673772498719	0.00068861189759268897	-1	
-0.52470502138382813	2.9970768288089404	0.00063288982074800979	-1	
-0.74431511476131917	3.098903617962236	0.00062354502033056859	-1	
0.43283675740147615	2.6938182292763653	0.00065407925547426935	-1	
0.68309679132796886	2.5761193664961786	0.00067921727268198233	-1	
0.58959862783954675	2.596949253741081	0.00067661003369937273	-1	
0.47088139687789005	2.6301544810581072	0.00066952241495911587	-1	
0.36097310091941398	2.6754856815233596	0.00066064211518006559	-1	
-0.98224941495464291	3.5536810054622192	0.0005851949941542209	-1	
-0.93959676245796786	3.3988617406272965	0.00059740383681673379	-1	
-1.1701464638261607	3.6264293876646456	0.00058428248564682992	-1	
0.85289107718315604	2.5094804248259694	0.00068827098619867811	-1	
0.77488536093303739	2.534537827191981	0.00068708757918818479	-1	
2.6598679071553173	2.8257933541931828	-5.4199583079989735e-005	-1	
2.5878427349391222	2.7076096828513698	-7.4675666794216439e-005	-1	
2.7982694853961232	2.8256998391869366	-7.9351399905401742e-005	-1	
2.2961021987892845	2.5727733756991764	-3.2625426580128296e-006	-1	
2.4521260075027858	2.5845396372848173	-7.5128044913059237e-005	-1	
1.2819356523390213	2.4373436128695323	0.00049645684658220402	-1	
1.1259142031186951	2.4373748171593763	0.00060201185620435823	-1	
0.96989275389836871	2.4374060214492204	0.00070052974828366255	-1	
0.89188202928820559	2.4374216235941422	0.00072312532286748679	-1	
2.0620428984406525	2.4371875914203116	0.00010567333937957403	-1	
2.2180643476609787	2.4371563871304676	1.8209251644092511e-005	-1	
1.7370537793850243	2.3200471111088197	0.00031711826622066609	-1	
1.8469294249132551	2.2772515002076479	-0.00090625130935619274	-1	
1.5734925597377787	2.2886616083142939	0.0024080997391133169	-1	
2.026556286539936	2.258037575369273	-0.003730158017505147	-1	
1.3447546631696998	2.314643107287532	0.0043365240871673259	-1	
1.4309365444770135	2.25516852616374	0.0048301355070512215	-1	
2.9368349332778467	2.7250345511318335	-0.00012368444245042254	-1	
3.0399333093046699	2.7479063697995212	-0.00012428770123763762	-1	
3.5364683336358524	3.0677947100034957	-9.2207034686100299e-005	-1	
3.5056691257828096	2.9111969509654925	-0.00011645044639896778	-1	
3.172719575633185	2.7061311114864397	-0.00013954767989547861	-1	
3.2920542147331457	2.6568005544603794	-0.00015405339183943156	-1	
3.4480811744948756	2.7019720775982083	-0.00015222720849422425	-1	
3.6508120394957593	3.1791363745784538	-8.1303675978126709e-005	-1	
3.7453833392181775	3.3204363184226775	-6.7141841245378262e-005	-1	
3.8742551941942023	3.520012639478233	-5.0178581386537796e-005	-1	
3.959059607619996	3.5943986326339887	-4.6508139698732294e-005	-1	
3.8908663087294766	3.4084369459417059	-6.327769883587049e-005	-1	
4.1690411891449255	3.6742222560663693	-4.8172554735422514e-005	-1	
4.0802895236785526	3.5750612850903858	-5.3754139224008164e-005	-1	
4.3147441462374463	3.8549575257321478	-3.8898210262560061e-005	-1	
4.3007569334451974	3.6932148596630454	-5.162477578896055e-005	-1	
4.5269151402080432	4.0602644956679113	-3.2406753166263332e-005	-1	
4.5935327295475306	4.1861856320507522	-2.6801277570000618e-005	-1	
4.4537119587201861	3.7710273211416734	-5.0680717814903264e-005	-1	
4.5733323231879845	3.8603692613340037	-4.8138583209965726e-005	-1	
4.714746051557122	4.3772407722864557	-2.0327388085577441e-005	-1	
-1.6134234678754094	4.5966606097635925	0.00054065219132835493	-1	
-1.6245993722866183	4.4367680476384841	0.00054886147303598797	-1	
-1.4750819424020833	4.2573887178439751	0.00055301741791874187	-1	
-1.7289292981692244	4.7077863737901078	0.00053986699377939727	-1	
-1.6493820855674652	5.3733103921285323	0.00050932178793490024	-1	
-1.7178430580269199	5.3152900285402378	0.0005144583340082737	-1	
-1.7852810085816895	5.2560836930178922	0.00051953326121013921	-1	
-1.8516753949787481	5.1957094203848389	0.00052457850614878255	-1	
-1.8214949552469679	5.0982131998253228	0.00052709584488126651	-1	
-1.8274490204417013	4.8371624639327004	0.00053794647609553894	-1	
-1.8699929195413896	4.957868863905162	0.00053461184569203555	-1	
4.7227434744220425	4.6889775821212494	-3.8567939250348859e-006	-1	
4.8657295944795802	5.5931841869941294	2.7773281073209409e-005	-1	
4.9555449946630734	5.3449626482531665	1.4354018804669683e-005	-1	
4.9708907889663516	5.2606180173794774	1.0378029794826143e-005	-1	
4.9380710954202316	5.5400807541233084	2.2405962520543621e-005	-1	
5.0094747957062191	5.4857228758858261	1.7096518680901181e-005	-1	
4.9833089985365371	5.1757929136006533	6.4320765107512245e-006	-1	
4.9523469763054164	4.9635743632127207	-1.1088076476988312e-006	-1	
5.0083007974962186	5.0622154804100816	6.4291300367031294e-007	-1	
4.8689996503140147	4.7391937872721348	-7.8111801344503488e-006	-1	
4.9963813740388208	4.8268660902371909	-9.1468758745822182e-006	-1	
4.7214509783426903	4.5581884336834433	-1.0577552339729967e-005	-1	
-1.3259012798164369	3.7966958585676513	0.0005762836184581763	-1	
-1.4510349237461984	3.8316072909018009	0.00057739285180616144	-1	
-1.4697925651195873	4.0685399001666767	0.00056357034948014372	-1	
-1.3087021289905365	3.6679269719465815	0.00058465350091931251	-1	
-0.87010255356693267	3.2744265308830953	0.00060745936956543769	-1	
-0.90200976183586457	3.1355183001911842	0.00062142039275802545	-1	
0.301551893792947	2.6449061858128458	0.00066867327648525109	-1	
-0.42922576893459319	2.6917029295785384	0.00067553285846421406	-1	
-0.53481696575146576	2.7936378673152999	0.00065993899634404969	-1	
-0.33369064017325911	2.6065605145531023	0.00069044917530413144	-1	
-0.12341388799940498	2.491912541124131	0.00071611497578004	-1	
0.12586957502968132	2.6562180363109729	0.00067370755585958813	-1	
0.073859694377826246	2.6021131947398302	0.00068698986754424872	-1	
0.18877984830249914	2.6547344653107823	0.0006709322330673425	-1	
0.23624601258158812	2.6134202218249847	0.00067654831964013328	-1	
0.040602305959965682	2.5430979372593616	0.00070134758001448626	-1	
-0.011244056378658794	2.5189579506141389	0.00070915704164783739	-1	
-0.63863999626514645	2.8826619910478031	0.0006479326525404552	-1	
-0.83059466374551127	2.9902319607251577	0.00063573024010010455	-1	
0.40489457949101415	2.625118141039827	0.00067123568319997354	-1	
0.6853713224453859	2.4803560265035753	0.00072006586690550028	-1	
0.61800442490902263	2.5058429507343836	0.00071025324117431044	-1	
0.50345460409787468	2.5489878548816933	0.00069292134482345548	-1	
0.56119012688644598	2.5058437938152451	0.0007093590746209918	-1	
0.45155101136227699	2.5448586943551548	0.00069211056703089751	-1	
0.34002374619844833	2.6120261672559861	0.00067455216448182489	-1	
-1.0844609603377422	3.4681626619896964	0.00059461266664218287	-1	
-0.99907664245552341	3.2309332108603748	0.0006134354277030047	-1	
-1.0869033143599205	3.3349161911669536	0.00060559620255498864	-1	
-1.2160477461962231	3.489269648210378	0.00059553503759060046	-1	
0.8138713046780427	2.4374372257390644	0.00073347566819993324	-1	
0.73586058006787947	2.4374528278839867	0.0007391672308508727	-1	
2.7641664195740243	2.6578580551538384	-0.00012799616668955684	-1	
2.60813566078801	2.5255287574849996	-0.00015646896919142858	-1	
2.3740857968813049	2.4371251828406235	-9.1780126467988065e-005	-1	
2.5301072461016312	2.4370939785507795	-0.00018604132380881775	-1	
1.2466413010582009	2.3146900868067068	0.0051998047027019467	-1	
1.1867715003095507	2.3742365949587549	0.0031934381188808256	-1	
1.0960182139495596	2.3396153000788162	0.0052646303178031919	-1	
0.99224789983484296	2.3352215656812629	0.0057219699247948036	-1	
0.92448915103141671	2.3291708520354817	0.0060739672650016356	-1	
0.85488977427095203	2.3687032062854696	0.0040828509654425539	-1	
2.137763000653631	2.3259028075038879	-0.0033877510858646804	-1	
2.3057422822019524	2.3552573502040692	-0.0034733316201900665	-1	
1.7619385810777559	2.2047871074763221	7.6843153071887044e-005	-1	
1.656478550784245	2.1680078502749889	0.0021566643128536752	-1	
1.8632768895939007	2.157828839015095	-0.0021263007239055846	-1	
1.9838036230393881	2.159351380560238	-0.0045686841285594616	-1	
1.5161963769606119	2.1538982917992393	0.0051703272241220861	-1	
2.0919969284938618	2.1375540580319456	-0.0072380300282711314	-1	
2.1488768991705287	2.1960987079676775	-0.0071415764876713722	-1	
1.3262248436939301	2.2551217861119244	0.0063123925564440514	-1	
1.2640016661339071	2.2589188979917996	0.0069785528962700814	-1	
1.3300173712998087	2.1741452372247148	0.0084717893242679549	-1	
1.4140648889734417	2.1434401719300085	0.0074528814125945503	-1	
2.9002384260563256	2.625973504863782	-0.00015200545486720633	-1	
2.9833332847641811	2.6302173663097288	-0.00015335356118529765	-1	
3.0602523100676029	2.6189048096213581	-0.00015728782289670709	-1	
3.6513781821875133	2.9780645596576374	-0.00011113391825665001	-1	
3.5897773072444839	2.7320245387285302	-0.00015117217774570982	-1	
3.6892825375501799	2.8372844722169885	-0.00013497600498755147	-1	
3.1443109727953233	2.5993876422069429	-0.0001618291971304541	-1	
3.2100131728518249	2.6021580161419418	-0.00016163594399872899	-1	
3.3867160437320174	2.6057708399919477	-0.0001681677939258755	-1	
3.3313550628663235	2.5664015340958453	-0.00017232110631556312	-1	
3.2710529770010326	2.5604912217839777	-0.00017030889960067332	-1	
3.4522669116994158	2.5879420947227674	-0.00017516414551787605	-1	
3.5677304284726565	2.5888642104507404	-0.00017868955605246088	-1	
3.7842213929994655	3.1606678419121486	-8.9525617680434437e-005	-1	
3.7890408642254201	3.0260724668124617	-0.00010826304116263666	-1	
3.8954052352717246	3.2366763645836252	-8.375437911901961e-005	-1	
3.9977629684967582	3.4778968068352922	-6.017913205276554e-005	-1	
4.0378320821483467	3.326380384301669	-7.7960590163640212e-005	-1	
4.2111845219938724	3.5472048519540635	-6.1395499505887869e-005	-1	
4.1232875707698184	3.4556450120998479	-6.7216609532346093e-005	-1	
4.4206606300571183	3.6254298501940476	-6.1321430600033973e-005	-1	
4.6918966027187698	4.0705321980553171	-3.7961331960365546e-005	-1	
4.7283760716777357	4.2321346133289817	-2.9391261562377447e-005	-1	
4.5539023895957413	3.6603345416404363	-6.2379002974961267e-005	-1	
4.790331739110969	3.9659022033050517	-4.8095620163436459e-005	-1	
4.6844798680072426	3.7890934030031724	-5.6669376250882524e-005	-1	
4.8552828716724745	4.3386276008582341	-2.8064775900609561e-005	-1	
4.82045256099084	4.4869149880198185	-1.8621615376935617e-005	-1	
-1.8292480123596133	4.57980018719008	0.0005492515157783823	-1	
-1.6173272567754859	4.2923944539065264	0.00055603195005159915	-1	
-1.7499174848058829	4.3499830783208573	0.00055742704953503947	-1	
-1.5807641898422027	4.1559471405964068	0.00056214901716037389	-1	
-1.8905442680588158	4.7258116306486553	0.00054500721311752127	-1	
-1.9170059928448222	5.1341856012293814	0.00052953735856943593	-1	
-1.8951299021487384	5.0474864168491829	0.00053201739683826426	-1	
-1.9314688275511804	4.8425949231772476	0.00054159918462992217	-1	
-1.9586998279090568	4.9860514489201462	0.00053686034465528706	-1	
4.9269465601738878	4.5958247115131305	-1.7299477259986602e-005	-1	
5.0799189450787328	5.4301271102179705	1.1819272704384644e-005	-1	
5.0566130159308873	5.3307631044998587	9.1865468373506933e-006	-1	
5.0534293031477953	5.2374468318954124	5.7376061545865788e-006	-1	
5.0993896046789207	5.134515221429206	-3.547812934137517e-007	-1	
5.0652496988795175	4.9529031241491799	-6.4488436956893262e-006	-1	
5.1500820858249838	5.0423225556236071	-6.2617780044714392e-006	-1	
5.1153892328944623	4.7464589412124223	-1.7657057058509072e-005	-1	
-1.4364560724453654	3.7005598496146574	0.00058540750461303509	-1	
-1.5752892581224585	3.8836201417879503	0.0005774738203986827	-1	
-1.5618922477153945	3.7412014626090477	0.00058564452546459292	-1	
-1.6012446466492485	4.0157972732253349	0.00057052991339013952	-1	
-1.4040089410984893	3.5611992192259896	0.00059399752024855764	-1	
-1.0481035602390003	3.0657699042323077	0.00062867832971627742	-1	
0.27309029601887302	2.5669206963911928	0.00068371007747811282	-1	
-0.55269003001374739	2.6580463121016327	0.00067811836970434864	-1	
-0.45807400450267738	2.530590283016152	0.00069966121828455435	-1	
-0.69558219932571874	2.6490015848218569	0.00067611505685196804	-1	
-0.31490868593562216	2.4620270042632808	0.0007168352755275812	-1	
-0.14036397039183809	2.3777800741955724	0.00074243183261101051	-1	
-0.024193497185925422	2.4330156876671833	0.00073130894637397014	-1	
0.13474598559056614	2.5724195246699333	0.00068927277925999778	-1	
0.18079995951804559	2.592314718105583	0.00068288452169308405	-1	
0.097621910668579698	2.5386765209870719	0.00069864919014168145	-1	
0.22609738251214495	2.5549675709416548	0.00068697029650386125	-1	
0.068566236132453245	2.4932100343941608	0.00071162861847651258	-1	
0.039788867859804053	2.4524126380515581	0.00072444012408712179	-1	
-0.78026833571945653	2.8609224468950352	0.0006498443656954094	-1	
-0.92145597625897901	2.8853610326855019	0.00064618719792708943	-1	
0.36824271230093586	2.5700158232926622	0.00068343487004645384	-1	
0.63835182195464635	2.4607105779179972	0.00072975941660061887	-1	
0.65784985545771635	2.4374684300289085	0.00074083488033457792	-1	
0.58959689813486538	2.480386345331195	0.00072023153500260883	-1	
0.60909940737143942	2.4687521567453969	0.00072574143825416236	-1	
0.51813217308573201	2.5002537287060096	0.00070934090913270438	-1	
0.48783299450212347	2.5005480840405889	0.00070713134184700822	-1	
0.5373936692574568	2.4669131560881525	0.00072268457631951329	-1	
0.57009404362190541	2.4687527355552534	0.00072410349473669164	-1	
0.40421556960139859	2.5231702444608168	0.00069503891340066037	-1	
0.42879658199497289	2.4980263460296106	0.00070281165785772784	-1	
0.32245725038533191	2.5645646325920302	0.00068376933568253264	-1	
-1.1641686914646709	3.1738070660379925	0.00061982621967290148	-1	
-1.2751055862232088	3.2871037932581242	0.00061179822020607081	-1	
-1.3468684798043054	3.4177766617493912	0.00060302164936679257	-1	
0.77485238335868523	2.3696499554331307	0.0039848063894906138	-1	
0.66758977986944135	2.3885624901696589	0.0030501133352801024	-1	
2.7251488057415258	2.5107955456253457	-0.00018533604511292132	-1	
2.8580029274115573	2.5542871842867108	-0.0001765778634101794	-1	
2.6861286953219574	2.4370627742609354	-0.00022161760712085564	-1	
2.4051681096134052	2.3550346146956729	-0.0040003307875803567	-1	
2.4928750161905948	2.3585659149940086	-0.0040390843018116565	-1	
2.5884913494208019	2.3354290516954546	-0.0052251988548964881	-1	
1.1904386998921188	2.2987817430979431	0.0062735543176997812	-1	
1.218403247749533	2.2635586862516011	0.0073821079150293749	-1	
1.1469039524830191	2.3100691448581419	0.0062363324045554541	-1	
1.0733567774233992	2.251981817743141	0.0095082058896609877	-1	
1.0248776726699609	2.2755293794274687	0.0085923540675437362	-1	
1.1271793116951079	2.2546320433808131	0.0088290980731632676	-1	
0.97121501823394452	2.2705263025888875	0.0089836639473982044	-1	
0.92960382842494182	2.2543622300672723	0.0097788346031739189	-1	
0.8630192683919633	2.2554376435870056	0.0096151652348412994	-1	
2.2552504969530807	2.2696061716369273	-0.0063140528204035321	-1	
2.3338391470612025	2.259883816387608	-0.0077065089516523385	-1	
1.75	2.0625	0.00025736407546210065	-1	
1.5629571015684895	2.0625	0.0050200403035007019	-1	
1.9370428984315105	2.0625	-0.004505305149889568	-1	
2.0305643476472657	2.0625	-0.0068906898093981112	-1	
1.4694356523527343	2.0625	0.0074061805897470247	-1	
2.1708465214708985	2.1164460314157143	-0.0093965412278699655	-1	
2.1240857968630209	2.0625	-0.0092846632643220853	-1	
2.2331262712218489	2.1885148361968927	-0.0086578726443473381	-1	
2.2122239033234807	2.1430480694158329	-0.0096339387450627804	-1	
1.2832266151064622	2.2099853903471507	0.008306547682703936	-1	
1.2337952462848012	2.1920793408156891	0.0097053517182806633	-1	
1.2011598945595707	2.2210921092172033	0.0091841580026853775	-1	
1.2732278973865623	2.1583703491540644	0.01002135893467649	-1	
1.3291534785291015	2.1152118415117105	0.0099137423074502021	-1	
1.3759142031369791	2.0625	0.0097986268988094968	-1	
2.9505628806607307	2.5597148060203847	-0.00017545451298204529	-1	
3.0086380512426483	2.5567042437673808	-0.00017517907388001327	-1	
3.053136599496483	2.5383920232475625	-0.00017838765411139418	-1	
3.1054623665789958	2.5463288082671269	-0.00017402212963311655	-1	
3.7352696704484321	2.6941489791674571	-0.00015996259223823771	-1	
3.8834372504602466	2.8207080504965654	-0.00013982390708612094	-1	
3.1710962011922201	2.5393292905501554	-0.00017294979146753551	-1	
3.2193805959827424	2.5288488705560819	-0.00017392201715160728	-1	
3.3951686399171943	2.5383665814700787	-0.00018210024766704901	-1	
3.359965178358292	2.5103074235905751	-0.00018428855424330057	-1	
3.3230138996779424	2.5039874896947172	-0.00018157990094029851	-1	
3.2601209620125644	2.5008945406715135	-0.00017821438656827782	-1	
3.4334635664077084	2.5147001780314029	-0.00019019639058681556	-1	
3.4829716818542034	2.5104510172066883	-0.00019388213650451728	-1	
3.7567377742824228	2.5453480844103789	-0.00018673557198249942	-1	
3.576492735427129	2.4737299584668246	-0.00020405553399791535	-1	
3.9850867985818623	3.0901174468581214	-0.00010434740618016083	-1	
3.9762634449799394	2.9395653971455435	-0.00012384087398680359	-1	
4.1847838366498378	3.3446166932283665	-8.0377151882427282e-005	-1	
4.1498255019885821	3.2007233440003766	-9.4926039157810667e-005	-1	
4.2953290449544932	3.4431415024655161	-7.364776618783126e-005	-1	
4.4468962119962949	3.4902137335132744	-7.3485749182218845e-005	-1	
4.827011835473459	4.0990290973717372	-4.1008742163830051e-005	-1	
4.89903414316354	4.2119980914124282	-3.6856344149604127e-005	-1	
4.6792930351264639	3.5886746197626085	-7.1076742620756171e-005	-1	
4.6036880143590562	3.4656224388599219	-7.8934864701305933e-005	-1	
4.8118561861845999	3.8238683691099347	-5.8005581566858776e-005	-1	
4.9307893870776169	3.9357598575823198	-5.4223000586639297e-005	-1	
4.7727888876166631	3.6909326075919253	-6.5967391430575507e-005	-1	
5.0129638049027747	4.3579151126211002	-3.2840883372867447e-005	-1	
5.0604250771083086	4.5095156154402307	-2.679352756276721e-005	-1	
-1.9693690245949154	4.6535746713546819	0.00055084358450100464	-1	
-1.8742739105741517	4.4381405487643404	0.00055729371300381955	-1	
-1.9825227693982239	4.5400079588238063	0.00055620173792970008	-1	
-1.7181512497953373	4.1888032348644648	0.00056456210110006431	-1	
-1.8687299057913627	4.2544850739206526	0.00056579895909383501	-1	
-1.7424904327758581	4.0263358849285069	0.00057380498347073153	-1	
-2.0553824195866444	4.7170822804500601	0.00055113930960660671	-1	
-2.0311321217896481	4.8123152325237175	0.00054640967822362503	-1	
-1.9812529018469314	5.0715309763028298	0.00053442114988886606	-1	
-2.0091549153331276	4.9119815476064019	0.00054166375463176025	-1	
-2.0443965517542182	5.0077646308108852	0.00053923105826349325	-1	
5.1493820855674652	5.3733103921285323	6.6345039187023908e-006	-1	
5.1336071133076828	5.2852964036577337	4.0469090467790917e-006	-1	
5.1910835724315021	5.216799917887128	-1.0680247594043802e-006	-1	
5.2216636407003083	5.1194283029756535	-6.1431526853570389e-006	-1	
5.186471016458392	4.9305925713878329	-1.2408679212868342e-005	-1	
5.2541217574648531	5.0266712937526004	-1.1172638416929774e-005	-1	
5.2143424230149424	4.5492047219682359	-3.0527767897252656e-005	-1	
5.3005962624834364	4.6879924927085002	-2.7297073458365834e-005	-1	
5.2785269261825087	4.8575620768336076	-1.9128833031638418e-005	-1	
-1.5464257051555177	3.575043602581454	0.00059561141232429137	-1	
-1.6876642510768141	3.8093480930273254	0.00058443249921226665	-1	
-1.7048368616660468	3.627517918972452	0.00059518585419776691	-1	
-1.492797129887637	3.3872784562329308	0.00060696265732734431	-1	
-1.1094954624003759	2.9268199288672632	0.00064087660447244819	-1	
-1.3016159576360355	3.0947413209932644	0.00062658266437673352	-1	
0.25916255139538369	2.5195006041332837	0.00069106197268370385	-1	
0.29902904825606813	2.5248513684618907	0.00069026155349909862	-1	
-0.61671070141460971	2.5362143408592095	0.00069298141786660152	-1	
-0.4114017063196127	2.3499138220699067	0.00073150311709375656	-1	
-0.55380740115580829	2.3899249040669019	0.00071632906842007671	-1	
-0.81829245215612278	2.7227726698928039	0.00066483160542639874	-1	
-0.80801128594603477	2.5603467506391224	0.00068309616585535149	-1	
-0.3072617782250408	2.2448655285054353	0.00075847071347174037	-1	
-0.013387300495543153	2.3572015139320781	0.00075323964291954134	-1	
-0.094398442716557049	2.2593691525955339	0.00077578403220618841	-1	
0.03947457727140373	2.4126107614003511	0.00073659137561971164	-1	
0.1496921695466337	2.5245300809322342	0.00069680659124545311	-1	
0.19373039803088341	2.518862315874657	0.00069412330297273365	-1	
0.1214523602244771	2.4902663639968647	0.00070648846665865574	-1	
0.078037407547227211	2.4559812462739776	0.00072086233694024075	-1	
0.097518015517058743	2.4679616636877042	0.00071507516157401732	-1	
0.073287452401329389	2.4336102289883614	0.00072838385030639722	-1	
-1.0810354488242044	2.7776016694879817	0.00065458131006081654	-1	
-0.97688718333295999	2.6398716494861802	0.00066970454029173499	-1	
0.37121592525985397	2.5110267164749538	0.00069545565683094769	-1	
0.33493198061321761	2.520175387175811	0.00069196113206468693	-1	
0.61884449315263479	2.4374762311013698	0.00073998323328452662	-1	
0.63834254650468714	2.4143333281238193	0.0018277405124236829	-1	
0.58959451046099109	2.4576772677437724	0.00072979226861386557	-1	
0.59934181200009395	2.4374801316376002	0.00073914011563284857	-1	
0.50280161287805913	2.4817728420775276	0.00071442277874063105	-1	
0.51602204065408408	2.4763347699498932	0.00071751445434835239	-1	
0.48947802902224641	2.476592643984445	0.00071481964299600377	-1	
0.46318232085851374	2.4763714399764507	0.00071199849849748779	-1	
0.55058831997549285	2.4535441667316609	0.00072897472915645859	-1	
0.51867494895610955	2.4569173653003005	0.00072473249685645503	-1	
0.5276732904815834	2.4480499495832095	0.00072903278597654601	-1	
0.56033644969501251	2.4374879327100611	0.0007364398405980035	-1	
0.57983913084755323	2.4374840321738307	0.00073789340256230152	-1	
0.39964850651364969	2.488305022055612	0.00070221917111510258	-1	
0.44478108948358097	2.460665811856376	0.00071405835209038273	-1	
0.41694027147089835	2.4629060199347483	0.00070977122680807145	-1	
-1.4513616255984467	3.20561803307851	0.00061904313589453499	-1	
0.70628509815770213	2.3320186169421468	0.0057480607894540422	-1	
0.76101804113042393	2.2567033665411831	0.0093933478619986702	-1	
0.62887867613275572	2.3931436686031575	0.0028204444528591036	-1	
0.64231034622653538	2.3565495845615549	0.0045455542965799223	-1	
2.8031536196253124	2.4812263115942184	-0.00020539971537526937	-1	
2.7641394199321203	2.4370471721160136	-0.0002263051742313127	-1	
2.8616602388237657	2.4740933141385848	-0.00020983439134284555	-1	
2.9065904075156497	2.4903834323371203	-0.00020212675263880207	-1	
2.7251182344110481	2.357938893234	-0.0040279322921295347	-1	
2.4529249235140007	2.2813850507512696	-0.0077387349144305865	-1	
2.5283683789093438	2.2792367468839125	-0.0080342036448703344	-1	
2.6601832943858943	2.2950234613609837	-0.0071328321743446242	-1	
2.5960167659214344	2.2534795867207098	-0.0092622693783286254	-1	
1.1729948205506719	2.2573282662354255	0.0081531327536101782	-1	
1.0287332258793109	2.2217720918431612	0.011244136119495599	-1	
1.0666265003206818	2.198516013143561	0.012091580778486235	-1	
1.1580854617325838	2.2139227194814737	0.010107057956100004	-1	
1.1092509315152002	2.1740452888918793	0.012527981137511225	-1	
0.98532641391463183	2.2121495080199862	0.011880505987253629	-1	
0.94964714544031559	2.2144744650154906	0.011788247297028672	-1	
0.91151104506173064	2.2135526779014274	0.011761269088480858	-1	
0.79194877366800831	2.1815726483283338	0.013052359398929595	-1	
0.8791122436147375	2.1934149146600079	0.012672942221742761	-1	
2.2831353660695166	2.1903110259972731	-0.0095345157026337883	-1	
2.3553783422507659	2.1836816957609706	-0.011033679547430899	-1	
2.404270041777441	2.2236872808229875	-0.009997654242085029	-1	
1.7613367420930106	1.8616398660140736	-3.0707326501974433e-005	-1	
1.656478550784245	1.9516887148523763	0.0026377751528544658	-1	
1.8975782786923536	1.8849267543141253	-0.00349657179899189	-1	
1.511510225986656	1.9547850328050149	0.0063293731006310913	-1	
2.0627645778042942	1.9611054940009485	-0.0077096211267267739	-1	
1.3995463998299658	1.9956036135207837	0.0091921325479926101	-1	
2.2176072460787761	2.0625	-0.011690144497592076	-1	
2.2409876083827149	2.1031431145104635	-0.011306869487809828	-1	
2.1708465214708985	2.0096794706436838	-0.010484632998558249	-1	
2.2612459824840476	2.1471213861858995	-0.01048562010340327	-1	
1.2226502278079581	2.1468321763457627	0.011376266198489096	-1	
1.190341504387834	2.1787864435606807	0.010907635254723633	-1	
1.2590123916172851	2.1084789722690722	0.011682582150467188	-1	
1.2823927539212239	2.0625	0.012205052291050086	-1	
1.3318773786671796	2.0169228728743138	0.010929875973192338	-1	
2.9515148151450425	2.5075092961472212	-0.0001940200346699799	-1	
2.9810171918346882	2.5173018790841408	-0.00018894898556657224	-1	
3.0167209587747172	2.5092687631342794	-0.00018910775875947345	-1	
3.0671171453019368	2.5098511101156049	-0.00018479866896464856	-1	
3.0397265665048936	2.4937329347664128	-0.00019162150994007335	-1	
3.1323310284246451	2.4952864026370851	-0.00018249857252596277	-1	
3.0974237723887619	2.4940185849769811	-0.00018576063883494109	-1	
3.9846168382825815	2.6541742061575047	-0.00016374825098495097	-1	
4.0545701766929145	2.8106785203509088	-0.00014104063937523867	-1	
3.1642325970778793	2.4810591821412564	-0.00018222014636124837	-1	
3.2145135428247258	2.4796804479954972	-0.00018008050387075442	-1	
3.3933223235421326	2.4933866841549532	-0.00019150963961724315	-1	
3.3470377153140745	2.4752091151255726	-0.00018829387677855389	-1	
3.3725681018574112	2.4750912784701988	-0.00019252179184136588	-1	
3.3136262694785974	2.4676940886443721	-0.00018461367705636218	-1	
3.2803357976756446	2.4373737810635672	-0.00018363999317273726	-1	
3.2339178988378223	2.4373118905317832	-0.00018280719423903347	-1	
3.439822083538473	2.4858091620011873	-0.00019783452098788738	-1	
3.4125494689958931	2.4743494044395162	-0.00019838763786390694	-1	
3.4786744623255745	2.4507907112299105	-0.00020939963896993242	-1	
3.6930140568726855	2.4430997920848267	-0.00020884633479866259	-1	
3.8420897064222905	2.4211733443019137	-0.00020616671889723813	-1	
3.6119114991415069	2.3540054568357855	-0.00023326962391234275	-1	
3.4895633487181135	2.3788927066201677	-0.00023079155494150954	-1	
4.1042732304846812	3.0075977490016683	-0.00011632479057734814	-1	
4.2844586894954206	3.2442079008986848	-9.2809988334008911e-005	-1	
4.3257127084817517	3.1088745798562711	-0.00010701092436398727	-1	
4.4038789962958731	3.3374461969936506	-8.6011059903657718e-005	-1	
4.9650522738127743	4.0954184497713984	-4.5727014595776124e-005	-1	
5.1293393688639881	4.2010531646894833	-4.503213186749562e-005	-1	
4.7387106281515887	3.4533375678383482	-8.2430485974507417e-005	-1	
4.821049614855526	3.5610516131618479	-7.6135900654525327e-005	-1	
4.5221025756281046	3.2426950765523483	-9.6370740305577027e-005	-1	
4.658435529980534	3.3191935927879124	-9.1663440896224145e-005	-1	
4.902310973224238	3.6651531991137158	-7.0723876365973721e-005	-1	
4.9628576531486877	3.7825186459528459	-6.4535446998751007e-005	-1	
5.092239634458906	3.9602267553780188	-5.7190657774765645e-005	-1	
5.1680084889266027	4.3925045730148726	-3.6461215799135088e-005	-1	
-2.069002806452048	4.614785110338091	0.00055581538870372327	-1	
-2.0083379654468785	4.373940752347063	0.00056435526522481845	-1	
-2.0947292754796329	4.5180963365556188	0.0005607015111681455	-1	
-1.8420878764681161	4.1202266402791139	0.00057162817228417545	-1	
-1.9783245391976774	4.1070093614876306	0.00057586617375785453	-1	
-1.8374302372266205	3.9038451160536813	0.00058262703981687219	-1	
-2.1287345299720264	4.7824799868770995	0.00055100279939003191	-1	
-2.1472200442736007	4.6821073923764107	0.00055561095176529028	-1	
-2.1672974795368565	4.8769748062411988	0.0005486529709528052	-1	
-2.1064177083992353	4.9429059886001028	0.00054396562245620397	-1	
5.2178430580269204	5.3152900285402378	1.5171651167851292e-006	-1	
5.2852810085816904	5.2560836930178922	-3.535872018701665e-006	-1	
5.3516753949787486	5.1957094203848389	-8.5508950251052513e-006	-1	
5.321494955246969	5.0982131998253228	-1.1060128613720992e-005	-1	
5.3486581746109128	4.9998336720790499	-1.5997024545995363e-005	-1	
5.3765861956207734	4.5297437769568454	-3.6968621628228048e-005	-1	
5.4705473005204741	4.6690836552175634	-3.4077228807284947e-005	-1	
5.4256373496523347	4.8046356493219307	-2.6840840108962957e-005	-1	
5.4296481235523837	4.8976253658662818	-2.3197801575729307e-005	-1	
-1.6830615397548956	3.4312242024025976	0.00060648015399654138	-1	
-1.9071182415228649	3.765421357305764	0.00059132586610273052	-1	
-1.8821975876682193	3.5839256762765648	0.00060050206698547917	-1	
-1.6139374941201066	3.2966482331813931	0.00061405351452646086	-1	
-1.3528953125802743	2.9501482762453946	0.00063755500901183538	-1	
-1.2389802654479165	2.8473860124040922	0.00064645683970193874	-1	
-1.4708952562240516	3.0481928280217279	0.00063008120205236984	-1	
0.27948699168028374	2.4943719757904699	0.00069417164334154827	-1	
0.23612537256113816	2.4800840800922765	0.00069613737235178655	-1	
0.31161969138893358	2.4909049244900894	0.00069535925272407755	-1	
-0.70723709371598553	2.4325483007094615	0.0007022475887723073	-1	
-0.56813025899483449	2.2313301997297694	0.00073674884256964065	-1	
-0.89186707989671332	2.4208616709892032	0.00069440747155578527	-1	
-0.34579851479761325	2.0942019207118112	0.00078026472020366745	-1	
-0.19124819998254394	2.1114878389581131	0.00079909341213666178	-1	
0.031797016894744637	2.2738149845940669	0.00078299171715783965	-1	
0.062942117758507027	2.3633968940694254	0.00075307694478348862	-1	
-0.01685495567200232	2.1403972620663922	0.00082103925935257433	-1	
0.078837800741733854	2.4067095071644551	0.00073757593267373216	-1	
0.15860916871234496	2.4810332275442293	0.00070267435303863189	-1	
0.18633335791931296	2.467775874715143	0.00070066144112546666	-1	
0.11612842877041731	2.4593006255149561	0.0007143646807235551	-1	
0.13467132397558612	2.4617623256302692	0.00070981007223422919	-1	
0.096089326954660007	2.4419401389818538	0.00072343178702606625	-1	
0.10790788924735775	2.4502582293440796	0.0007187731614708621	-1	
0.096782830213258314	2.4275044853710592	0.0007287434702194065	-1	
-1.1548989495544106	2.6215228340412429	0.00066656043640147731	-1	
-1.0842056915383751	2.4966668809270396	0.00067955863776458022	-1	
0.38169594766505188	2.4761719290788702	0.00070281326826968256	-1	
0.34663059075142394	2.4846315362934552	0.00069825525016936629	-1	
0.60909007358469336	2.4220832230142566	0.001459875262694932	-1	
0.60770494220885807	2.4026431162049016	0.0023695475059255229	-1	
0.59103644178291515	2.4196013330402257	0.0015720499198225042	-1	
0.49817017272526282	2.4682487117484633	0.00071853008117263035	-1	
0.50627469530768932	2.4593329234477306	0.00072250904834027815	-1	
0.48195898780194346	2.4579608458105673	0.00071994560704017783	-1	
0.46664182038601904	2.4503033548518287	0.00072018350305782803	-1	
0.54083376854247178	2.4374918332462916	0.00073458296090697802	-1	
0.50892342765897203	2.448885613056845	0.00072656952962877122	-1	
0.51645651189778574	2.4429706888667959	0.00072969635801008127	-1	
0.53108242796620142	2.4374937835144066	0.00073356054150896599	-1	
0.52133108738993106	2.437495733782522	0.0007324094711441976	-1	
0.55187895372262952	2.4212770662589795	0.001485463967567023	-1	
0.57008471116404413	2.4220904462478705	0.0014517837126494296	-1	
0.39373132225514329	2.4581537140487733	0.00070766871533390306	-1	
0.4517536952945313	2.4375	0.0007214066533837056	-1	
0.42854474607877602	2.4375	0.00071737563687776691	-1	
0.40533579686302079	2.4375	0.00071345486248661487	-1	
-1.5840040738360657	3.1594162666082033	0.00062268495592940158	-1	
0.64518393549914477	2.2989888291925711	0.0072576249719956626	-1	
0.67991019552361087	2.2519229465270483	0.009512437499064828	-1	
0.72942476839799597	2.1818488399409528	0.012912565192316556	-1	
0.61046065909146663	2.37902477483328	0.0034751831657060389	-1	
0.61010485266546544	2.3447158017744458	0.0050812244068223524	-1	
2.8421501445422837	2.4370315699710914	-0.00022725120934782674	-1	
2.8055119722225816	2.3942379239074874	-0.0022547032299333465	-1	
2.9006625495830032	2.4588277838481258	-0.00021565882160459659	-1	
2.8811555068473655	2.43702376889863	-0.00022633909051208718	-1	
2.9299164959559492	2.4584451537177912	-0.00021421476533600573	-1	
2.9439349497090186	2.4773624795510041	-0.00020569144429375828	-1	
2.7312867018226656	2.2669602764706744	-0.0083880571985482811	-1	
2.8022084297548213	2.3082463237624622	-0.0063414795731631919	-1	
2.4581617087675038	2.2060929113760048	-0.011446306348467839	-1	
2.5343675435896187	2.2070997550686906	-0.011659099363184211	-1	
2.664893603269745	2.2187276561976206	-0.010821331742757422	-1	
2.5789614248173205	2.1782410943247985	-0.013005193719824696	-1	
1.0064478795725731	2.1832999098884058	0.013277424135112119	-1	
1.0662257781714128	2.1493682980205042	0.014310505863245703	-1	
1.0381342812588732	2.1584678929256036	0.014292024232930254	-1	
1.1503551437030617	2.1668562520495338	0.012064487493101923	-1	
1.0878756411835468	2.1292880027592296	0.014759126193287423	-1	
1.1306061756578127	2.1269738768192905	0.013958918862721116	-1	
0.96621375411789512	2.1819316017492421	0.01343679674299081	-1	
0.92974549534426187	2.1800457134542701	0.013459992892737815	-1	
0.82108644337589498	2.1417926208650253	0.015037367208757689	-1	
0.75842607691550601	2.126457038913331	0.015606367770980191	-1	
0.90575498430662216	2.1483302599534464	0.014958076554836996	-1	
0.8703962206149749	2.1417768215053172	0.015166980454485115	-1	
2.3345090575984702	2.124055207713607	-0.012813052610507631	-1	
2.3990198181287643	2.1380060271621311	-0.013621773966626461	-1	
2.4486472890717459	2.150205977079537	-0.014026010997781186	-1	
1.8679758923681675	1.717674873840626	-0.0027352725029896781	-1	
1.6667669642648797	1.7608401012167925	0.002370421955486209	-1	
1.4850433533631588	1.8200479893687331	0.0069915143159991729	-1	
2.0767168467304131	1.8533184130756828	-0.0080519031767684861	-1	
1.3961886664535557	1.9247351941008077	0.0092712971809089471	-1	
2.1826596664593274	1.8775844298576618	-0.010764083737740539	-1	
1.3113591319044822	1.9569602347052006	0.011450517528330574	-1	
2.2409876083827149	2.0172161552041676	-0.012293803211595646	-1	
2.2643679706866537	2.0625	-0.012900072195419297	-1	
2.2877483329905925	2.1065983616391528	-0.0122830232169729	-1	
2.2634966224240172	1.9346244030215318	-0.012860090979348359	-1	
1.177528758074935	2.1351887104292238	0.012666619348387325	-1	
1.2077577575934393	2.102676410467144	0.01304026650026502	-1	
1.2356320293133463	2.0625	0.013415168589098575	-1	
1.2590123916172851	2.0245551628245608	0.01280900753231403	-1	
1.2773229986234651	1.9846686321537379	0.012332326992132412	-1	
2.9725243061785713	2.4845989011827894	-0.00020086263746434157	-1	
2.9926161469793642	2.4855673850762643	-0.00019879621705810538	-1	
3.0103585688227481	2.4760675994854338	-0.00020015000644169243	-1	
3.0628406939296275	2.4783590262359279	-0.00019318756289066341	-1	
3.0376370144748481	2.4660516464578044	-0.00019986862791161584	-1	
3.1178380216959352	2.4635046997007173	-0.00018942047696554978	-1	
3.0830306892318804	2.4588895335677239	-0.00019515006037867279	-1	
4.0346453462781922	2.4634791508993543	-0.00019033310089724392	-1	
4.1218378767052855	2.6319860920168474	-0.00016365645447156764	-1	
4.1897381831451632	2.7532769580385499	-0.00014696910930163108	-1	
4.2010762416781757	2.8996899962314542	-0.00012950938721785309	-1	
3.1410821011621777	2.4371881094682162	-0.00019005888432556577	-1	
3.1874999999999996	2.4372499999999997	-0.00018492827994155556	-1	
3.3866442602847706	2.46653779110442	-0.0001969432878539584	-1	
3.3416247447083558	2.4502588792198505	-0.00018986782352646968	-1	
3.3634223660856919	2.455629591596598	-0.00019423034227142934	-1	
3.3761041952535189	2.4538804844665272	-0.00019790563032554093	-1	
3.326753696513467	2.4374356715953511	-0.00018773602632031106	-1	
3.3122832727453431	2.4091975868282569	-0.00054438946248850653	-1	
3.2511269473493782	2.3720555714891871	-0.0018491457239175715	-1	
3.2111772230437312	2.3967121564248428	-0.0014684207859761603	-1	
3.4334213738547574	2.4569274642861081	-0.00020532819943878592	-1	
3.4078462496434421	2.4477039382400561	-0.00020580951208924996	-1	
3.4379530248124004	2.4301202907919754	-0.00021386818637189267	-1	
3.7767880800665354	2.2853793238285998	-0.00023654063567056695	-1	
3.9579255809104361	2.2818709646463877	-0.00022198434872396664	-1	
3.4985989305311382	2.3015773450180208	-0.00025476961849514791	-1	
3.6073409701366188	2.228974448104545	-0.0002655928697419848	-1	
3.4296427136760053	2.3376930899971624	-0.0002457878595722134	-1	
3.3993623547472129	2.3899995705804646	-0.00022694191101387638	-1	
4.3540370956987733	2.9502755549472792	-0.00012341609223645553	-1	
4.5574112855465083	3.0997110791061719	-0.000109269330125879	-1	
5.2765663686376172	4.270947311117741	-4.6009371699472985e-005	-1	
5.2307112538588552	4.0838351271084061	-5.4216065123292993e-005	-1	
4.8712990962997287	3.4250122716260596	-8.655835125119208e-005	-1	
4.8353255181862922	3.2845216509120103	-9.6214476044881328e-005	-1	
4.9807456872566602	3.5201603486366233	-8.1749564469556145e-005	-1	
4.703298099416152	3.0795079590314378	-0.00011136770471520712	-1	
4.8223713803416732	3.1478448029231965	-0.00010634351152890319	-1	
5.0635983674298641	3.662674784547296	-7.4184410736267921e-005	-1	
5.1147174258921311	3.8079086878442494	-6.6609092445546876e-005	-1	
5.2623499967223362	3.8859577605572557	-6.5575201674045243e-005	-1	
5.4176233851718489	4.3868776377121534	-4.483502750613165e-005	-1	
-2.1681319873475364	4.5860861304560485	0.00056017238407851341	-1	
-2.1613505450254671	4.4434493230300482	0.0005658774621674701	-1	
-2.1538869106685707	4.2767281637937531	0.00057280870553811541	-1	
-1.982382303420654	3.9586762516864176	0.00058319990254677415	-1	
-2.11591140859684	4.0233999334778225	0.00058320966471818241	-1	
-2.2192347054817354	4.1468704943578363	0.0005801929667257988	-1	
-2.2270173205990371	4.8099911670110114	0.00055323263037469273	-1	
-2.2855590403436712	4.7419754747749341	0.00055776803443744708	-1	
-2.2437217606489792	4.6488840466328041	0.00056004211284220397	-1	
5.4170059928448229	5.1341856012293814	-1.3462789713415866e-005	-1	
5.4812529018469309	5.0715309763028298	-1.8341866357739681e-005	-1	
5.4586998279090544	4.9860514489201453	-2.0769310508032529e-005	-1	
5.5330900830301637	4.590987749178062	-3.9470266196825467e-005	-1	
5.5360576185467547	4.4767003354774344	-4.4481252935451727e-005	-1	
5.6123287965081392	4.6520761807387121	-3.9527336302349747e-005	-1	
5.5897442363347682	4.7477178544258729	-3.4904221682733873e-005	-1	
5.5695097941521672	4.8477525449854602	-3.0224800503086968e-005	-1	
5.519508029482127	4.9218817257863892	-2.5517048651045266e-005	-1	
-1.853842653938611	3.2872738257248324	0.00061644641087348951	-1	
-1.9265449180271232	3.4061757521954728	0.00061063015929732883	-1	
-1.7417634483402091	3.2157201749786464	0.00061979513937544068	-1	
-2.0166183738955263	3.6579274742796648	0.00059878713866651494	-1	
-2.1103537261757728	3.8835597297234123	0.00058956349954905997	-1	
-2.1414816488243265	3.7471147853262146	0.00059665257025591002	-1	
-2.0387704702559692	3.4888117779285395	0.00060760970715002653	-1	
-1.411705108733706	2.7188120331288439	0.00065368880403139206	-1	
-1.5056668077352149	2.8416831905709423	0.00064389710289874849	-1	
-1.298168985771937	2.6137612311651219	0.00066376090822735682	-1	
-1.627969909826432	3.026016013365886	0.00063118740836107766	-1	
0.29008628486839722	2.463840257542095	0.00069740851034772356	-1	
0.26608210156848955	2.4375	0.00069852425025626608	-1	
0.21966420313697915	2.4375	0.00069933857671639033	-1	
0.32410447460787761	2.4575995396159871	0.00070002399396837335	-1	
-0.71387094156230035	2.1880172644568763	0.00073054848518732546	-1	
-0.85704892625435503	2.239168233330461	0.0007148948585133535	-1	
-0.46313586763394965	1.9921404274422339	0.00078010916720294948	-1	
-0.62856622647964977	2.0621623380461371	0.00075244953221247286	-1	
-1.029540993672847	2.2972869867821384	0.00069909931863137553	-1	
-0.28238865427044918	1.9028207646874311	0.0008206226373272085	-1	
-0.082700907045267724	1.9306121464708983	0.00085728311716095848	-1	
0.125	2.2913688945102866	0.00078286999681428612	-1	
0.125	2.1470661952945314	0.00084696111594443626	-1	
0.10063764525278621	2.3899995705804651	0.00074345494610813915	-1	
0.125	2.3635202441181642	0.00075416117525383699	-1	
0.125	2.0027634960787761	0.00090060480336235033	-1	
0.11522855083541117	2.4117416887983865	0.00073428478589289826	-1	
0.15835817961398096	2.4503033548518287	0.00070594948239625932	-1	
0.17324630470546876	2.4375	0.00070377334739998225	-1	
0.12665789878988645	2.4530980083519864	0.00071346407564486778	-1	
0.11539809626186155	2.4471019037381381	0.00071830065150206698	-1	
0.13300236685719011	2.450079005928981	0.00071214748488025357	-1	
0.14423511818577472	2.4444980860842391	0.00070957383235403456	-1	
0.10920852215682782	2.4358774861641552	0.00072400938738873975	-1	
0.11176532144135087	2.4273315138190616	0.00072755289324738363	-1	
-1.2237801436348472	2.4956581175436034	0.00067470625060199419	-1	
-1.2363039761653782	2.3566430144060617	0.00068473446533970101	-1	
0.37052237303938806	2.4576069743393791	0.00070476702736848966	-1	
0.34731342382363284	2.4575995409905129	0.0007021796970294019	-1	
0.58411291008503807	2.3996705676431143	0.0024983256908964312	-1	
0.49388087546916837	2.4569892048160349	0.00072180917480892635	-1	
0.50251629194773784	2.4492316125597249	0.00072563078485397879	-1	
0.49121591602304032	2.4503855721071526	0.00072372117674318148	-1	
0.48076488181422522	2.4444980860842391	0.00072418517485917002	-1	
0.47496264451028647	2.4375	0.00072556838143073899	-1	
0.53362961880056936	2.4224098522582533	0.0014277795920224973	-1	
0.50544560062540245	2.4434934128748469	0.00072809293358438835	-1	
0.50914290661458461	2.4424728965758042	0.00072896181255865001	-1	
0.5115797468136607	2.437497684050637	0.0007311574989671666	-1	
0.52380979215083112	2.4303843300021031	0.0010588640797219264	-1	
0.51645431792401297	2.4320008200016012	0.00098328481575452324	-1	
0.53648517990458922	2.4114102959233179	0.0019352677550220788	-1	
0.56289325418814729	2.400406722277125	0.002455314128414782	-1	
0.38212684764726568	2.4375	0.00070966554746333698	-1	
0.46745842115242148	2.4249512642713342	0.0012846572165943022	-1	
0.44177481314527267	2.4089098529437964	0.0019658825450877665	-1	
0.41694027147089835	2.4147738640449781	0.0016811300066646244	-1	
0.39338358401366241	2.4170711116653227	0.0015575598492811509	-1	
-1.7475928137637002	3.0832419885460625	0.00062762621278367539	-1	
0.59551300932442131	2.2972029795699078	0.0072893370358895091	-1	
0.62177665741331123	2.2583729227401763	0.009138948633216815	-1	
0.63571149541099548	2.213613869864635	0.01125855602476725	-1	
0.66985340092701584	2.1628599038346601	0.013695465849134834	-1	
0.57377306018790442	2.3811259397381823	0.0033562818408987816	-1	
0.57922379624265041	2.359668814339662	0.004357780921975184	-1	
0.56141102489884664	2.3333615860719217	0.0055649054777875033	-1	
2.8616452208503897	2.3990034472611033	-0.0020160528295403552	-1	
2.8390401483302057	2.348966374108068	-0.0043838298166788943	-1	
2.920160869152447	2.4370159678261691	-0.00022411037744687366	-1	
2.9032980293397075	2.4085553927203791	-0.0015555891963496562	-1	
2.9396635503049877	2.4370120672899387	-0.00022242474263482737	-1	
2.9569915017766313	2.4532088824410518	-0.00021412557370966231	-1	
2.9684054272594058	2.4649099483344132	-0.00020850765765499302	-1	
2.7088356396434872	2.1880275266079647	-0.012213671413501222	-1	
2.7887624264322284	2.1906680625307677	-0.01193619078673103	-1	
2.8517130309053651	2.2462743802176632	-0.0092138131457293847	-1	
2.8791407081773586	2.2889421309922016	-0.0071756736568667498	-1	
2.4993606417523759	2.1671503700091042	-0.013590052370508931	-1	
2.5359356253548335	2.1540057096166905	-0.014312830756185047	-1	
2.6891886025841991	2.1381537413868301	-0.014655862826795478	-1	
2.6390888928865142	2.1386244748521621	-0.014782265842285121	-1	
2.5957613089660692	2.1319462013209347	-0.015232776846268892	-1	
2.5664723678294403	2.1306020695530417	-0.015399742122913413	-1	
0.98387242252662821	2.1499681553976329	0.015062530157046301	-1	
1.057545285074422	2.1211444806703081	0.015736797564701439	-1	
1.0328925701938099	2.11672644306319	0.016399235706881194	-1	
1.078936924662385	2.1040937993291289	0.015961553983127555	-1	
1.0948401507268573	2.1034782343305101	0.015625874342581794	-1	
1.1304203989456216	2.0841811292756294	0.015454346800012174	-1	
1.1654909424015298	2.0890985463403031	0.014457200037401139	-1	
0.9411449734792865	2.1419475965866464	0.015382425334571796	-1	
0.80046383477157856	2.1039826557773198	0.016793851159745181	-1	
0.84306434764726579	2.0976516409843531	0.017228791688372914	-1	
0.75	2.0625	0.018624634359180256	-1	
0.68795710156848955	2.0625	0.018463774770144235	-1	
0.91592188007284758	2.1138364350600849	0.016686311731132573	-1	
0.88959652147089863	2.0919310663116688	0.017664653155411689	-1	
2.3111286952945314	2.0625	-0.014115831716274783	-1	
2.3894750598676926	2.0878002282946557	-0.015311960657745495	-1	
2.357889419902409	2.0625	-0.015336612326335715	-1	
2.429074166618745	2.0966724961367458	-0.015929772991774786	-1	
2.4842616685764325	2.1279776037198173	-0.015463805002894623	-1	
2.4653167738942905	2.1116753024750885	-0.016045186449366717	-1	
1.9370428984315105	1.5625	-0.0044819329810478828	-1	
2.0305643476472657	1.6685374440343692	-0.006852869801673522	-1	
1.75	1.5625	0.00025722411517287202	-1	
1.5629571015684895	1.5625	0.0049957898221335275	-1	
1.4694356523527343	1.6704516184399805	0.0073665861448187556	-1	
1.3090660128309932	1.8122977497603057	0.01146569976504732	-1	
2.1584352727703426	1.7816607584382815	-0.010114659161750581	-1	
1.3080769711654805	1.9030365230071986	0.011521817356947671	-1	
2.2750297920106015	1.8421453004409556	-0.013114975030801819	-1	
1.27161865121678	1.9429029270201528	0.012471362651837571	-1	
2.291917657029297	2.0153727654425428	-0.013615121131514751	-1	
2.3470828088282478	1.9584411563246222	-0.015043697300411753	-1	
2.3689907207394021	1.8802824374590956	-0.015576693574251274	-1	
1.1888713047054686	2.0625	0.014630630034651518	-1	
1.2029189603369987	2.0273050227354719	0.014265589910969505	-1	
1.2335586057288459	1.9879688703958447	0.013465492288547747	-1	
2.9881868986332858	2.4719773630271664	-0.00020393033334992176	-1	
3.0018151463292382	2.4676671652423807	-0.00020392961960069797	-1	
3.0179712192134409	2.4575040985007406	-0.00020518915646475054	-1	
3.0598329210730735	2.4504726432236832	-0.00020080956586219923	-1	
3.0424306388933067	2.4471270209618519	-0.00020459345771356029	-1	
3.030825304558364	2.4477562674444862	-0.00020632841522432273	-1	
3.0946642023243554	2.4371262189364322	-0.00019782649055135218	-1	
3.071455252905444	2.4370952736705402	-0.00020206848560714018	-1	
4.1841184744749462	2.4929475097234359	-0.00017931747919108307	-1	
4.1546777395117998	2.3057627753742804	-0.00020443437218142988	-1	
4.2606491104939295	2.6246808083811324	-0.00016077345466506803	-1	
4.430191225714414	2.8083020711734998	-0.00013739058471061324	-1	
3.1643495004085369	2.3933816841478515	-0.0017441298660144581	-1	
3.1179082873286004	2.4108054752020998	-0.0012668654882768658	-1	
3.3872255567433389	2.4500768532023462	-0.00020179711452209914	-1	
3.3557555525006864	2.4444724429928431	-0.00019345864552049364	-1	
3.3499626459323788	2.4374666168612431	-0.00019211909551769307	-1	
3.3714946369018066	2.4463360261922	-0.00019832824644448128	-1	
3.3647821065301335	2.4433950903816624	-0.00019634291117617969	-1	
3.3765994185578432	2.4450531613881665	-0.00020060619731511356	-1	
3.3402384882100375	2.4242072012025582	-0.00028108957201472095	-1	
3.3507489744045746	2.3899226683493828	-0.00042623721230103596	-1	
3.3205362692509599	2.3378331633175384	-0.001365721715887642	-1	
3.260635981783214	2.3038430146681637	-0.0031804091755813935	-1	
3.1958265820040697	2.3271478713335099	-0.0038572906072571922	-1	
3.3907961498149515	2.4358659571226058	-0.00020784136855800104	-1	
3.4031879030613408	2.4274766421226892	-0.00021264808957905908	-1	
3.7870955935702404	2.1548152845584463	-0.00026093581968602268	-1	
3.9091746015521038	2.1073818681167502	-0.0002539821149377448	-1	
4.0598515186384656	2.1593387198840959	-0.00023063724678322461	-1	
3.4766055917918584	2.2269074050858779	-0.0002819248935076082	-1	
3.6799027783037475	2.0795629521001713	-0.00029081556825018225	-1	
3.5138684256850294	2.0749148456866537	-0.00032376941037792816	-1	
3.375	2.2913688945102866	-0.00026599490437523559	-1	
3.375	2.3635202441181642	-0.00023728689408106162	-1	
3.3847714491645888	2.411741688798386	-0.00021796454578218381	-1	
3.375	2.399595918922103	-0.00022301665692982527	-1	
4.5324473843121416	2.9545631126824192	-0.00012253299874799263	-1	
5.3747942525427632	4.1409001504767033	-5.5262756186542502e-005	-1	
5.3583181121757208	3.9958986891985688	-6.2116076162577438e-005	-1	
5.062612950456618	3.3011741093080338	-9.6970421580093211e-005	-1	
4.955706074320692	3.1151304353612788	-0.00010891330523751156	-1	
5.1767357090968789	3.5015598956206349	-8.5800153240165849e-005	-1	
4.7593415837724216	2.9525415037564913	-0.00012144472583648522	-1	
4.8955208608164176	2.9257729138113504	-0.00012251006505242546	-1	
5.2837685475397809	3.6667931761914225	-7.8028039739231768e-005	-1	
5.3410786409825963	3.7830228759038573	-7.2778515271423606e-005	-1	
5.5032147841638466	4.1897125236565635	-5.6449135362189903e-005	-1	
5.5498351021444083	4.3189449757291101	-5.1855804042886562e-005	-1	
-2.2586930610439047	4.5479274612592953	0.00056449461841931155	-1	
-2.2875587401721833	4.3766455935648629	0.00057226477418695777	-1	
-2.3190199416901023	4.2525883037993477	0.0005782184554592051	-1	
-2.273997425463528	3.9929123236270203	0.00058813713182429635	-1	
-2.3639192740719057	4.1327381127415759	0.00058426621584582814	-1	
-2.3429048063958176	4.672948447771704	0.00056219454657832374	-1	
5.5443965517542173	5.0077646308108843	-2.3126185684586026e-005	-1	
5.6241617771324695	4.5495568824538308	-4.4112145569944662e-005	-1	
5.6458613135086466	4.4448637563562965	-4.9152294821390032e-005	-1	
5.68681108236445	4.7161837559348214	-3.9391399975064994e-005	-1	
5.7035420379182664	4.615503831957648	-4.3901479906131597e-005	-1	
5.667297479536856	4.8769748062411971	-3.2486218865990571e-005	-1	
5.7270173205990371	4.8099911670110096	-3.7084967474286739e-005	-1	
5.6064177083992348	4.942905988600101	-2.7841666793292324e-005	-1	
-1.8542374019209404	3.1543019586374434	0.00062374949546750334	-1	
-1.986638869089778	3.2804299595513267	0.0006176695290039131	-1	
-2.1590138186968346	3.5905708675660755	0.00060425624211435716	-1	
-2.2460598254982207	3.8493541011419263	0.00059387160685082268	-1	
-2.3386523991906651	3.7418837636124906	0.00060023346794295255	-1	
-2.1298995727559626	3.294296552951443	0.00061802408386451798	-1	
-2.2322457908594275	3.3954951856861424	0.00061419374047630979	-1	
-1.5610948023421996	2.678701664719024	0.0006536988748529147	-1	
-1.4644802714960612	2.536220533390865	0.0006648462548642653	-1	
-1.7004524801393821	2.8170114312593806	0.00064351984085532943	-1	
-1.7481884564857413	2.950636948704227	0.00063533713247983931	-1	
0.3125	2.4375	0.00070077211256681525	-1	
0.24287315235273432	2.3939702719759102	0.0017792269772503901	-1	
0.28929105078424477	2.4106697106117658	0.0015542102311405792	-1	
0.18770759125026515	2.4092135634187213	0.0010616435719921827	-1	
0.33570894921575523	2.4375	0.00070321983266681911	-1	
-0.82737133032489896	2.0962774876835648	0.0007303201513281088	-1	
-0.95672702066228688	2.0328459666425189	0.00072566784171931181	-1	
-1.0713458879246309	2.1201326652382382	0.00071083602966062493	-1	
-0.617431515200765	1.8828684736860484	0.00077176735128392526	-1	
-0.44026299716647671	1.7745270282730254	0.00080745159578740134	-1	
-0.83833502844417052	1.9507497507561067	0.00074203290674452669	-1	
-1.1906973305301114	2.2126705704326475	0.00069720977056460308	-1	
-0.16831270047549601	1.8144555441899097	0.00085587686531841533	-1	
-0.24008789396942568	1.6892754458247425	0.0008530823128014589	-1	
0.125	1.8584607968630209	0.00093432382688407188	-1	
-0.016446465915855552	1.7863094472551433	0.00089895840848178295	-1	
0.17946469110836583	2.3378324117334528	0.0018468971277811937	-1	
0.21331119452883163	2.2563521281690484	0.003798379695647005	-1	
0.22890191656391531	2.1018104766067633	0.0054592866202571779	-1	
0.125	2.399595918922103	0.00073945579857317718	-1	
0.14925162294842992	2.3899230809796603	0.00093885027806431818	-1	
0.20644681826517383	1.9026644079842177	0.0046665088378509299	-1	
0.27020039285888875	1.9699178478084962	0.0075828451446014692	-1	
0.11991959732287288	2.4221432156745646	0.00072944098660779983	-1	
0.125	2.4176337563240722	0.00073154107045361402	-1	
0.15003735548971353	2.4375	0.0007082176399324147	-1	
0.15973241294493318	2.4242681541399032	0.00079669055631770638	-1	
0.12333482764942193	2.4453486532333448	0.00071661054594078142	-1	
0.1283280791019018	2.444833275792202	0.00071486023464267486	-1	
0.11715134676665531	2.4391651723505778	0.00072106400226383798	-1	
0.13521001906545407	2.4434087044054742	0.00071238732790896765	-1	
0.13843288088183592	2.4375	0.0007115557966544155	-1	
0.11761232760935619	2.4340682329593961	0.00072352020582261108	-1	
0.12054526642038456	2.4289074047003032	0.00072596461419719099	-1	
-1.3934008146083368	2.367046911395366	0.00067808870981555971	-1	
-1.3667722289348982	2.2118741813608351	0.00068866355698135888	-1	
0.35891789843151045	2.4375	0.00070621874916629735	-1	
0.50166517235057806	2.4428454258740802	0.00072781367413919109	-1	
0.49657693669119407	2.4456984161252215	0.00072608540198345402	-1	
0.4897899809345459	2.4434087044054742	0.00072590647879192366	-1	
0.48656711911816408	2.4375	0.00072745412696161168	-1	
0.48076488181422522	2.4310111521620867	0.0010184233487745026	-1	
0.52690587526664667	2.4175243282619387	0.0016500803716517432	-1	
0.52101769805149123	2.4233900286388295	0.0013789386669286142	-1	
0.5042667102554339	2.4398435166311367	0.00072927543296445372	-1	
0.50670407652552552	2.4374986591846945	0.00073048923924543907	-1	
0.50914095243380075	2.432701992655117	0.00094961044694826056	-1	
0.51236905794987253	2.4278812634883691	0.0011705076740360324	-1	
0.52731553173612744	2.3999853885262263	0.0024560965060824672	-1	
0.52551553625582592	2.4084418978699302	0.002066587372193215	-1	
0.54043684889134769	2.3937611350200276	0.0027512724421746176	-1	
0.55167114883391755	2.379851471846532	0.0034004019803113	-1	
0.37142833054472579	2.4182891072577291	0.0014744784794557136	-1	
0.48114004833572144	2.4135550599560553	0.0018026780540496144	-1	
0.4707083803595461	2.3999754651135499	0.0023999153731126721	-1	
0.4526437809393708	2.392791312833614	0.0026906401379834764	-1	
0.42515019840180629	2.3859758094258696	0.00292492929672886	-1	
0.39875575296716653	2.3940204138164054	0.0025179594821450415	-1	
0.363219592365433	2.3978897620316637	0.0022738920732065749	-1	
-1.851884300873047	3.0174065931795	0.00063126098472541137	-1	
0.57720284827016388	2.2565214040709245	0.0091625109502899513	-1	
0.54486295273619589	2.2913560082504603	0.0074897885580257765	-1	
0.58843123159674127	2.2104874927898872	0.01133503923285291	-1	
0.63495688975765108	2.1524496209086914	0.014128452518240724	-1	
0.63593456619754385	2.1160465354464506	0.015839026065276901	-1	
0.54508302401796083	2.3606152366404496	0.0042850758531734713	-1	
0.52964444947630196	2.3338613540194779	0.0054995318025222398	-1	
2.8938995201840099	2.3512351431952694	-0.0042420765863897536	-1	
2.9340378568669454	2.4207792507651251	-0.00097618847931943398	-1	
2.9319375214052346	2.3919982433240894	-0.0023138740864976481	-1	
2.9494131777085677	2.4284442535703605	-0.00061765159196578595	-1	
2.9591662314575284	2.4370081667537082	-0.00022047409294062201	-1	
2.9723308192987905	2.4475610531304679	-0.00021472174077507609	-1	
2.981495452978713	2.4528665229857753	-0.0002116263555750966	-1	
2.7375715556790845	2.1427765857659447	-0.014317003307649141	-1	
2.8586577606849235	2.1960291300443022	-0.011569395111677167	-1	
2.7810214492157552	2.1209961451829962	-0.015249902178632244	-1	
2.9024150259538075	2.2448176253300982	-0.0092124637612765198	-1	
2.9266883699628634	2.3318077554471244	-0.0051195717937065561	-1	
2.942670900785318	2.2868127738623145	-0.0071960537983122288	-1	
2.5092013139488052	2.126338046129602	-0.015709629411192118	-1	
2.5400069622914909	2.1157480669196098	-0.016222731096411883	-1	
2.7189785507842448	2.0978702275377845	-0.016506186392478615	-1	
2.6724463769606119	2.0909319203402359	-0.016978798160642451	-1	
2.6401032384857239	2.0926284066175636	-0.017006440317041849	-1	
2.6096607499735422	2.1061304250824766	-0.016453820799546558	-1	
2.5810867009501384	2.1065630446477952	-0.016534129190861818	-1	
2.5648342231923436	2.1025170213404119	-0.016796574834564777	-1	
0.96769726152978475	2.1183171480895227	0.016624780357958946	-1	
0.98855262050898884	2.1147329763327019	0.01684097219149085	-1	
1.0649436816772213	2.0965121985559807	0.016581401606476108	-1	
1.0496327906863565	2.0966724961367449	0.016940856675938271	-1	
1.0305999172717073	2.0917861313197208	0.017562090671243608	-1	
1.0154670101004271	2.0987368554438319	0.017467664843743819	-1	
1.0778145837617592	2.0882182876703501	0.016602074316071851	-1	
1.1070400366416828	2.0764293320279599	0.016299160502037988	-1	
1.0895047649137286	2.0812460603302232	0.016567200766345613	-1	
1.1187302177936522	2.0625	0.01646682014821484	-1	
1.142110580097591	2.0625	0.015853295210524428	-1	
0.94956142542748923	2.1074137663111694	0.017124467977122786	-1	
0.81204289843151045	2.0625	0.01881460510564183	-1	
0.8740857968630209	2.0625	0.019040039998161444	-1	
0.79687338969779398	2.0178340796601169	0.018781416048952167	-1	
0.68782723173286009	2.0021248204700375	0.018477436969731365	-1	
0.75623895282874309	1.9938757622032037	0.01865809040494823	-1	
0.65121345644222473	2.0297398275025649	0.018394683668263169	-1	
0.6259142031369791	2.0625	0.018332574794440507	-1	
0.92061797068665374	2.0799127498464731	0.018374841485242561	-1	
0.90510724607877613	2.0625	0.019165154237892862	-1	
2.3345090575984702	2.0432297722059789	-0.014727173407237499	-1	
2.4163403256622562	2.0756083359288642	-0.016409184271663272	-1	
2.4046501445102866	2.0625	-0.016565062944529571	-1	
2.3629483653113352	2.032780427848083	-0.015471845250147324	-1	
2.392210794013264	2.0400299908699502	-0.016241012335140907	-1	
2.4338755973902098	2.0746068112828207	-0.016886121919599401	-1	
2.4455657785421794	2.0812460603302236	-0.016944232076962988	-1	
2.4863979442120216	2.1030755880022065	-0.016764424063239844	-1	
2.4663604336988096	2.0754130442839283	-0.017690204707561916	-1	
2.1240857968630209	1.5625	-0.0092032045456542678	-1	
1.9370428984315105	1.43625	-0.0033966078541484944	-1	
2.1708465214708985	1.6508990566910444	-0.01038796870188652	-1	
1.75	1.43625	0.00025819693358699599	-1	
1.5629571015684895	1.43625	0.0039133639629341868	-1	
1.3759142031369791	1.5625	0.0097178324046075411	-1	
1.3280857632682548	1.6499571742408432	0.010930264883086181	-1	
1.2478084911322267	1.824555547067972	0.013037091408619634	-1	
1.256680737512615	1.8863942146124486	0.012837212745873962	-1	
1.2587809776383805	1.7201957328691226	0.012698508966052652	-1	
2.2858054329912134	1.7495748733258201	-0.013328710955127403	-1	
2.3404467739532508	1.775767466126053	-0.014741489136490192	-1	
1.2297221513650654	1.9382556692462596	0.013553684931958819	-1	
2.3603548165393815	2.0044124881133327	-0.015402378983773037	-1	
2.3841306995645217	1.9887225586551815	-0.016027931866854708	-1	
2.428760414783838	1.9591148044592583	-0.017205782065642959	-1	
2.3944692740235025	1.8032137326460744	-0.016164790660169216	-1	
2.441360408332899	1.8435214492157552	-0.017451138918168557	-1	
2.4648468038960183	1.9055643476472655	-0.018142868398577091	-1	
1.1654909424015298	2.0332351599020924	0.01524281630708234	-1	
1.1841147057126316	1.9944048242343277	0.014753042402399696	-1	
2.9937468130046065	2.4588094363722299	-0.00020799060870099287	-1	
3.0060715594870797	2.4564671513850582	-0.00020718426766454687	-1	
3.0087696966530215	2.4498877251187432	-0.00020907236365753828	-1	
3.0192257859264733	2.4440237366374111	-0.0002094203538548487	-1	
3.0482463034865326	2.4370643284046483	-0.00020645695799023449	-1	
3.0366418287770771	2.4370488557717023	-0.00020857050930160817	-1	
3.0250373540676216	2.4370333831387567	-0.00021073005132844818	-1	
3.0830887396795683	2.41535169780221	-0.001125456012240029	-1	
3.0598686775298725	2.4236553006244685	-0.00079013667195880586	-1	
4.2897120260714692	2.3804319637102007	-0.00018744791080096629	-1	
4.2133561171592513	2.1164506560294885	-0.00022149394924830964	-1	
4.3033439220417913	2.2334554449437527	-0.0002020491151294756	-1	
4.4473903536132413	2.6223398111602001	-0.00015574218120693485	-1	
4.4336277699757947	2.4360916878371537	-0.00017462850312450714	-1	
4.5660841073517711	2.7270939431266261	-0.00014294552813644195	-1	
3.0934966567681612	2.342131631794599	-0.0041595408032436077	-1	
3.0749977280780589	2.3832128146350207	-0.0025027842111657226	-1	
3.3828566308833294	2.4391651723505778	-0.00020489466013858923	-1	
3.3615671206418343	2.4374820894941891	-0.00019547915987513023	-1	
3.3557753955929055	2.429590123828318	-0.00022405116012308261	-1	
3.3702671258798205	2.4400067895482644	-0.00019905228559762006	-1	
3.3740818883682349	2.4404307616212009	-0.00020099176363159454	-1	
3.3673693579965622	2.4374898258106623	-0.00019774351536908899	-1	
3.3773387083335886	2.4398418286902177	-0.00020287356091848474	-1	
3.3652045724368431	2.4116647865673042	-0.00025643288145760435	-1	
3.2800961617213114	2.2352783965746799	-0.00371575520126164	-1	
3.1699688435078399	2.2607685876641503	-0.0063561896728690816	-1	
3.0984546083404281	2.275730970890399	-0.0068123177740631678	-1	
3.3882240639148229	2.4273363827758043	-0.00021135190380573081	-1	
3.3823885116815027	2.4340680686380112	-0.00020733818835069959	-1	
3.7509672565569478	1.9518835681243565	-0.00030157190130399529	-1	
4.0374668159357885	1.9797923158265462	-0.00025489544059771342	-1	
3.8820048633313369	1.8872203577750108	-0.0002878525235088849	-1	
4.1783402581193059	1.979998251368468	-0.00023876932281906621	-1	
3.375	2.1470661952945314	-0.00032832978367214989	-1	
3.6063999304328056	1.9306121464708983	-0.00033484699824030885	-1	
3.375	2.0027634960787761	-0.00038485289686138554	-1	
3.3800804026771272	2.4221432156745646	-0.00021319441245337581	-1	
3.375	2.4176337563240722	-0.00021526167968461237	-1	
4.6726579500828489	2.8441565391430896	-0.00013105218934988993	-1	
5.4997644064997777	4.0318129314456357	-6.3776170267344881e-005	-1	
5.4641337112556911	3.8236583233081962	-7.3183309027080083e-005	-1	
5.2439540237455953	3.3040964831105244	-9.816306043124966e-005	-1	
5.1626715254497499	3.0964177594455382	-0.00011034284576906194	-1	
5.091596861485459	2.957909074965428	-0.00011914576584947475	-1	
5.3698095294716301	3.4937757115711681	-8.8810653989084484e-005	-1	
4.8935712756052077	2.7574016418675997	-0.00013468646670976645	-1	
5.0545771317644155	2.806694647262816	-0.00012917805605330547	-1	
5.4144565380936278	3.6745980144090482	-7.9842099414072961e-005	-1	
5.6293804828403804	4.1353370034774066	-6.2170313940481924e-005	-1	
5.7040002959211895	4.3551342781729865	-5.4579041044871515e-005	-1	
-2.3990371506796162	4.6029311123024277	0.00056657499010014849	-1	
-2.3539765131358314	4.5113564929478214	0.0005687641774862202	-1	
-2.3799226959009361	4.3651532755909797	0.00057526622958437707	-1	
-2.4226089162188584	4.2416815975771849	0.00058128021252094799	-1	
-2.4304732169695771	4.0490596016662241	0.00058920324950632842	-1	
-2.3902131350800468	3.8740380244829868	0.00059560202943843724	-1	
-2.5253624231927305	4.098329867276977	0.00058936784869416143	-1	
-2.5163084027145208	4.1961839260435232	0.00058534012244539134	-1	
5.7227749939123251	4.5191322308106434	-4.8365073093516525e-005	-1	
5.7855590403436707	4.7419754747749323	-4.1570257572758915e-005	-1	
5.8429048063958167	4.6729484477717023	-4.6006413421424664e-005	-1	
5.7994492292817013	4.5806013591144374	-4.823134809414811e-005	-1	
-1.980021399264156	3.1297871968605624	0.00062539730702272558	-1	
-2.127579303984549	3.1608306762487719	0.00062439149176586226	-1	
-2.3544132434758809	3.6006225061195263	0.00060659751526406195	-1	
-2.4686758217280635	3.68516368124881	0.0006047737425131694	-1	
-2.249754607050217	3.2146053841698414	0.00062249223451656208	-1	
-2.3674662329143201	3.3868826609475353	0.00061593866584458358	-1	
-1.6909472233478355	2.6505975380115352	0.00065321054891956138	-1	
-1.6423603922044929	2.5269415109911595	0.00066120190081702323	-1	
-1.5506779790008123	2.3742268335397436	0.00067228403230535207	-1	
-1.8796546168186419	2.8972407780787295	0.00063764512766200038	-1	
-1.8404742863617585	2.6611674456304488	0.00065045070021992188	-1	
0.32410447460787761	2.4174921203057087	0.0014172172843124429	-1	
0.2805023556697972	2.3622373331382591	0.0030099506855388119	-1	
0.23177219742142394	2.3426296673998763	0.0027029990313769685	-1	
0.32586519346337817	2.3813462131908478	0.0027055986347858029	-1	
0.34719731958538463	2.4161884364364603	0.0015156509926337978	-1	
-1.1093908549520313	1.9512764992363534	0.00071933375135658194	-1	
-0.99441257028180463	1.7888003923358671	0.0007382721268966967	-1	
-1.2349997583374013	2.0682914665423731	0.00070411672471721199	-1	
-0.78475392800598953	1.7948303177035716	0.00075906393695230365	-1	
-0.65205112844127555	1.6969948899931673	0.00078193929778872136	-1	
-0.53830626988660524	1.5962825118851491	0.00080466869263908088	-1	
-0.38747858034830673	1.578064827610437	0.00083167511983907024	-1	
-0.13311440979528341	1.6018617396348893	0.00088488631925514975	-1	
-0.22201760370976317	1.496122889357397	0.00086959257470344486	-1	
0.22991667007441266	1.7971032276493635	0.0057266827404936962	-1	
0.125	1.7141580976472659	0.00095174323363608109	-1	
-0.00092946115738362645	1.6420067480393881	0.00091703152319036962	-1	
0.30430817575458441	2.2209300269844952	0.0072647359524437754	-1	
0.31474838451497689	2.3089097767090543	0.0051229393728743841	-1	
0.34223191407503867	2.1018124079206504	0.010308655752867237	-1	
0.3205188522830501	2.0351019656877125	0.0097845868459909054	-1	
0.13479529890351788	2.4116651991975817	0.00077218366003661571	-1	
0.29680010688092096	1.8820773567627886	0.0088153584992135079	-1	
0.34864919689901647	1.9949518592167019	0.011157635648010974	-1	
0.34037898554121199	1.9484239155715841	0.010817967060433427	-1	
0.125	2.426652675025057	0.00072705361207753912	-1	
0.13012810215498519	2.4221432156745646	0.00073864912115221984	-1	
0.14423511818577472	2.4296449318992246	0.00073996328573954146	-1	
0.12266270541804938	2.4398372945819506	0.00071901446606079025	-1	
0.12591420313697915	2.4404319831638372	0.0007171431336081733	-1	
0.12972952492592771	2.440013097001239	0.00071513548219791407	-1	
0.12206801683616297	2.4365857968630209	0.00072110935653236553	-1	
0.13263064357789711	2.4375	0.00071381583553772638	-1	
0.13468647003143466	2.431692215715322	0.00072590773298174239	-1	
0.12268844945970851	2.4334168640507956	0.00072309827316691143	-1	
0.125	2.4311621343755494	0.00072446307044161484	-1	
-1.4026463694215305	2.0203199434897994	0.00069757805512845857	-1	
-1.4916362627909576	2.1361222675948062	0.00068744560440045196	-1	
0.50091458189276961	2.4393936875314357	0.00072896341696346062	-1	
0.49908579686302085	2.4404319831638372	0.00072832019467603166	-1	
0.49527047507407224	2.440013097001239	0.00072790861397982942	-1	
0.49236935642210289	2.4375	0.00072835770429605085	-1	
0.48946823777013349	2.4308604899585804	0.0010278552679977245	-1	
0.48765491906863773	2.4213962122958876	0.0014544353539979477	-1	
0.51900980324619006	2.4149302738144964	0.0017656262396855138	-1	
0.51096844161852706	2.4182371751450669	0.0016105524920150833	-1	
0.50182840623739022	2.4374996343187525	0.00072979233391579513	-1	
0.50384559988591104	2.4336536309171994	0.0009051596021106659	-1	
0.50663961827745518	2.4269682377701338	0.0012103908876217012	-1	
0.50593180841420404	2.4211786713601438	0.0014740006744414244	-1	
0.52610325046626238	2.3914248448441935	0.0028487915964900412	-1	
0.518918750806865	2.4020461175319987	0.0023557621951892406	-1	
0.53452214858166691	2.3849111175997479	0.0031548112630299515	-1	
0.53261335055517633	2.3741309353792728	0.0036500287528646144	-1	
0.49133427134435104	2.413484152034123	0.0018144761301250073	-1	
0.48700939151748684	2.4052197122549854	0.0021840853113227971	-1	
0.48139548948715222	2.3947129101719073	0.0026503720293602623	-1	
0.46783838094411284	2.3806642387063315	0.0032583047660992934	-1	
0.44079443077748576	2.3623621235461387	0.0039935080352134795	-1	
0.402947512614313	2.3542773247690687	0.0041752262872937866	-1	
0.36506448638809214	2.3621912055907055	0.0036879831234879258	-1	
-1.9755767357906044	2.982700143745129	0.00063291466078476473	-1	
0.5439408778480509	2.2267910507842448	0.010473972979076276	-1	
0.5	2.2964178984315105	0.0071465509704810677	-1	
0.5	2.25	0.0092652117428378943	-1	
0.52619729379750424	2.1803731523527343	0.012580202993797628	-1	
0.57988785277680444	2.1590955741371376	0.013720865340954172	-1	
0.60517740322554836	2.1314895955204283	0.015059751803765526	-1	
0.60927849359092079	2.0942762581922492	0.016812567084558638	-1	
0.52714148601100408	2.3646486077629749	0.0040809754171896454	-1	
0.5	2.3428357968630209	0.0050357656800462435	-1	
2.9483644169176264	2.3631554994321693	-0.0036411791947477778	-1	
2.9500233728155534	2.4144851234353131	-0.0012633462576907015	-1	
2.9542814770749994	2.3830665984875914	-0.0027150266394546183	-1	
2.9614170196649821	2.423507610507766	-0.00084251605565103605	-1	
2.9786689126100692	2.4370042662174778	-0.0002181005946175518	-1	
2.9722916247085518	2.4264391185426821	-0.00070468983681750742	-1	
2.9835456777082157	2.4424773411396781	-0.00021531829884581557	-1	
2.9910874695408523	2.4483796823217459	-0.00021209765554366166	-1	
2.924080808287667	2.1998814512189666	-0.011277754866434191	-1	
2.8430643476472657	2.0976876862820406	-0.01622619156955752	-1	
2.9054155846244498	2.1501083130164678	-0.013648343033640943	-1	
2.8120428984315105	2.0625	-0.017945108082992729	-1	
2.75	2.0625	-0.018103177714303566	-1	
2.9520681330351173	2.2399973737748282	-0.0093466742703822072	-1	
2.9647092162225119	2.3291719796150057	-0.0051922822561863745	-1	
3	2.2497499999999997	-0.0087357901086042942	-1	
3	2.2961053984315103	-0.0066283131177152406	-1	
2.5072014683907091	2.0938244144157339	-0.017385493110775693	-1	
2.5299457075039102	2.0887257929578587	-0.017610416825416565	-1	
2.5529146009867052	2.0907511408231549	-0.017422876205654306	-1	
2.6879571015684895	2.0625	-0.018292620742025201	-1	
2.6569356523527343	2.0625	-0.018401623081043861	-1	
2.6104034785291015	2.0775627546914044	-0.017845730160942572	-1	
2.6259142031369791	2.0625	-0.01851864755355721	-1	
2.5901833519439226	2.0852188396983897	-0.017548893119489636	-1	
2.566991776991824	2.0859080388467772	-0.017609309297643556	-1	
0.9638797717148494	2.0975032331082724	0.017667299237591902	-1	
0.97843206830890261	2.0879395323282819	0.018190747198326789	-1	
0.9954536628218088	2.0869356773011534	0.018252391398415471	-1	
1.0661244026097898	2.0812460603302232	0.017153598694729794	-1	
1.0544342214578206	2.0746068112828207	0.017698681491742065	-1	
1.0336395663011884	2.0754130442839278	0.018198721203056652	-1	
1.0183412904250178	2.0805147732321743	0.018311552328700492	-1	
1.0074753822595834	2.0821103810139898	0.018412682114858258	-1	
1.0778145837617594	2.0746068112828207	0.017105389332952779	-1	
1.0953498554897134	2.0625	0.017081871744132282	-1	
1.083659674337744	2.0625	0.017389871382481166	-1	
1.1070400366416828	2.0527851271289634	0.01677580271277198	-1	
1.1284636362735534	2.0388965032342585	0.016213586993399039	-1	
0.94388405759847016	2.0783393348061612	0.018545920544098305	-1	
0.84306434764726579	2.0274024566772098	0.018938286410385356	-1	
0.88959652147089863	2.0327806216047688	0.019116913854714125	-1	
0.82769514101075425	1.9853199969944033	0.018882627843469394	-1	
0.69780111238239684	1.9573623489204406	0.018489178904857319	-1	
0.64388466768295294	1.9890020075414203	0.01838434995869229	-1	
0.81377045856132002	1.9427377337352332	0.018819109324652909	-1	
0.74793311665155626	1.8877804460381638	0.0185678787861548	-1	
0.61040347852910148	2.0228241335681094	0.018318396296918317	-1	
0.59489275392122387	2.0625	0.018277632354697072	-1	
0.93612869529453147	2.0625	0.019297075411880863	-1	
0.92061797068665374	2.0454886394917047	0.019241028514829638	-1	
2.4280305068142254	2.0625	-0.017181485937904768	-1	
2.4163403256622562	2.0488279709502057	-0.016876118630684677	-1	
2.3869703485084828	2.0145653181635534	-0.0161041023103905	-1	
2.4115268635518978	2.0231028467318817	-0.016752937593453202	-1	
2.4397206879661946	2.0625	-0.017489761454503868	-1	
2.4514108691181642	2.0625	-0.017798341105836137	-1	
2.4895556399485375	2.0805278655315029	-0.017933701882249228	-1	
2.4631010502701338	2.0625	-0.01810562371799106	-1	
2.4806363219980874	2.0695800282376342	-0.018257049568454208	-1	
2.474791231422103	2.0625	-0.018411716658362866	-1	
2.1240857968630209	1.43625	-0.007049608610529238	-1	
2.2176072460787761	1.5625	-0.01154217097076647	-1	
2.0573097297107816	1.3423302344170138	-0.005744440059379111	-1	
1.8435214492157552	1.2322520603189879	-0.0015690145476646451	-1	
1.9838036230393881	1.2148276532242968	-0.0043092635866902587	-1	
2.2643679706866537	1.6154773525210697	-0.01270964759141688	-1	
1.656478550784245	1.2947838825820606	0.0020854175885254797	-1	
1.5424516821274006	1.2915090241663822	0.0043128897818308694	-1	
1.3759142031369791	1.43625	0.0075661621242964095	-1	
1.441648570852337	1.3449092510441314	0.0062814375858372181	-1	
1.2823927539212239	1.5625	0.012056647123737604	-1	
1.2356320293133463	1.6154765201406662	0.013223600564044188	-1	
1.1852181168208435	1.8023040458877995	0.014624392776083014	-1	
1.2016614267570773	1.8666647623191075	0.014247754457306281	-1	
1.1760707260941885	1.6932559154447746	0.014751497697863243	-1	
2.3673056499680456	1.683477289786965	-0.015303520593030048	-1	
2.3904293185957806	1.7415114697051934	-0.015969755923222657	-1	
1.1778270842199909	1.9397714400989268	0.014903869762087072	-1	
2.4262119621573071	2.0014395295231648	-0.017143899798537945	-1	
2.4705769266711326	1.9520965214708983	-0.018327843103634653	-1	
2.4545531923564425	1.992769069978136	-0.017901885198597735	-1	
2.4436068742433816	1.7656772605620479	-0.017380330683443662	-1	
2.5	1.8125	-0.018968472019178534	-1	
2.5	1.8745428984315107	-0.019066948102845323	-1	
2.5	1.9365857968630209	-0.019124431521594747	-1	
1.1419392632261776	2.0031152535584789	0.015858838342742806	-1	
1.1299278405914088	1.9597978730084413	0.01616585106344462	-1	
2.9974865075202191	2.4487165397542268	-0.00021110375648303656	-1	
3.0102021369265723	2.4429223170888559	-0.00021125087685092169	-1	
3.0034129700297987	2.4452107309938631	-0.0002115021118956926	-1	
3.0192351167128937	2.437025646822284	-0.00021175264319145694	-1	
3.0134328793581657	2.4370179105058107	-0.00021275803873630232	-1	
3.0424665625507052	2.4201842779128215	-0.00095333209699291206	-1	
3.024162190511511	2.428230806938207	-0.00060532264701231334	-1	
3.0543161797601139	2.4061343557480521	-0.0015584371512981387	-1	
4.3542951837332904	2.0780472521669511	-0.00021315492522427356	-1	
4.4451388207596718	2.1924416380729466	-0.00019669759047272637	-1	
4.6412549716885918	2.5325897661282308	-0.000157859686548044	-1	
4.5567220943300937	2.3198102402089109	-0.00017921731151361405	-1	
4.6551133329119736	2.4039027882159525	-0.00016797290632126973	-1	
4.7348140680278723	2.6805258435941504	-0.00014334464276660749	-1	
3.0549274517071208	2.3654187605830317	-0.0033427675582833132	-1	
3.0384377128961848	2.3276842644853706	-0.005065814458627616	-1	
3.0449537514289635	2.390317950448817	-0.002271902505439031	-1	
3.3779319831638368	2.4365857968630209	-0.00020494635833825828	-1	
3.365335874623772	2.4316935595449571	-0.00020978641865033705	-1	
3.3698716405257376	2.4221432156745646	-0.00022254399983557424	-1	
3.3731715953512897	2.4374975621271351	-0.0002010595044508899	-1	
3.375	2.4375	-0.00020298232331055464	-1	
3.3711577238192185	2.4336525973689551	-0.00020553063811832705	-1	
3.1803010690918287	2.1884401433433256	-0.0078477424373930398	-1	
3.2664384189958975	2.1149908148964633	-0.0050502053198236687	-1	
3.1298972594875458	2.199674996367734	-0.009036241911835434	-1	
3.0821946687604562	2.2111612921149617	-0.0095688648602802549	-1	
3.0442184476972067	2.2371036757354159	-0.0089980241056916918	-1	
3.3794547335796161	2.4289074047003032	-0.00020975877412724879	-1	
3.3773115505402913	2.4334168640507956	-0.00020691745386466255	-1	
3.7127938736044519	1.7094235782661877	-0.00034047642458936175	-1	
4.0267427224263912	1.8209774343537593	-0.00027263153432788989	-1	
3.8889632328071877	1.7111797140896097	-0.00030486969192189157	-1	
4.2706605993459412	1.8735918431127723	-0.00023776818983826944	-1	
3.505462397177415	1.7863094472551433	-0.00038506348440688591	-1	
3.375	1.8584607968630209	-0.00041729539138741719	-1	
3.2402859570828579	2.0158005253966254	-0.0065360173039654941	-1	
3.2561026748789663	1.8845717161932527	-0.005876228858563229	-1	
3.375	2.426652675025057	-0.00021083384938318947	-1	
5.6391395445148333	3.9418566551817946	-7.1160814065533723e-005	-1	
5.5894186617638617	3.7553817516878016	-7.8894321731480088e-005	-1	
5.3088263439279944	3.1347308809228545	-0.00010828243094563367	-1	
5.4145876273346021	3.2426367527460855	-0.00010274670375140326	-1	
5.3081802070896211	2.9836391579565373	-0.00011674784264488156	-1	
5.2089646441254089	2.855629716675355	-0.00012462301011723613	-1	
5.5349895930291675	3.6234898052591298	-8.4382246383035088e-005	-1	
5.5456846560510709	3.4137380111664002	-9.4974457708989636e-005	-1	
5.0233711438776991	2.6501417691523286	-0.00013965930077853826	-1	
4.9087182532565263	2.5390682259619157	-0.00014954049664969585	-1	
5.1808347317738148	2.6763683932497093	-0.00013528845398964935	-1	
5.8040275265753927	4.2191719280373894	-6.2920031258358316e-005	-1	
5.8162832199127008	4.0843737683344887	-6.8847415835515097e-005	-1	
5.8285142335350857	4.3824147500427388	-5.690236680116986e-005	-1	
5.8126563141146024	4.4793988646984895	-5.2581187781824111e-005	-1	
-2.4539389747392315	4.531944796325762	0.00057086408131322387	-1	
-2.4187694744929682	4.4497351973195469	0.00057300892651299324	-1	
-2.4719462026361891	4.3791120684622378	0.00057717219370535019	-1	
-2.5101930188210542	4.2980611759358762	0.00058128827727850138	-1	
-2.5228123174124888	3.9951614471485777	0.00059333334760042179	-1	
-2.6010712694343012	3.8337858829981957	0.00060115127414073883	-1	
-2.6080419025981918	4.1514476212689182	0.00058921036454630195	-1	
-2.6105980964183453	4.0494190084245441	0.00059309779140662145	-1	
-2.6609123247786277	4.2387464782159352	0.00058721040565918562	-1	
-2.6110959938896841	4.3133896327431618	0.00058323440982914845	-1	
5.8990371506796153	4.602931112302425	-5.0333389000274288e-005	-1	
-2.0944030703634695	3.0315331069989835	0.00063044401146381836	-1	
-2.2488220002464803	3.0167749871647587	0.00063122573536301399	-1	
-2.4493478475879091	3.4948370249646485	0.00061231476489489946	-1	
-2.662078567752252	3.7322008076116457	0.00060607004696078607	-1	
-2.5844432499126548	3.6302882669205165	0.00060873855084000626	-1	
-2.4246370434206206	3.2640403149997863	0.0006215813390295559	-1	
-2.3842635242232086	3.0923964232137848	0.00062835594235800514	-1	
-2.5183129845630017	3.3707318911214417	0.00061810943939296715	-1	
-1.773589199600057	2.5465696718402882	0.00065741261394755644	-1	
-1.693408761621447	2.356291279289557	0.00066909723489314227	-1	
-1.6261142477678863	2.2291488048013939	0.00067748424166739162	-1	
-1.9795311280415542	2.8109052506859413	0.00064143984415841553	-1	
-1.9265616142957411	2.5341048491178775	0.00065535056216376277	-1	
-2.0080366835979997	2.6819999595351516	0.00064739724844570907	-1	
-1.1281638781100256	1.816070553885518	0.00072545893075669275	-1	
-1.2751320558524002	1.9013798196166067	0.0007108395791613363	-1	
-0.94948547683172513	1.6664641189809248	0.00074875210864965795	-1	
-1.0720818018945213	1.6849274679582762	0.0007362633004299418	-1	
-0.82928517398074042	1.6360891067357619	0.00076296442059502255	-1	
-0.70622131589665793	1.4947501235572209	0.00078417110924871626	-1	
-0.5019586157007323	1.4487707361281652	0.00081668603123021281	-1	
-0.33608535203754936	1.4007217924535862	0.00084863268663576158	-1	
-0.041312612845337771	1.4255526992157552	0.00091487144048403785	-1	
-0.16011678251370606	1.3122676914564584	0.00088800754412123495	-1	
0.37748268200051283	1.7867203852574827	0.012453215528612185	-1	
0.28524963954647731	1.7041932753996778	0.0081861503220533767	-1	
0.125	1.5698553984315105	0.00095682796485055779	-1	
0.38628338209416785	2.1873219942223807	0.010504251858677989	-1	
0.38898212494312123	2.2470021701525149	0.0084071560919109795	-1	
0.37278175262194235	2.3045048183408521	0.0059753450461652348	-1	
0.4075921080955941	2.1273032924265323	0.012567345334387386	-1	
0.39622906443811512	2.0570234817450412	0.013183800375846377	-1	
0.39527127495157488	2.0101086786689373	0.013295015033156865	-1	
0.37036435342868357	1.9118982581729969	0.012202367329595119	-1	
0.38183828408517817	1.8602733393031834	0.012707118317584899	-1	
0.38546586165978708	1.9625808763193673	0.012892439114223934	-1	
0.12919087103632534	2.4289074047003032	0.00072781530476464455	-1	
0.125	2.4375	0.00071913112415689551	-1	
0.12682840627395833	2.4375	0.00071718650932250168	-1	
0.125	2.4356715937260418	0.00072116696615833528	-1	
0.12884618630081618	2.4336538136991837	0.00072166742186024503	-1	
-1.5552490438693771	2.0046582288865262	0.00069080091332575507	-1	
-1.4865869780340395	1.8674781054422982	0.0006996861463736474	-1	
-1.6897097377080632	2.078503928594559	0.00068205991311088556	-1	
0.5	2.4375	0.00072952045615765613	-1	
0.49817159372604175	2.4375	0.00072924753323531596	-1	
0.49615381369918382	2.4336538136991837	0.00090335783388572277	-1	
0.49452592736312012	2.4281526848523991	0.0011521436308120584	-1	
0.4940329048405997	2.4217820859943036	0.0014404103237134634	-1	
0.5111866078965065	2.4111359744381073	0.0019349669683073614	-1	
0.50547692747556094	2.4153637631622562	0.0017386862799644307	-1	
0.5	2.4356715937260418	0.00081260263677262882	-1	
0.5	2.429869356422103	0.0010762559301300816	-1	
0.5	2.4240671191181642	0.0013399631840046997	-1	
0.5	2.4182648818142254	0.0016036470534886826	-1	
0.51852529460095143	2.3896363805527212	0.0029241542006540611	-1	
0.52446035067441377	2.3814374004313255	0.0033063615655524589	-1	
0.51415533022473892	2.3960805586204894	0.0026252251639045268	-1	
0.51069798298112712	2.402886792440011	0.0023114028604689562	-1	
0.49526494752624456	2.409561525858317	0.0019952601208748015	-1	
0.5	2.4124626445102866	0.0018671964422124789	-1	
0.49496624477850593	2.4037592885543786	0.0022578127114902353	-1	
0.49330309720801885	2.3950559325984702	0.0026502557954875597	-1	
0.4873472367943002	2.3814158406036481	0.003258516995237719	-1	
0.47836006356089666	2.3611248941051919	0.0041553207748440176	-1	
0.46183631615875548	2.3196268476472657	0.0059647891318061154	-1	
0.41965166126336151	2.2982699588108719	0.0066036057573674971	-1	
-2.0808344472483604	2.8955620773565376	0.00063687094109963983	-1	
0.5	2.2035821015684895	0.011384629330809868	-1	
0.45974664358642803	2.2732089492157552	0.0080159375160165722	-1	
0.45592098687441951	2.2267910507842448	0.010006808162886497	-1	
0.52979993833844552	2.1455597285291015	0.014223468824253705	-1	
0.5	2.1571642031369791	0.013521996565143876	-1	
0.54725105782102956	2.1187612475142266	0.015534860395623745	-1	
0.57658924954878377	2.1073158724592305	0.016141570919737024	-1	
0.57938202931334626	2.0763073541008894	0.017602863414212095	-1	
0.5	2.3660447460787761	0.0039783980283132573	-1	
0.51539355227010719	2.3769383636097552	0.0035021133859129221	-1	
2.9808225315493928	2.3632658669360058	-0.0035992404836152985	-1	
2.9750077701808797	2.3816939220545037	-0.0027584031329840881	-1	
2.9645258482512729	2.4154331043098196	-0.0012136559179901662	-1	
2.9649234089312508	2.4009051172845015	-0.0018832344914980752	-1	
2.9720306185371532	2.4197390175086406	-0.0010127566493851809	-1	
2.9884202531863395	2.4370023159493628	-0.0002167520241062684	-1	
2.9835434837266583	2.4315074333519391	-0.00046907760396462596	-1	
2.9799812804481016	2.4243917222215816	-0.00079631262921520455	-1	
2.9908590831358044	2.4419758553689634	-0.00021451639249280488	-1	
2.99455306115942	2.4429897996955185	-0.00021361182009875163	-1	
2.9536056735995104	2.1911075634045685	-0.011619185485814908	-1	
2.9539122330391208	2.1603081348324	-0.01306002943164454	-1	
2.8895965214708985	2.0917496414374641	-0.016417558881450592	-1	
2.8740857968630209	2.0625	-0.017818138500905814	-1	
2.9511150283776	2.1309374467557678	-0.014447811437248492	-1	
2.9211957508455382	2.1016295607190445	-0.015896973988965283	-1	
2.8461018668381506	2.0285611340941774	-0.017884686900659461	-1	
2.8061233129332761	2.0108402495005913	-0.017973753249411348	-1	
2.7094820982362449	2.032059773236174	-0.018235638636872453	-1	
2.763615036062514	2.0005757027213735	-0.018080674734289058	-1	
3	2.2033946015684895	-0.010861266308216365	-1	
3	2.3424607968630209	-0.0045166406892025602	-1	
3.0297679007332858	2.2086348859872618	-0.010393481306943026	-1	
2.5036949996207056	2.0774254134130659	-0.018229022787669569	-1	
2.5136367897633658	2.0783386404295507	-0.018178021174225543	-1	
2.5224305114047452	2.0709101940876193	-0.01853481121507845	-1	
2.5351672272955836	2.0760303110616527	-0.018227005223587611	-1	
2.5561159424015298	2.0757424723108064	-0.018155512865342283	-1	
2.6724463769606119	2.0363362480196452	-0.018358186414287297	-1	
2.6420490589807057	2.0352743840079106	-0.018469434828446284	-1	
2.5948927539212239	2.0625	-0.018643982453535667	-1	
2.6104034785291015	2.0356279050505566	-0.018594075996703804	-1	
2.5638713047054686	2.0625	-0.018777387903892346	-1	
0.9614146597900004	2.0802649927117454	0.018521075958800291	-1	
0.97756948859525372	2.0709101940876193	0.019054432623592594	-1	
0.99049196433370756	2.0758854329198573	0.018830201221986396	-1	
0.99765166849135911	2.075023703331663	0.018879949087818027	-1	
1.0719694931857746	2.0625	0.017698416666932566	-1	
1.0602793120338052	2.0625	0.018006849642567432	-1	
1.0485891308818358	2.0625	0.018315644312202038	-1	
1.0368989497298664	2.0625	0.018623646484133494	-1	
1.025208768577897	2.0625	0.018930828367732213	-1	
1.0193636780019124	2.0695800282376329	0.018784122857405747	-1	
1.0087051704197905	2.0752460812030367	0.018749277683826445	-1	
1.0920242862498217	2.0504258199349792	0.01717188196517954	-1	
1.083659674337744	2.0411049561031129	0.017394475391303586	-1	
1.0675787577169169	2.0504958762498648	0.017817472076417533	-1	
1.1027886670431601	2.0323521211496702	0.016890307430733078	-1	
1.1037091762220472	2.0025229717139239	0.016866726720959405	-1	
0.95163941990240886	2.0625	0.01936566371036667	-1	
0.88859868773627593	1.9607851220778387	0.019110744049091775	-1	
0.92486846478590046	2.0095553436490068	0.019272564548347026	-1	
0.66388779281413712	1.9048462774513992	0.01838391728411878	-1	
0.60013802488540835	1.9374357905844715	0.018292240162897575	-1	
0.59716104020218908	1.979956076347783	0.018300875094966407	-1	
0.87889740547057338	1.8905939021590521	0.019005365058848575	-1	
0.63611739543586776	1.8419821724153833	0.018252866336040844	-1	
0.68008945193992376	1.7880677681538106	0.018235293689293074	-1	
0.86408173638263241	1.8063609626630839	0.018798636675731367	-1	
0.5695434727935893	2.03487473049426	0.018248181191421745	-1	
0.56387130470546865	2.0625	0.018225760072074527	-1	
0.94315230536985895	2.0407798472272378	0.019343373081203975	-1	
2.4338755973902098	2.052840321773739	-0.017338305114166709	-1	
2.4352859738953203	2.0340780965798415	-0.017380540931077337	-1	
2.4451376888097149	2.0520404692029022	-0.017636122196414923	-1	
2.457255959694149	2.0534196307051307	-0.017955443809795357	-1	
2.4897471276625001	2.0684464040351447	-0.01851687823506518	-1	
2.496579708495168	2.0706962410225613	-0.018538928650753204	-1	
2.4697258096665986	2.0526219435644149	-0.018284618264293589	-1	
2.4864814125740722	2.0625	-0.018711371542789807	-1	
2.4806363219980874	2.05467016649422	-0.018568822099261043	-1	
2.2176072460787761	1.43625	-0.0088750857815459022	-1	
2.1723433837884558	1.3492022021862522	-0.0079890348738387417	-1	
2.2959581717479813	1.496149408356567	-0.011953374535584295	-1	
2.3111286952945314	1.5625	-0.013847676258081273	-1	
2.1359457639509953	1.2580904597826084	-0.0072786222363258844	-1	
1.75	1.12625	0.00025826822926647964	-1	
1.9370428984315105	1.12625	-0.003396880029531099	-1	
2.0773250722551433	1.1789625650024276	-0.006135382111712045	-1	
2.0305643476472657	1.12625	-0.0052233183916501674	-1	
2.3345090575984702	1.6069103709741956	-0.014427952222361875	-1	
1.5629571015684895	1.12625	0.0039130615489246763	-1	
1.451421070664622	1.2227610841969505	0.0060907149501681825	-1	
1.2823927539212239	1.43625	0.0093910283249844569	-1	
1.3291534785291015	1.3479082045188668	0.008476522775126746	-1	
1.3291534785291015	1.2146178458920827	0.0084766133961886054	-1	
1.1888713047054686	1.5625	0.014358871094174682	-1	
1.2053798040903909	1.5074720420931653	0.012696782509195256	-1	
1.1654909424015298	1.6069146874573448	0.014937433327502017	-1	
1.1305157785175874	1.7524816089373023	0.015970247905285704	-1	
1.1232022900978316	1.8261099589572791	0.016249932304701911	-1	
1.1367973394195621	1.9079601905654482	0.015962447256559174	-1	
1.1033169510978516	1.6455733431867359	0.016473718773565064	-1	
2.4293041358032834	1.6758054032051375	-0.016816519480830568	-1	
2.3997913090936906	1.630116704700602	-0.01601524551412372	-1	
2.4597591047788043	1.7095439966170256	-0.0176629189387702	-1	
2.4522281057267827	2.0231368570615325	-0.017833756076580821	-1	
2.4825756562093648	1.9831179706866537	-0.018659148533390221	-1	
2.5	1.9676072460787761	-0.019135092540197084	-1	
2.4808787371755061	2.0063840575984702	-0.018609019498985236	-1	
2.5	1.7504571015684895	-0.018826949787880916	-1	
2.5487235593093116	1.7704561263465812	-0.018594514295450809	-1	
2.5909523458824202	1.8240297025562866	-0.018508477312202128	-1	
2.5525236558915769	1.9281558905647072	-0.018842709943828938	-1	
2.5947562952835335	1.8921393821348018	-0.01860248124254358	-1	
2.5292611023886429	1.9520965214708983	-0.018974844796827171	-1	
1.0889698515813586	1.9290994134058719	0.017236759183473234	-1	
1.0840726236238398	1.9800500703599297	0.017385008905091582	-1	
2.9983277095956291	2.442337430230161	-0.00021330135068515038	-1	
3.0047261725319685	2.4395194016104664	-0.00021333408381866121	-1	
3.0076306420034378	2.4370101741893375	-0.00021375746242937647	-1	
3.0009102930169451	2.4399331994940656	-0.00021378853221695835	-1	
3.0157708221442459	2.4310301275595876	-0.0004821757412242346	-1	
3.0093623188732237	2.4315307340990615	-0.00046172007453997656	-1	
3.0259327593439207	2.4134779479618569	-0.0012641643192578644	-1	
3.0280504355176494	2.395826326437188	-0.0020507858143520644	-1	
3.0160911526271179	2.4246100878818435	-0.00077111688978837424	-1	
4.4719310655945383	1.9914421644773861	-0.00021030947284385345	-1	
4.6400840412394011	2.1724183355524778	-0.00018597499291521597	-1	
4.7701532025225957	2.4813811816004621	-0.00015773144323069058	-1	
4.7691528932246694	2.3426870129314725	-0.00016759636516979734	-1	
3.0281913420434625	2.3675692938340593	-0.0033156522203661191	-1	
3.375	2.4356715937260418	-0.00020500216388522489	-1	
3.3708102785577161	2.4289074047003032	-0.00021166453648112336	-1	
3.375	2.4311621343755494	-0.00020826952980637509	-1	
3.1536629816791946	2.1247963049819973	-0.0098095207765980779	-1	
3.1222115624763043	2.1512146805049541	-0.010550356169439883	-1	
3.0880616469910382	2.1740380371270001	-0.010846906228098266	-1	
3.0553072444751326	2.1924691686789526	-0.010762281354596837	-1	
3.6859154644576244	1.5294194619846537	-0.00035896531453964931	-1	
3.5429188429052614	1.6420067480393881	-0.00038824203198471947	-1	
3.898726655324352	1.5140762305738007	-0.00031559279988860903	-1	
4.1081817437612873	1.6842117275306381	-0.00027154485910632636	-1	
4.0385800680124495	1.555900258498143	-0.00028944340917608848	-1	
4.4127861032522748	1.7974821526230964	-0.00022853149088705499	-1	
4.2912977103271217	1.6914967091342521	-0.00024761203571190872	-1	
3.375	1.7141580976472659	-0.00043414187428318294	-1	
3.2151167508198428	1.7613021797963546	-0.00770079418503426	-1	
3.1406470173335777	2.0401879500415911	-0.010981955215697637	-1	
3.1572354635156956	1.9555902246713728	-0.010409086157597211	-1	
3.1360583491458858	1.8643797898736429	-0.0113852132471579	-1	
5.8121226899873975	3.8258847720534805	-7.9791868851044898e-005	-1	
5.8658906682683503	3.9584378840675005	-7.5209405353759853e-005	-1	
5.7253888655234526	3.7121369514726892	-8.3272015466228611e-005	-1	
5.4460574467120226	3.1060097892852494	-0.00011004348980451878	-1	
5.5350654962798469	3.1984491238148811	-0.00010565030056324082	-1	
5.4920005786225303	2.9735465668179177	-0.00011675699476018773	-1	
5.3638048341867233	2.8081464508525196	-0.00012587493647838718	-1	
5.6496215717576534	3.5241862278935616	-9.0802332349050911e-005	-1	
5.6672675099872256	3.3706935558937254	-9.8194694203311523e-005	-1	
5.1462060753349821	2.4791150035506568	-0.00014708453767329558	-1	
4.9573247152371511	2.3903697401696609	-0.00015753551599473255	-1	
5.3259509163489387	2.5674316821758887	-0.00013878535903346861	-1	
5.8923293969265629	4.1963457507231343	-6.6033839779379143e-005	-1	
5.9169541259859937	4.3395687755856445	-6.0960193633897862e-005	-1	
5.9588680334513073	4.1339689559375374	-7.0092484649129144e-005	-1	
5.9976860681533655	4.0252108758074225	-7.5250744410467689e-005	-1	
5.9072870026724846	4.4411705407899689	-5.6761731043792051e-005	-1	
5.9539389747392306	4.5319447963257584	-5.4613235892414442e-005	-1	
-2.5075935549472099	4.4600111229612125	0.00057507091003693471	-1	
-2.5599845475986553	4.3871520039025231	0.00057919604422313224	-1	
-2.6162315440306614	3.951308578948848	0.00059692571994173448	-1	
-2.6997083296298996	3.8994528331734277	0.00060049983839274563	-1	
-2.7501889463682598	3.7630977967856154	0.00060641486074488552	-1	
-2.7094183657285171	4.163245277348798	0.00059107204786655685	-1	
-2.7565993413293883	4.0869090285389298	0.00059487297581258913	-1	
-2.7007144402114784	4.001508502821375	0.00059678496235992065	-1	
-2.2118522284566327	2.890998514514429	0.00063676242507590918	-1	
-2.367487929086876	2.9168680037266541	0.00063542367825241948	-1	
-2.640295103330033	3.48313436709459	0.00061513385707903493	-1	
-2.7123544012447018	3.6230670557280185	0.00061090396812265007	-1	
-2.6143284068804147	3.1302683754834457	0.00062804395067099842	-1	
-2.6502972975361598	3.3184020192198465	0.00062135078289218587	-1	
-2.5241776784806382	2.9850853050654007	0.00063302735496896967	-1	
-1.8210393414031736	2.4226553924708574	0.00066264028533771378	-1	
-1.8477799874449892	2.2153173643509834	0.00067114150699734839	-1	
-2.1479468109524968	2.77653200101736	0.0006419746769482105	-1	
-2.0644100433096488	2.4919050268469563	0.00065505845356753447	-1	
-1.989798052951864	2.3685516106958437	0.00066141074430056863	-1	
-2.1852825891970866	2.5704724630529889	0.00065033197845334751	-1	
-1.2008407296402661	1.7005233803659769	0.00072486628685114408	-1	
-1.3982201080968446	1.7261318760239113	0.00071005424544113064	-1	
-1.0214579840339524	1.5655150606327284	0.00074510890543397689	-1	
-1.1709439601608325	1.4780113604813241	0.00073378231370142973	-1	
-0.85236499951809486	1.4501086158619922	0.00076668763420706984	-1	
-0.60348426480370643	1.3123153322141055	0.00080301080333245714	-1	
-0.7268054660536597	1.3630130130571478	0.00078445681664501474	-1	
-0.43492435401412505	1.2896197124222206	0.0008314338169198946	-1	
-0.29398970667256846	1.2581006960466126	0.00085898304630110684	-1	
0.125	1.4255526992157552	0.00095850066298135811	-1	
-0.032429380318032219	1.2090986503921226	0.00091870801968781124	-1	
0.125	1.2812500000000002	0.0009586101103711091	-1	
-0.1959445345411997	1.1520668927747078	0.00087890924310427498	-1	
0.44460901661554453	1.8171023456866537	0.015552047474331249	-1	
0.40804208691831362	1.7196746464708985	0.01376184755738199	-1	
0.41531247998549015	1.6222469472551431	0.013941621897704128	-1	
0.29352749528349054	1.573142496274148	0.008446455958172604	-1	
0.43792761368215616	2.1500502929900911	0.012865409236443677	-1	
0.43487519471751584	2.0923745929250472	0.014396986865106048	-1	
0.44989202260290007	2.1140708286665619	0.014472048536263165	-1	
0.44851828997685855	2.0600336876835081	0.015552237082981176	-1	
0.43908397882037747	2.0269123416051773	0.015297412499024769	-1	
0.43091601209825325	1.979590342834322	0.014987819484923608	-1	
0.42043160847494176	1.9289292095603325	0.014515221933229055	-1	
0.45470169271127703	1.8901731200984702	0.016083112981573586	-1	
-1.7734435925394911	1.9865102342513845	0.00068236821443332801	-1	
-1.720035395689447	1.8639478765507735	0.0006887262682139277	-1	
-1.5614938166553132	1.7313373867389401	0.00070037733869822167	-1	
-1.8301883602844335	2.0972090579913347	0.00067642091728243247	-1	
0.50527589333654099	2.4091228730866767	0.0020229081338948907	-1	
0.51075337059311021	2.389166043615182	0.0029380891075049004	-1	
0.50653551091020466	2.3956153464293761	0.0026396049778049991	-1	
0.5045666768665622	2.4037592885543781	0.0022667355860006753	-1	
0.5	2.4066604072063478	0.0021309513921586947	-1	
0.5	2.400858169902409	0.0023947004673876664	-1	
0.5	2.3892536952945314	0.0029224340029752622	-1	
0.5	2.3776492206866537	0.0034500708529937594	-1	
0.474003946450401	2.1803731523527343	0.012230939749078807	-1	
0.5	2.1339552539212239	0.014602918094320141	-1	
0.52213617645136867	2.1107441354445311	0.015833062190122676	-1	
0.47557736487193941	2.1455597285291015	0.013774649670160193	-1	
0.53428205351817148	2.1000979898526588	0.016379161188402228	-1	
0.54718763124123015	2.0960344299583391	0.016607477273063713	-1	
0.55917178036934245	2.0810792973895458	0.017339473757303547	-1	
3	2.365638496078776	-0.0034613014769685297	-1	
2.9887479845408498	2.3808894834803862	-0.0027819444830139038	-1	
2.9898301222332648	2.3946106200984696	-0.0021534521790532416	-1	
2.9798621702640697	2.4007459038032919	-0.0018805098357807567	-1	
2.9728533028600896	2.4130844950920678	-0.0013182519867971434	-1	
2.9783564568071381	2.4175156758187808	-0.00111227847949939	-1	
2.9932959234744745	2.4370013408153053	-0.00021604291250625673	-1	
2.9908571290518564	2.4322054356295539	-0.00043551901622307387	-1	
2.9877469571465309	2.4261286455082942	-0.00071409891681923959	-1	
2.9852419204079657	2.419100117991718	-0.0010366435021493773	-1	
2.9957342276169827	2.4393458454510424	-0.00021479658375571541	-1	
2.9779150340804925	2.1721931833706423	-0.012411715305894674	-1	
2.9794016035051918	2.1454503535291014	-0.013663200926056078	-1	
2.9051072460787761	2.0625	-0.017764096811965578	-1	
2.8895965214708985	2.0219913565493735	-0.017805404360918785	-1	
2.9688393067007839	2.1045441757689676	-0.015645728090931454	-1	
2.9816012552964835	2.1219183135540289	-0.014768961145163904	-1	
2.9566950201772699	2.0794053120501856	-0.016873083759579556	-1	
2.9361286952945314	2.0625	-0.017713086268646743	-1	
2.8412828185792343	1.9848378710356129	-0.017896419289996846	-1	
2.7958602439297953	1.9601909715547821	-0.017989206944783311	-1	
2.7011812007301703	1.9957138245269479	-0.018264877977394265	-1	
2.7364714226202458	1.9458374052322271	-0.018138401017320657	-1	
3	2.1570392031369789	-0.012999868831361791	-1	
3.0255970561737979	2.1786984107352056	-0.011779096641479346	-1	
2.5059758583071328	2.0719368200597472	-0.018528174949911918	-1	
2.5134614497298662	2.0668840976043361	-0.01877152097499666	-1	
2.5173391308818358	2.0625	-0.018982279376608641	-1	
2.5328498554897134	2.0625	-0.018915084349184555	-1	
2.548360580097591	2.0625	-0.01884605516305736	-1	
2.6521412899078793	1.9964499170030081	-0.018437050102735612	-1	
2.6254644631478516	2.0083203690879134	-0.018539673598888331	-1	
2.5793820293133463	2.0362293644320899	-0.018725567500705122	-1	
2.5944135910258055	2.0112148670577863	-0.018668112807323372	-1	
2.5449136017725569	2.0483334675422187	-0.018872663473971488	-1	
0.96715014451028658	2.0625	0.019434729108737159	-1	
0.9865385502701336	2.0668840976043366	0.019288121136203207	-1	
0.98266086911816419	2.0625	0.019501543438775529	-1	
0.9923550719980877	2.0662323323790242	0.01934381177016066	-1	
0.99833482764942216	2.0678447594627491	0.019265191132664183	-1	
1.003420291504832	2.0706962410225618	0.019057580325041686	-1	
1.0548992844323428	2.052110962065484	0.01815235174676972	-1	
1.042744040305851	2.0520972777251467	0.018474125004783487	-1	
1.0291622966945699	2.0534519891873555	0.018832051157304238	-1	
1.0193636780019124	2.0546701664942186	0.019088459408926985	-1	
1.0135185874259278	2.0625	0.01923278026176882	-1	
1.0102528723375006	2.0684464040351447	0.019041537347612283	-1	
1.07150039247634	2.0387473844113018	0.017716564071716224	-1	
1.0809938449344116	2.0223192840160906	0.017467753947101573	-1	
1.0592814439106593	2.0407731128275386	0.018039832118368303	-1	
1.0739305814994964	2.0005580825163913	0.017656708134768634	-1	
0.96450039692165968	2.0488640987113462	0.019435123796992443	-1	
0.92677275997218	1.9428325149146737	0.01927134661118322	-1	
0.94615957286939179	1.9802985979861059	0.019373106414159631	-1	
0.96321771369119236	2.0123815610442946	0.019452717661249671	-1	
0.5929130849374481	1.8954282033894643	0.018255605442620546	-1	
0.56075334798773346	1.9537356177266085	0.018249183381969479	-1	
0.55418074275514351	1.9928295581631563	0.018240070615103039	-1	
0.96521070135352116	1.9055643476472655	0.01942875733526445	-1	
0.94111283650345112	1.8435214492157552	0.019222069943416999	-1	
0.57166538592909233	1.8340665370163791	0.018164872540069099	-1	
0.61081021043886008	1.7816887841349038	0.018123316603988811	-1	
0.64670174643801137	1.7270303545340171	0.018057229265884042	-1	
0.76127355533378582	1.7040094340712315	0.018190904746166761	-1	
0.94571718871116583	1.7808590986180655	0.01910606037511569	-1	
0.91384692533748213	1.7267106309188545	0.018765021089889648	-1	
0.54398667168277992	2.0229508501247158	0.018215604161877945	-1	
0.54344134088431439	2.0455521700691524	0.018200763456764642	-1	
0.53284985548971342	2.0625	0.018171620730005639	-1	
0.54004915278226995	2.0798140169300607	0.017360718213539589	-1	
0.96529469396317191	2.035229102921734	0.019450040808510798	-1	
2.4536007655592287	2.0432580488298164	-0.017863027357685184	-1	
2.4952490484380494	2.0650197779051775	-0.018803026694402685	-1	
2.492326503150057	2.0625	-0.018856659673925538	-1	
2.5016651723505778	2.0678447594627487	-0.018732183846774844	-1	
2.4990857968630209	2.0654319831638368	-0.018856745723166105	-1	
2.4721902077087274	2.041797839038141	-0.018356942768572245	-1	
2.4903301692013047	2.0558951983184519	-0.0188185970451397	-1	
2.4864555567986857	2.0475886486591768	-0.018729250539160813	-1	
2.3111286952945314	1.43625	-0.01070276025980885	-1	
2.2643679706866537	1.3832258959874288	-0.0097853955233467068	-1	
2.2219412761121697	1.3087819876050002	-0.00895450084290615	-1	
2.3345090575984702	1.4739631389887387	-0.012175326508564127	-1	
2.3345090575984702	1.5183356777243953	-0.013349790877938975	-1	
2.357889419902409	1.5625	-0.014973136531772048	-1	
2.1474661591669597	1.1722240338703522	-0.0075043962444045747	-1	
2.1942268837748373	1.1939884030530776	-0.0084159505234936653	-1	
2.2421486972900104	1.2480744526600653	-0.0093481361267613999	-1	
1.5629571015684895	1	0.0049944383470598404	-1	
1.75	1	0.00025357233961921039	-1	
2.0125829236914643	1.0631249999999999	-0.0056838817527122198	-1	
1.9370428984315105	1	-0.004485826836648556	-1	
2.1240857968630209	1.12625	-0.0070492144567482111	-1	
2.0773250722551433	1.0739208988433926	-0.0069987361894275407	-1	
2.3812697822063478	1.588679709283644	-0.015532392959409079	-1	
1.3759142031369791	1.12625	0.0075667136723582941	-1	
1.1888713047054686	1.43625	0.011218185471649891	-1	
1.2356320293133463	1.3831867636060666	0.010300840508569968	-1	
1.2226653185081935	1.2555136747007491	0.010548396188715618	-1	
1.2356320293133463	1.1792741040125707	0.010302086321619905	-1	
1.2823927539212239	1.12625	0.00939188524712814	-1	
1.1484506853171232	1.5151974637022123	0.014145819029162735	-1	
1.142110580097591	1.5625	0.015482217810625773	-1	
1.1582026753916563	1.4746859897068016	0.012867492103258219	-1	
1.1187302177936522	1.58867351322038	0.016040693022997963	-1	
1.06515264205464	1.7871555390758986	0.017708153273742915	-1	
1.0603852680790267	1.7194356523527343	0.017691224099922347	-1	
1.0887617519946222	1.8872982043116646	0.017213298258109338	-1	
1.0600886762939059	1.8568804608543235	0.017944528392080231	-1	
1.083659674337744	1.5899968111717511	0.016851175932578281	-1	
1.0452981505221535	1.6190139956732643	0.017775889485144244	-1	
2.4742293774553996	1.6664579312434311	-0.017890739556935088	-1	
2.4609553451180357	1.6425811121142857	-0.017485240558320462	-1	
2.4163403256622562	1.5872390492450552	-0.016339911791980674	-1	
2.4377771815161338	1.6042432282612611	-0.01684412089756808	-1	
2.5	1.6884142031369793	-0.018623071901451536	-1	
2.4722955091069556	2.0251482930583014	-0.018369708946025569	-1	
2.5	1.9986286952945311	-0.019133270804127127	-1	
2.5176652246980851	1.9831179706866537	-0.019039330327364285	-1	
2.5	2.014139419902409	-0.019126539522781559	-1	
2.4877299498554577	2.0281291865991582	-0.018783289596697866	-1	
2.5356523138718674	1.7194356523527343	-0.018499967358698664	-1	
2.5994669207130161	1.7563473525764843	-0.018290563042660302	-1	
2.6637165845005213	1.7988068388780691	-0.018160181753862848	-1	
2.6971172645202293	1.8681986384513829	-0.018177211611805254	-1	
2.5604188311856868	1.9605899222403813	-0.018820414605566455	-1	
2.600447859924611	1.9473516162992415	-0.018629613008805841	-1	
2.671501620938042	1.9513873797021177	-0.018352005477821329	-1	
2.5493913903400718	1.9909434635299519	-0.01887722376146336	-1	
1.0534641548375261	1.9659680692594963	0.018200606160589022	-1	
1.0561617469674744	1.913463526006717	0.018104353299364325	-1	
1.0508848808967566	1.9858599627097315	0.018272662385348512	-1	
2.999086175134364	2.4388914481369119	-0.00021445663507654449	-1	
3.0018284046487103	2.4370024378728647	-0.00021472085198299146	-1	
3.0038500947956024	2.4331550352418199	-0.00038928903110294175	-1	
3	2.4369999999999998	-0.00021501501648085985	-1	
3.0066214040017858	2.4264799565201334	-0.00069162021065095577	-1	
3.0064799089016732	2.4177883193142251	-0.0010858155220509408	-1	
3.0125317383455013	2.4045000991403485	-0.0016815292102371074	-1	
3	2.388816195294531	-0.002408485155541555	-1	
4.6497103018593835	1.9766840597135416	-0.00019815934467966472	-1	
4.5729820180108431	1.8156373926856579	-0.00021302071882804105	-1	
4.8133615420666063	2.2075153621810584	-0.00017463640588243092	-1	
4.8043723492231498	2.0655823702058145	-0.00018347263105324461	-1	
4.9530937647333939	2.2339858315312782	-0.00016695782640678444	-1	
3.0922093625239224	2.093099518858812	-0.012831373615715421	-1	
3.0850848953752359	2.1336438829956106	-0.012248723127463175	-1	
3.0532850011858628	2.159785233858845	-0.012155918638038679	-1	
3.7820463447866208	1.4124142910616118	-0.00034212751266342073	-1	
3.5364643809939382	1.4255526992157552	-0.00039872849362605582	-1	
3.375	1.5698553984315105	-0.00043990072536896559	-1	
4.0682004399614851	1.4129636994311074	-0.00028944278119433535	-1	
3.8994188800030751	1.31673229613874	-0.00032046033763974771	-1	
4.2011583537760853	1.5319366120896909	-0.00026630061671684781	-1	
4.5097234553009935	1.6579744483207437	-0.00022571748510560036	-1	
4.4256885786160041	1.5103350589882603	-0.0002396076276464638	-1	
3.2434420885195592	1.6224723989212491	-0.0063271645601530365	-1	
3.0920624008612814	1.7196746464708985	-0.013254450958492764	-1	
3.0829931618692346	2.043175799663191	-0.013652181745719883	-1	
3.0915120864984398	2.0098786632289509	-0.013353382480560328	-1	
3.0723042838970365	1.9629040182257014	-0.014328490234835057	-1	
3.0552334961601297	1.8171023456866537	-0.015042723287862226	-1	
3.046044362982979	1.8901731200984702	-0.015540609095041343	-1	
5.9533232235520588	3.8029995734727953	-8.3270210815624161e-005	-1	
5.9522357670977577	3.6185924653028212	-9.0814893792136198e-005	-1	
6.0122805930547196	3.9384716681568208	-7.8966395160791759e-005	-1	
5.7787276122859277	3.5813877280787105	-8.9928015551283199e-005	-1	
5.5806391567613582	3.0784886931451583	-0.00011161377136149688	-1	
5.6945845419278616	3.2446419979226486	-0.00010430915137186566	-1	
5.5632878738167966	2.8713751164462553	-0.00012145270919286989	-1	
5.4939071558243242	2.7439740866457516	-0.00012794741592990255	-1	
5.4536481194493689	2.6141100848963572	-0.00013459689712247083	-1	
5.7759105816100753	3.440205414517516	-9.6116281783048568e-005	-1	
5.8070963716283792	3.3125450138578443	-0.00010205394943209504	-1	
5.2796424818788079	2.3297738872993183	-0.00015124380293933233	-1	
5.0967605159681026	2.3194367767626405	-0.00015709575949343638	-1	
5.4646517500537382	2.38599908041328	-0.0001444768483790426	-1	
5.9789653695033467	4.2248494861620438	-6.7026457846949662e-005	-1	
6.007593554947209	4.4600111229612089	-5.8784123121254442e-005	-1	
6.0599845475986545	4.3871520039025196	-6.2903971898372278e-005	-1	
6.0229307413725452	4.3068874028023334	-6.4956698110060976e-005	-1	
6.1080419025981874	4.1514476212689146	-7.2845854953722562e-005	-1	
6.1105980964183413	4.0494190084245405	-7.6734324033420919e-005	-1	
6.096170863345062	3.9649124104225701	-7.9629105572656716e-005	-1	
-2.8024408797990219	4.0097609845472046	0.00059856078294147678	-1	
-2.8469290173607229	3.9318246454151713	0.00060218767086737902	-1	
-2.7880977244489422	3.848426498312723	0.00060400843859138886	-1	
-2.8424532825173223	3.7774280108400338	0.00060747889247362793	-1	
-2.8234264587135289	3.6689019036409243	0.00061094420196124535	-1	
-2.3474814865823248	2.7062733539136699	0.00064373832764756298	-1	
-2.4297211160595991	2.8047082369244531	0.00063968501936765036	-1	
-2.7951422189748554	3.4549196450400625	0.00061805299497514319	-1	
-2.8204875820046476	3.5706738266588482	0.00061432317389643995	-1	
-2.7608414882109997	3.2536456262210005	0.00062471179576425854	-1	
-2.6918711996891664	2.9521587092543209	0.00063464979704978104	-1	
-2.8048161607273796	3.1102073527059741	0.00062994460150357287	-1	
-2.8470636434067096	3.3484039951368034	0.00062231839492069626	-1	
-2.5683862756109685	2.766746804350511	0.00064088652718629583	-1	
-1.9750799559668069	2.2397638403339757	0.00066692892307121008	-1	
-1.9482361178467835	2.1152025099058851	0.00067221913369518529	-1	
-2.1668913542591373	2.3618669597682569	0.00065855016549197271	-1	
-2.0908697025554797	2.2695796137638444	0.0006632764484891966	-1	
-2.3520940140749906	2.4506524464508543	0.00065295250081928268	-1	
-2.4001693467900647	2.57937200617484	0.0006480640202967935	-1	
-1.3463679247559086	1.5677058322177542	0.00071807297247935024	-1	
-1.4954111968298196	1.5907016262855627	0.00070776077761534363	-1	
-1.0424359432439898	1.3618707380148782	0.00074741349435109364	-1	
-1.1537728505621976	1.2501862794386918	0.00073752967776938131	-1	
-1.3095643427312531	1.3741492204358616	0.00072402737363971869	-1	
-0.84298550226466851	1.2975869272304446	0.00076980565116815654	-1	
-0.65388594491680785	1.1498739417838766	0.00079428790643592368	-1	
-0.79374621571154846	1.1657247420668144	0.00077538941158469051	-1	
-0.39430272399965	1.1404076795747196	0.00083725346113615296	-1	
-0.52752218088062452	1.0511426310943242	0.00081171786177206614	-1	
0.24755129855374347	1.3534013496078778	0.0062851070320535298	-1	
-0.0033161423122445022	1.0647959511763674	0.00092390492828359943	-1	
0.125	1.136947300784245	0.00095900811913685285	-1	
0.31625107452634477	1.183461802723502	0.0092673688384441611	-1	
-0.25388368719895227	0.91063855592477139	0.0008553637629406417	-1	
-0.38083218053829232	0.98635284508267151	0.00083434050598711368	-1	
-0.1063999304328061	0.92049325196061216	0.00089012093453874001	-1	
0.5	1.8658161952945314	0.018152897900353761	-1	
0.5	1.7683884960787764	0.018019484609971468	-1	
0.5	1.6709607968630209	0.017832837483427788	-1	
0.41562456029757272	1.5248192480393881	0.01377676853952859	-1	
0.5	1.5735330976472657	0.017614410590829452	-1	
0.38750037564233042	1.3786776992157552	0.012390873152585269	-1	
0.46310848527261139	2.075544345850064	0.016013360195899599	-1	
0.46767064351360671	2.0945733312988479	0.015707929638961754	-1	
0.47590003182664559	2.1185222577975482	0.014937895510982483	-1	
0.46933840147730832	2.0645032819197664	0.016483852345792357	-1	
0.46567095980675666	2.0488021162743641	0.016453734423955056	-1	
0.47570121048221198	2.025223458421928	0.017020297120082468	-1	
0.47011949847409035	2.0026286950311505	0.016787090937522616	-1	
0.47119888294202189	1.938886969706348	0.016863279931356286	-1	
0.47626596894558682	1.9762646203698735	0.017095127102044146	-1	
0.5	1.9145300449024092	0.018188785881511262	-1	
-1.8459813994499426	1.8819830595229825	0.00068313258096914782	-1	
-1.8972675513856678	1.9984192837305099	0.00067770410200072699	-1	
-1.8013869298158496	1.7446217359575631	0.00068858450785879539	-1	
-1.6932260728315858	1.6489241448174543	0.00069579594042623691	-1	
0.5	2.1107463047054686	0.015682522720032104	-1	
0.51254873572866588	2.0950415788475785	0.016529089406773015	-1	
0.52317233439046196	2.0923752574162711	0.01671152615709386	-1	
0.53209529753573903	2.0867456659480372	0.017009181607037013	-1	
3	2.4004050449024086	-0.0018808775523392772	-1	
2.9891465144636058	2.4083313386170371	-0.0015269947610332768	-1	
2.9831900060171761	2.4122638627253137	-0.0013506998800044861	-1	
2.9961532273208467	2.4331539965984472	-0.00039102863469259191	-1	
2.9981715937626099	2.4370003656812473	-0.00021530333418189266	-1	
2.9944246567770394	2.4275459934201429	-0.00064728391379283124	-1	
2.9927025497990782	2.4192201896424099	-0.0010278888422983472	-1	
3	2.1338615039212234	-0.014085755715278481	-1	
2.9308609413281057	2.0353622363229538	-0.017734096258161226	-1	
2.932073063605583	2.0084717330801154	-0.017741601780329089	-1	
2.9021508889086762	1.987948077989393	-0.017789229587006992	-1	
2.9884338805516228	2.101472208109314	-0.015711488956355366	-1	
2.9832154898074239	2.0908800011147011	-0.016247925031855241	-1	
3	2.1106838047054683	-0.015188698058688128	-1	
2.9671501445102866	2.0625	-0.017660706983763517	-1	
2.9749055068142254	2.071438042958567	-0.017210741180670105	-1	
2.9565586591156854	2.0455521700691524	-0.017689217957108729	-1	
2.8474385983607773	1.9193143621330138	-0.01786036306698378	-1	
2.7815881927909234	1.8892031652039345	-0.017969177199954355	-1	
3.0212499593762527	2.145450353529101	-0.013329377115807839	-1	
2.5076449280019126	2.0662323323790246	-0.018825701585399934	-1	
2.509583768577897	2.0625	-0.019012913837821249	-1	
2.5134614497298662	2.0580059255111238	-0.01900473779003499	-1	
2.5226068673812456	2.0540348174701104	-0.018969375320133163	-1	
2.5303636745117148	2.0492672331203137	-0.018938820707724083	-1	
2.6299608578852358	1.9774607318184494	-0.018520422511006232	-1	
2.5506631477526409	2.0259359338617928	-0.018860553778229261	-1	
2.5815288571670982	1.9850298224751473	-0.018726800576077045	-1	
2.5326467657620348	2.0404533003015071	-0.018936326501041871	-1	
0.97739313261875316	2.0540348174701104	0.019489011006711719	-1	
0.990416231422103	2.0625	0.019532450238543886	-1	
0.9865385502701336	2.0580059255111229	0.019524476712304596	-1	
0.9962327531500571	2.0646035301656602	0.019438297055921001	-1	
0.9942939125740724	2.0625	0.019546685809752731	-1	
0.9990857968630209	2.064393569433987	0.019453959873408439	-1	
1.0009142031369791	2.0654319831638372	0.019379996272387675	-1	
1.0047509515619508	2.065019777905178	0.019324882033534121	-1	
1.0392385959340382	2.0406914207066968	0.01857231938008793	-1	
1.0232656479046074	2.0455319880962644	0.018993233739508335	-1	
1.0135444432013139	2.0475886486591763	0.019249215764513865	-1	
1.0096698307986944	2.0558951983184506	0.01933947613228805	-1	
1.007673496849943	2.0625	0.019378627902324731	-1	
1.062142514545193	2.0201662710748072	0.017968914040994821	-1	
1.0485755901305995	2.0057850036194607	0.018333918756865065	-1	
0.97685174273665742	2.0425077457636505	0.019499406565541912	-1	
0.96792776061065855	1.9520965214708983	0.019477274281596572	-1	
0.97842916740563746	1.9970009916874825	0.019535541125781989	-1	
0.9779120555209645	2.0299997429902659	0.019516309318967879	-1	
0.98560816864147394	2.017407171611767	0.019565013876063193	-1	
0.54395092012223967	1.8927915504116288	0.018203067849683435	-1	
0.52723392749912645	1.938886969706348	0.018213373119430214	-1	
0.5275687030160976	1.975422356912256	0.018216774275027554	-1	
0.52499320585191189	2.005450929086491	0.018204023437729866	-1	
1	1.9365857968630209	0.01964262227849917	-1	
1	1.8745428984315107	0.019585917562331068	-1	
1	1.8125	0.019487080524746944	-1	
0.56755138848886411	1.7141694877765241	0.017957135873828144	-1	
0.71607176369430314	1.6150762084171639	0.017813942818094276	-1	
0.62222017067985691	1.6277085072366921	0.017781671888036619	-1	
0.80291795493028284	1.577321267646203	0.017709113748510304	-1	
0.88180285971156236	1.6105643535434808	0.018059783807366954	-1	
1	1.7504571015684895	0.01933901583445273	-1	
1	1.6884142031369793	0.019122002695296892	-1	
0.962966637945882	1.6462356504098417	0.018666785872153552	-1	
0.53069249009694297	2.0412369591934416	0.018183341250050122	-1	
0.51317683419069304	2.0284155179436074	0.018173786739867408	-1	
0.52509449318577461	2.0534769212801094	0.018162367153973753	-1	
0.51733913088183581	2.0625	0.018136735965992145	-1	
0.52509449318577461	2.071440327785683	0.017723731025147932	-1	
2.4981715937260418	2.0625	-0.01899667843963837	-1	
2.4961538136991841	2.0586538136991841	-0.018961709059245099	-1	
2.503767246849943	2.0646035301656602	-0.018912769646707694	-1	
2.5009142031369791	2.0643935694339866	-0.01892741699906559	-1	
2.5	2.0625	-0.019039195281030367	-1	
2.4816716607974625	2.0389071538104084	-0.018611252408795426	-1	
2.496689644910369	2.0548550719980874	-0.018986786248319298	-1	
2.4955059255111238	2.0490385502701338	-0.01896773717378452	-1	
2.4915348174701104	2.0398931326187544	-0.018874377835746137	-1	
2.357889419902409	1.43625	-0.011622939724307339	-1	
2.3345090575984702	1.3920773873317593	-0.011155856639449334	-1	
2.2855620118685454	1.3019888549280574	-0.010190538684543556	-1	
2.4031107972634844	1.4814196141744662	-0.013805237135286015	-1	
2.3812697822063478	1.5359584850397225	-0.014828468153349345	-1	
2.4046501445102866	1.5625	-0.016063130640528472	-1	
2.1708465214708985	1.12625	-0.0079618984178430226	-1	
2.2176072460787761	1.12625	-0.0088743983522233359	-1	
2.2643679706866537	1.1793132363939334	-0.0097845737495780866	-1	
2.3138125228439592	1.2387956014571551	-0.010741662548852239	-1	
1.3759142031369791	1	0.0097156381557475715	-1	
1.5872331714011276	0.86580466041503679	0.0043821263354910664	-1	
1.4694356523527343	0.89396255596563068	0.0073645723675004561	-1	
1.6999011978554672	0.82136325640167218	0.001525455769983931	-1	
1.8151603561934677	0.85250960604706871	-0.001399992734266097	-1	
2.0305643476472657	1	-0.0068517532627390644	-1	
1.971667601580154	0.81371823498181672	-0.0053731945098188195	-1	
2.0463136444202261	0.89002298873725127	-0.0072573048527493217	-1	
2.1474661591669597	1.076185434235307	-0.0084926438612477478	-1	
2.1240857968630209	1	-0.0092088812353775754	-1	
1.2823927539212239	1	0.012056572184398836	-1	
1.1654909424015298	1.3922697338956387	0.011671177373428957	-1	
1.142110580097591	1.43625	0.012138483147716268	-1	
1.1861874771560375	1.3237043985428463	0.011258786474888125	-1	
1.1453366182051083	1.2564516711068587	0.012041416420251473	-1	
1.1654909424015298	1.1704226126682427	0.011672833080076179	-1	
1.1888713047054686	1.12625	0.011219651701041874	-1	
1.2040418282520151	1.0663505916434304	0.01247003832069868	-1	
1.1038369554576746	1.5321486283355465	0.015572911584314975	-1	
1.104828456601912	1.4958369875635409	0.014555332603055502	-1	
1.0953498554897134	1.5625	0.016572515182718909	-1	
1.1187302177936522	1.4613366104377719	0.013311933614381389	-1	
1.0206870280205935	1.9055643476472655	0.019053940030278386	-1	
1.0719694931857746	1.5625	0.017095223211313553	-1	
1.0541036025822981	1.5856180462354101	0.017500617223924722	-1	
1	1.6263713047054686	0.018855114689567062	-1	
1.0307279353309378	1.5899112548759791	0.018000213445599482	-1	
1.0167693996403691	1.603349671054648	0.018348964469657215	-1	
2.4861594851892872	1.6418820293133465	-0.018081383933904977	-1	
2.5	1.6573927539212239	-0.018493294370779633	-1	
2.4826475043440972	1.6213928024213915	-0.017906785487829834	-1	
2.4667609442644576	1.6128189001991429	-0.017513791137313613	-1	
2.4280305068142254	1.5625	-0.016582783027054501	-1	
2.4520348641908751	1.5847691553463139	-0.017115931641864191	-1	
2.4605763184892551	1.5963236080411276	-0.017322725208149054	-1	
2.5273955230236589	1.6729034785291015	-0.018362697807176906	-1	
2.5206223474287386	2.0064395951294558	-0.019018328419776624	-1	
2.5	2.0296501445102866	-0.019115705621737387	-1	
2.5134940659557707	2.0272664076135571	-0.019043978670752866	-1	
2.5679399738437123	1.689707805153063	-0.018194592890650611	-1	
2.6414753852675283	1.6844808627936654	-0.017840677646139426	-1	
2.7601327749305096	1.7951327348782018	-0.017878366637978229	-1	
1.0324001295587628	1.9409633122101884	0.018759962821457039	-1	
1.0343331856975979	1.9736006272039714	0.018717761422873003	-1	
1.0326087027826476	1.9941256382803307	0.018764873644812809	-1	
3	2.4351715937260416	-0.00029828686240750081	-1	
3	2.4293771689221026	-0.00056210436523156917	-1	
3	2.4235827441181641	-0.00082584279419148701	-1	
3	2.4119938945102861	-0.0013535633443709167	-1	
4.7111240219535375	1.8094967798196044	-0.00020253008979519122	-1	
4.8446042674567913	1.8456069506868999	-0.00019202886266603413	-1	
4.7044144133606753	1.6713812429231178	-0.00020838228344999816	-1	
4.9689540731968043	2.0098737260277755	-0.00017774864651859786	-1	
5.0379224945293917	2.1273718548606313	-0.00016895316073941801	-1	
3.0549937117820103	2.0916076049537855	-0.014450737486837987	-1	
3.0624367791620091	2.070720427116699	-0.014424832956214467	-1	
3.0446813116317859	2.1257601074980421	-0.013686772925823251	-1	
3.7018106808799618	1.2839869014088756	-0.00036157444324633442	-1	
3.375	1.4255526992157552	-0.00044140006072845736	-1	
3.5204909455449331	1.2809409427368741	-0.00040429619166750154	-1	
3.2212349845612889	1.4776983374939761	-0.0071992571819852851	-1	
4.0869201176586909	1.2658305885129155	-0.00028817830904754265	-1	
4.2557016776171013	1.362061991805283	-0.00026325531856231856	-1	
3.8195117447251579	1.1863223391289202	-0.00033571389071441251	-1	
3.9963679470460969	1.1483619413814363	-0.00030187758176826701	-1	
4.5832992715464869	1.5183602191550225	-0.00022346767633317965	-1	
4.4373883566434431	1.3632637155406291	-0.00024120972776344441	-1	
3.110472251321617	1.5735330976472657	-0.012200008127852763	-1	
3	1.7683884960787764	-0.017510405701413729	-1	
3	1.6709607968630209	-0.017320705593548664	-1	
3.0488778919409323	2.0390021047441107	-0.015289012106276898	-1	
3.0398809223232304	2.0096098190977187	-0.01578385424978777	-1	
3.0275970324228645	1.938886969706348	-0.016401412050793485	-1	
3.0231224971209896	1.975422356912256	-0.016609044785314848	-1	
3	1.8658161952945314	-0.017641838427015614	-1	
3	1.9145300449024092	-0.017676432552577087	-1	
6.0634671081736649	3.7656800340080241	-8.6673958969529343e-005	-1	
6.078828269089489	3.8809556085271675	-8.249689798618303e-005	-1	
5.9909118776111523	3.4925190445189425	-9.6456488447941259e-005	-1	
6.1534279277324178	3.6797061844954371	-9.1412919564880552e-005	-1	
6.1264842392950243	3.5582216607523525	-9.5616384867526548e-005	-1	
5.8952731955552169	3.4017248186717155	-9.9084374470606964e-005	-1	
5.7014806789951509	3.0131666148195624	-0.00011475447897814826	-1	
5.8365940184117671	3.0875042137031365	-0.00011184786740916383	-1	
5.9055135002926331	3.2254599968851325	-0.00010643637853037822	-1	
5.6868759710789201	2.8870870845690408	-0.00012033658750790406	-1	
5.6365136873795354	2.7705839265771077	-0.00012566022916738246	-1	
5.5877991800961393	2.6362221152769711	-0.00013190515028058865	-1	
5.6342134489609181	2.4579642410428315	-0.00013862630237450736	-1	
5.3516859482339187	2.2376347432679147	-0.00015334404736307215	-1	
5.1679123598597609	2.1681773487520668	-0.00016208845092794644	-1	
5.4638211742490954	2.2708849161069415	-0.00014923174219028655	-1	
5.5682186812072167	2.3193938969356802	-0.00014512282283011882	-1	
6.0716721742448652	4.2331333285611965	-6.8927829900515523e-005	-1	
6.1110959938896832	4.3133896327431582	-6.6921395079611636e-005	-1	
6.2094183657285136	4.1632452773487945	-7.4701226538935047e-005	-1	
6.1609123247786259	4.2387464782159316	-7.0853813319538597e-005	-1	
6.2565993413293848	4.0869090285389262	-7.8486490496241341e-005	-1	
6.200714440211474	4.0015085028213715	-8.0386351066373996e-005	-1	
6.165806683871712	3.9149087839581078	-8.2875975723910707e-005	-1	
-2.8900502024968242	3.8531237513067178	0.0006057123826451133	-1	
-2.9317913000766085	3.7736822752765793	0.00060912804683280707	-1	
-2.9721395953573984	3.6935244159679228	0.00061247980540481443	-1	
-2.9090242069104009	3.6133195550991575	0.00061417088460947002	-1	
-2.4723795622402913	2.6837411347050688	0.00064398918206591245	-1	
-2.9375315854709556	3.3715040864468562	0.00062257143109566615	-1	
-2.8991271871935624	3.5117399264006925	0.00061742909503583441	-1	
-2.8876365289697761	3.2353037025171831	0.00062648701627769112	-1	
-2.7214601074555289	2.7986257712200384	0.00063980735369600667	-1	
-2.8732936274646739	2.8827192347396613	0.00063757123763111376	-1	
-2.9379418776999482	3.0410274884936612	0.00063303128102978163	-1	
-2.9907918595361584	3.1736854178177714	0.00062935729731077505	-1	
-2.6842428485357486	2.6205768738961748	0.00064539169791932025	-1	
-2.0702891476594503	2.1517972444530606	0.0006678040850380605	-1	
-2.0487426083581264	2.0018238123262169	0.00067313333641586958	-1	
-2.3928816492722738	2.2837869334262249	0.00065782824163335954	-1	
-2.2694520672191429	2.1776860043645514	0.00066294636990461961	-1	
-2.4858896215286239	2.4173600818143752	0.00065270666382249846	-1	
-2.5336340649373006	2.5467050246632192	0.00064831075254558437	-1	
-1.4908024044349157	1.4399652254794948	0.00071074963278645366	-1	
-1.6245913185283014	1.5128864628964624	0.00070194945993350697	-1	
-1.0298165154166499	1.1526970380018862	0.00074862073255283217	-1	
-1.2646750845913057	1.1380701802111854	0.00072771962697149581	-1	
-1.4068059366946237	1.1543938311203272	0.0007174257312046159	-1	
-1.5144716360216155	1.2486049657438345	0.00071046478334608673	-1	
-0.73653809606287668	1.0371192434959873	0.00078006020033418203	-1	
-0.61942707681821418	0.96076474627059893	0.00079369239104391982	-1	
-0.92688149827265953	0.98400884075817041	0.00075620183408227337	-1	
-0.50955946623081616	0.89335717914104307	0.00080673467874751428	-1	
0.125	0.99264460156848977	0.0009589619435468789	-1	
0.25805355229361149	1.0505400846249782	0.006837887219283946	-1	
0.5	1.0863946015684895	0.017399937868139783	-1	
0.38944562953254536	0.98896690235273443	0.012710332321968654	-1	
0.5	1.28125	0.017184604805703781	-1	
-0.19246456977816634	0.77619055274485693	0.00085620252256658693	-1	
-0.39083480886970634	0.7878898206827093	0.00081844396500307612	-1	
-0.024445549585214152	0.77619055274485693	0.00089997932520266891	-1	
0.125	0.84834190235273443	0.00095318995482633953	-1	
0.5	1.4761053984315105	0.017399313294043275	-1	
0.60559545155760275	1.4413744074471155	0.017329383695501833	-1	
0.66549257786701965	1.5350172148819949	0.017535000678334991	-1	
0.48140747950035118	2.0806372302623601	0.016670878324981542	-1	
0.48105918849289431	2.0693344412387846	0.016973038702029018	-1	
0.48719664514817118	2.0958581796139808	0.016190502564936073	-1	
0.47955594372109506	2.0569986980454331	0.017072407291755957	-1	
0.48047094497947879	2.0424039001230874	0.017193576326619196	-1	
0.48755381734772418	2.018046975319149	0.017589522144688997	-1	
0.48939020853708998	2.0366483994053599	0.017639932404835395	-1	
0.48698629688819633	2.0011225788702265	0.017577821922788096	-1	
0.5	1.9632438945102864	0.018200812911888437	-1	
0.5	1.9876008193142254	0.018195332284982445	-1	
-1.9753789928291092	1.8945008753470431	0.00067832914859803479	-1	
-1.9490817037766575	1.7291182764928399	0.00068327426710122578	-1	
-1.8589416540135661	1.62614240682292	0.00068884842334210241	-1	
-1.7841457288873146	1.5177197740649091	0.00069389926560824633	-1	
0.5	2.0875373554897134	0.016791929323001244	-1	
0.51403862367387887	2.0863299743751109	0.016963087900243569	-1	
0.52298547126798201	2.081423764336539	0.017236008236682764	-1	
3.0142745405508071	2.1222726543133459	-0.014490749044054204	-1	
2.9551974719141674	2.022249619182364	-0.017705677101334895	-1	
2.9379786490037914	1.9822097364657465	-0.017739987484567132	-1	
2.9749027766628879	2.0053676480078981	-0.017692282335559875	-1	
2.9117613445508299	1.9332358622748049	-0.017762209729603542	-1	
2.991801022881508	2.0901545756932047	-0.016237293722564609	-1	
3	2.0990949550975908	-0.015741013110844491	-1	
2.9864831312538347	2.0774798101336502	-0.016884698527789746	-1	
2.9935200761389305	2.0817116806857747	-0.016638741967034132	-1	
3.0117436272308646	2.1040611628604862	-0.015339678968437827	-1	
2.9826608691181642	2.0625	-0.017627761275587128	-1	
2.9749055068142254	2.0534769212801094	-0.017652213301594281	-1	
2.9865385502701334	2.0692685830378719	-0.017287280104662846	-1	
2.96956147425223	2.040648998119194	-0.017672665637441402	-1	
2.8914556032630885	1.8714974813526581	-0.017741596528722717	-1	
2.8646019464490116	1.7917854592359139	-0.017668717368147444	-1	
2.5057060874259278	2.0625	-0.019024926033926182	-1	
2.5076449280019126	2.059189644910369	-0.019026581307839328	-1	
2.5161513823222097	2.0516843587656526	-0.019002135755161381	-1	
2.5094803291357648	2.0533260021046353	-0.019030857309683746	-1	
2.5216584417275767	2.0465994925846376	-0.018982540220289459	-1	
2.5275675715714154	2.0273281656074409	-0.018971725113067817	-1	
2.5201125303176499	2.0392650720018151	-0.018998296683400497	-1	
0.9838486176777903	2.051684358765649	0.019521896809479595	-1	
0.9923550719980877	2.0591896449103695	0.019547181283589246	-1	
0.99051967086423598	2.0533260021046371	0.01955097757113386	-1	
0.99817159372604169	2.0625	0.019558716454909301	-1	
0.99638100158512399	2.058881001585124	0.019565452262438932	-1	
1	2.0625	0.019562695314868372	-1	
1.0018284062739584	2.0625	0.019519145089517204	-1	
1.0233451355766539	2.035595924727688	0.018998679244716082	-1	
1.0310457765988099	2.0149276470683861	0.018802008137105405	-1	
1.0044940744888766	2.0490385502701338	0.019488039834743263	-1	
1.0084651825298898	2.0398931326187539	0.019393691830259303	-1	
1.0033103550896305	2.0548550719980874	0.019507849247662194	-1	
1.0038461863008161	2.0586538136991837	0.019483392747993159	-1	
0.98414858551894568	2.0408937821936028	0.01953732673538576	-1	
1	1.9676072460787761	0.019652612797417628	-1	
1	1.9986286952945311	0.019652038845519054	-1	
0.98685446447028213	2.0321126045463447	0.019560510211293448	-1	
1	2.014139419902409	0.019645544183630858	-1	
1	2.0296501445102866	0.019634773770729339	-1	
0.5	2.0119577441181642	0.018180696821435648	-1	
0.8026078138994871	1.4917184944734465	0.017244678192719985	-1	
0.87828897575541809	1.5367362928143471	0.017490455847290299	-1	
0.92383147093879114	1.5655875617014474	0.017828034193083042	-1	
0.94194603174396241	1.5974450996023346	0.018202774428255509	-1	
0.98214724002517217	1.6088435838827004	0.018573874456864672	-1	
0.51749458762868406	2.0438769614167049	0.018159600829317744	-1	
0.5	2.0241362065201338	0.018168771916956376	-1	
0.5	2.036314668922103	0.018151440643113522	-1	
0.50682461336086559	2.0424039001230874	0.018146093846663821	-1	
0.5134614497298664	2.0559736980029366	0.018133065394201162	-1	
0.509583768577897	2.0625	0.018110188226664145	-1	
0.5134614497298664	2.069261473652483	0.017794007277197148	-1	
0.51356436307677944	2.0775046191154032	0.017389751070155213	-1	
2.5	2.0606715937260418	-0.019052682970894477	-1	
2.5	2.0567939125740722	-0.019069507589496021	-1	
2.5018284062739582	2.0625	-0.019034645241942951	-1	
2.5	2.052916231422103	-0.019080793109057047	-1	
2.5	2.0451608691181642	-0.019096481420154052	-1	
2.3812697822063478	1.4097209608232062	-0.012082534066380282	-1	
2.4046501445102866	1.43625	-0.012560686096157654	-1	
2.4038571449736694	1.3674624615413007	-0.012499567132171293	-1	
2.3546633817951821	1.3060483288929667	-0.01152419111065567	-1	
2.4306379889221938	1.4577179735110164	-0.013717830456213822	-1	
2.4387465919636848	1.5067760425088597	-0.015236866866615293	-1	
2.4392306437387901	1.4775633541527653	-0.014451773083336254	-1	
2.4163403256622562	1.5313595352077167	-0.015460657303595341	-1	
2.2220283425212957	1.0814671726303458	-0.009986406067452009	-1	
2.2669935176936478	1.0796837089514406	-0.010998261151864456	-1	
2.3111286952945314	1.12625	-0.010701661015381225	-1	
2.3345090575984702	1.1702302661043611	-0.01115452504476009	-1	
2.3698105429305936	1.1941439104559997	-0.011835808751332598	-1	
2.4220209316067738	1.2472405920584857	-0.012800372054738957	-1	
1.3291534785291015	0.91160094330895536	0.010901266237007216	-1	
1.6070403178765871	0.74631909842408117	0.0038875833070483659	-1	
1.3800845781900795	0.75000027828063043	0.0096560139919559633	-1	
1.7761333139579751	0.72947510073647615	-0.00041070083199304483	-1	
1.9047364398193214	0.71843718692253511	-0.0036799352490142151	-1	
2.0211742059583111	0.71914792632046132	-0.00664224920276463	-1	
2.0779910880313328	0.80424388084945608	-0.0080725313721047263	-1	
2.149428701278334	0.86132437837122533	-0.0098678530318543206	-1	
2.1474661591669597	0.92501575867910668	-0.0098042010270738555	-1	
2.1911047162570823	1.0422918002937711	-0.010112267148274517	-1	
2.1708465214708985	1	-0.010381575415868106	-1	
1.1888713047054686	1	0.014363805751378035	-1	
1.2356320293133463	0.94702264747893017	0.013225096680943061	-1	
1.1301894570694067	1.3683560895440023	0.012352564445156913	-1	
1.1187302177936522	1.4094260674847277	0.012598148013627736	-1	
1.0953498554897134	1.43625	0.013076123900931012	-1	
1.0779790683932269	1.3152594079415114	0.013317241284451472	-1	
1.0690593160995401	1.2371256469915946	0.013486998278694687	-1	
1.0961428550263455	1.1950375384587484	0.013016801417279546	-1	
1.1187302177936522	1.1527790391767907	0.012599699161508706	-1	
1.142110580097591	1.12625	0.012140012612435599	-1	
1.1654909424015298	1.0885368610112596	0.012692217131186359	-1	
1.1654909424015298	1.0441643222756012	0.013866556543669088	-1	
1.0749344476265796	1.5447137255836163	0.016537835865466779	-1	
1.0758247899328865	1.5177071876043788	0.015764058208810574	-1	
1.0847032608934737	1.4655963720312595	0.014126723102073009	-1	
1.0586446817314881	1.482786775748226	0.015151476395071353	-1	
1.0485891308818358	1.5625	0.017594218930605064	-1	
1.0578222068424676	1.5503982420799887	0.017056654613673755	-1	
1.0327703773013113	1.5751420279561004	0.017921636004098962	-1	
1	1.5953498554897136	0.018655969198784202	-1	
1.0192925384127816	1.585943991672349	0.018211205195239052	-1	
1.0240143175988192	1.5765985177434358	0.018087445096115574	-1	
1.0089528611261411	1.5875944931857744	0.018418835886690459	-1	
2.5	1.6263713047054686	-0.018332500496057953	-1	
2.5327590058618501	1.6418820293133465	-0.018158542110857125	-1	
2.4832306003596338	1.6033496710546538	-0.017825443221143742	-1	
2.4749300966330727	1.5956671999317478	-0.017618214803067189	-1	
2.4514108691181642	1.5625	-0.017081158830836381	-1	
2.4552355783018038	1.530895097147311	-0.016246008159823178	-1	
2.4672296226986887	1.5751420279560999	-0.017401663370983533	-1	
2.4700084890560481	1.5854840519152098	-0.017481631458479651	-1	
2.5780007418584847	1.6469875660088651	-0.017920146961356503	-1	
2.5084318421251526	2.0400000601728285	-0.019057252425770128	-1	
2.6101029102534143	1.6118881693899776	-0.017564244691752145	-1	
2.6679737487265012	1.5840149557163068	-0.017278122541511242	-1	
2.8096852632379075	1.7097502757137857	-0.017564995640142123	-1	
1.0151189748984346	1.9877933115041726	0.01924009782542643	-1	
1.0157297969029668	2.0063840575984702	0.019219677175423267	-1	
4.9927806615482293	1.837760709117876	-0.00018362241823310609	-1	
4.8927044950948488	1.6272170229465208	-0.00019634551114834829	-1	
4.7252582915060559	1.5304420152776836	-0.00021085122070037886	-1	
5.1170017705362598	1.9189205720704738	-0.0001744199755686714	-1	
5.1351678389742048	2.0450377817292171	-0.0001686414379032573	-1	
3.0372752039955744	2.0782761409740389	-0.015491610889843556	-1	
3.0335499070617291	2.0972500059621968	-0.015058183987853432	-1	
3.0374398882635489	2.0626365467266501	-0.015695387880177599	-1	
3.723355723315267	1.0673856891750608	-0.00035292340706707801	-1	
3.5413126128453394	1.1369473007842448	-0.00039806531309306235	-1	
3.375	1.28125	-0.00044154559055512455	-1	
3.1553011998984988	1.3469106455332951	-0.0099865241927696458	-1	
3.375	1.1369473007842448	-0.00044191765215993462	-1	
3	1.4761053984315105	-0.016884376366668771	-1	
4.2040022021744647	1.1747791516928774	-0.00027017016721712168	-1	
4.3827910324023991	1.2262016965306177	-0.0002478416184892913	-1	
3.8907757459509336	0.96764077501946988	-0.00031406933414629336	-1	
4.1637829238666901	1.0371158676502417	-0.0002725218690828922	-1	
4.0524499510880521	0.94670713304305532	-0.00028556898699210213	-1	
4.5848994388885584	1.360553460154635	-0.00022609284057029366	-1	
4.7117902766280508	1.3986437949477795	-0.00021440191298009259	-1	
4.5274460925929629	1.1496465176958286	-0.00023166015156374874	-1	
2.9448152908168215	1.8171023456866537	-0.017618291833725024	-1	
2.9079050183561801	1.7196746464708985	-0.017476064938954303	-1	
2.8691726239205906	1.6120083324292491	-0.017228205259260106	-1	
3.0239018514373184	2.030901970380306	-0.016503379005199437	-1	
3.0251427748098405	2.0502297042526081	-0.0163740643737997	-1	
3.0136512229890879	1.9997792817161948	-0.017031171812242753	-1	
3.0146321439861947	2.018046975319149	-0.016967837590005742	-1	
3	1.9632438945102864	-0.017688326614195914	-1	
3	1.9876008193142254	-0.017682994371130793	-1	
2.9537064773579051	1.8901731200984702	-0.017691521325195161	-1	
2.972767193002916	1.938886969706348	-0.01770087207453358	-1	
6.1737905559052111	3.8024653602404377	-8.7182972103240901e-005	-1	
6.0144819009850581	3.3627700447125979	-0.0001018161016078907	-1	
6.2656197131753251	3.6214967114414853	-9.5240050584807708e-005	-1	
6.2835305352563937	3.7464681109741935	-9.1077751108280562e-005	-1	
6.2769254142852224	3.5312056469979729	-9.8603070750310901e-005	-1	
6.2135428215245563	3.4245333158868783	-0.00010162402317165656	-1	
5.8519569858304408	2.8996236715672215	-0.00011952384652369796	-1	
5.9900132520419014	3.0718762948261005	-0.00011299007630763428	-1	
6.0798828902550834	3.2074745186327065	-0.00010833709324152011	-1	
5.7703605412813808	2.7914854528903872	-0.00012405097439860922	-1	
5.7292467458604159	2.6157578611963035	-0.00013138954689273109	-1	
5.689948625503173	2.3379459953705615	-0.00014225285605301796	-1	
5.8162096951677693	2.377555735152562	-0.00013909934826556388	-1	
5.3005557178234799	2.0950704436635128	-0.00016061762903393957	-1	
5.4379963339726656	2.1587018589868454	-0.00015405986267496666	-1	
5.6364709913459636	2.2169049616530927	-0.00014735579815476418	-1	
6.3024408797990183	4.0097609845472011	-8.2163300432058509e-005	-1	
6.2575146978219527	3.932450247328505	-8.3997318328010289e-005	-1	
6.2880977244489404	3.8484264983127194	-8.7563103523011156e-005	-1	
-3.0110827978575889	3.6126745902412014	0.00061571306113536515	-1	
-3.0306937884152516	3.3777384029641953	0.00062346296131284657	-1	
-2.9827329955653563	3.4532041187929359	0.000620465528776794	-1	
-3.0022806939399374	3.2712835673286556	0.00062645507786833617	-1	
-3.0486090451004468	3.5311574257365397	0.00061887431233234569	-1	
-2.8359591689920065	2.6921465176937707	0.00064314066991578577	-1	
-3.03552490369119	2.9367739521937306	0.0006367358536051367	-1	
-3.0116746419668567	2.7822623072011878	0.00064094655312633205	-1	
-3.0639957894353671	3.1081218856431065	0.00063196703033728823	-1	
-3.0827083959914368	3.2084523910822349	0.00062919422303905513	-1	
-2.7737451388411412	2.4786987718642193	0.00064918637093875015	-1	
-2.1836182214549544	2.0589808636114957	0.00066815501366417377	-1	
-2.1841609781079256	1.8305184215678476	0.0006738694494870073	-1	
-2.4371537135514121	2.1451301862574716	0.00066111973629489457	-1	
-2.5550184729948455	2.2980669637734077	0.00065560388872192054	-1	
-2.3611401596317703	2.0210026356030686	0.00066551189074370712	-1	
-2.6925426370632035	2.3542829782757955	0.00065298256538110053	-1	
-1.6454368091440748	1.3619479127454264	0.00070256172558894232	-1	
-1.0631235582905165	1.0166227647202897	0.00074325129938698547	-1	
-1.2097902508618992	1.0011868701326989	0.0007301125555388237	-1	
-1.3717651387127914	1.0156862856319322	0.00071836087614312889	-1	
-1.5368201431341282	1.114438361690024	0.00070874804088228284	-1	
-1.7407918502091322	1.217359129122759	0.00069814133997332445	-1	
-0.7490269393886646	0.89787475036448317	0.00077334887533047399	-1	
-0.63048686715578051	0.83234218983988939	0.00078481359630263442	-1	
-1.0362767371758084	0.87912798245510315	0.00074167571577439073	-1	
-0.90002188401675809	0.8127809574752991	0.00075198497087486848	-1	
-0.56065156875341593	0.71628489230569881	0.00078550549023736203	-1	
0.28200684220096672	0.86427441383543835	0.0080456449209206603	-1	
0.5	0.8915392031369791	0.017833610068030411	-1	
0.60241948352016494	0.97375520727544551	0.017675874981456383	-1	
0.64310717395633143	1.1724867831056802	0.017191526975466762	-1	
0.40834200779295859	0.84282535352910137	0.013779708746568906	-1	
0.65389656943443342	1.3198150784046425	0.017093225497681573	-1	
-0.26083943647807051	0.63759401972913532	0.00082441164194819051	-1	
-0.1063999304328061	0.6318878535291016	0.00085505738116974659	-1	
-0.3968687211439525	0.65130454779695246	0.00080325267186237928	-1	
0.125	0.70403920313697921	0.00093760230892808965	-1	
0.26651294908936274	0.72917583614088444	0.0074138330310244312	-1	
0.77500136869922409	1.3692447866825848	0.016857888235660517	-1	
0.49300191391576081	2.0817351181857746	0.016961359201337466	-1	
0.48754486613357256	2.0711395025524451	0.017225417660272559	-1	
0.48795834026772439	2.0604227404412918	0.017452255149494895	-1	
0.48841537674558982	2.0550404384763419	0.017522175402831724	-1	
0.48714533133904975	2.0470233489130738	0.017498231049013546	-1	
0.5	2.0484931313240722	0.01812470074939054	-1	
-2.1062717864309475	1.687895423816679	0.00067903387456096564	-1	
-1.9830330354593639	1.5819697143473201	0.00068481236209242703	-1	
-1.9249730173760244	1.44256230218898	0.0006888330106744402	-1	
-1.7977728448607386	1.3586748984099222	0.00069498665663752341	-1	
0.50648884783791337	2.0817351181857746	0.01713165045638183	-1	
0.5	2.0759328808818358	0.017361581658341303	-1	
2.986823165809307	2.0284155179436074	-0.017662829113078125	-1	
2.9725412625722356	1.975422356912256	-0.017704640569094415	-1	
3	2.0119577441181642	-0.017668745955121058	-1	
3	2.0875061054897133	-0.016301288889138031	-1	
3.0049036866723999	2.0933005302936518	-0.015958747512773205	-1	
2.9933778976080783	2.0730200434798665	-0.0170677477500248	-1	
3	2.0759172558818357	-0.016863712177251917	-1	
3.0162548203803876	2.0918872540163855	-0.015756921454830031	-1	
2.9865385502701334	2.0559736980029375	-0.017624437264580795	-1	
2.990416231422103	2.0625	-0.017603072959507741	-1	
2.9829252485588551	2.0444600128039734	-0.017648065562590777	-1	
2.9961538136991841	2.0663461863008159	-0.017376697879603414	-1	
2.503618998414876	2.058881001585124	-0.019043805132172808	-1	
2.5035294510882564	2.0548550719980874	-0.019056339199110331	-1	
2.5109195556807391	2.0465085450353118	-0.019035249500682232	-1	
2.5044273936794026	2.0490385502701338	-0.019064746588239919	-1	
0.98908044431925868	2.0465085450353131	0.019554892580476227	-1	
0.99647054891174347	2.0548550719980874	0.019577218357446389	-1	
0.9955726063205973	2.0490385502701338	0.019584901473556807	-1	
1	2.0606715937260418	0.019575333102744161	-1	
1	2.0567939125740722	0.019590977744317339	-1	
1.0129629534938689	2.0275565457578808	0.019283632257298271	-1	
1	2.0451608691181642	0.019616404064039059	-1	
1	2.052916231422103	0.019601563443467151	-1	
0.9915681578748472	2.0400000601728285	0.019576849794486619	-1	
0.87036382076589858	1.4724514484160627	0.016980741080233779	-1	
0.84740605264433144	1.4373566205578201	0.016825458753307911	-1	
0.90326027257192976	1.4889560780887414	0.017035285009323439	-1	
0.92687985402527384	1.5133816116371748	0.017260732481443147	-1	
0.9559881357220269	1.5503918972350386	0.017751553966021946	-1	
0.95892599968024461	1.5713610667869538	0.01803051422521925	-1	
0.97074180652972508	1.5856341117724082	0.018273895173648611	-1	
0.98916706119214892	1.5875944931857744	0.018465412761008538	-1	
0.5073009816548335	2.0515377469245646	0.018126599231986566	-1	
0.50384618630081612	2.0586538136991837	0.01809302353747751	-1	
0.50182840627395831	2.0625	0.018064395015212655	-1	
0.50384618630081612	2.0663461863008163	0.017880406795510527	-1	
0.50663951004141905	2.0730317622298662	0.017566534229677775	-1	
2.4163403256622562	1.4142473548421295	-0.012793132352709412	-1	
2.4280305068142254	1.43625	-0.01304535634607356	-1	
2.4309406839006686	1.3253743530085624	-0.01296978908066819	-1	
2.4489480304514863	1.3851109200603966	-0.013416019938360706	-1	
2.4522497810204937	1.4584946921942881	-0.014226676111466739	-1	
2.4514108691181642	1.43625	-0.01355321730107637	-1	
2.4666516379062275	1.5154319005284815	-0.016039684333704559	-1	
2.4676873902791141	1.4891199900107155	-0.015389257388251032	-1	
2.4607803070892555	1.4692733714068167	-0.014725578047702447	-1	
2.2409876083827149	1.0406554836311104	-0.011292320559717099	-1	
2.3028483656437824	1.0337082703047369	-0.012879177034217829	-1	
2.3226245862992063	1.0622339156550222	-0.012609632263835425	-1	
2.3491455946693329	1.086186439446456	-0.012549075684707943	-1	
2.357889419902409	1.12625	-0.011621870531255091	-1	
2.3812697822063478	1.1530739325152726	-0.012081523171580552	-1	
2.4118270890451483	1.1868866998738061	-0.012662531603883509	-1	
2.4609414632191937	1.2853133969421509	-0.013483389579222013	-1	
2.4479357982082441	1.1917885730056224	-0.013358682219551018	-1	
2.4593227548890577	1.2308916546322526	-0.01350052614651065	-1	
1.2141945670090342	0.81292512667424832	0.013846301467469249	-1	
1.7202713718542224	0.61961120602193309	0.0010104060581793122	-1	
1.4694356523527343	0.60603733298537421	0.007401815086236543	-1	
1.5629571015684895	0.5	0.0050183791128618318	-1	
1.3291534785291015	0.58839961325230561	0.010997219292814041	-1	
1.1885660328739185	0.65085188309812847	0.014605572675447263	-1	
1.8435214492157552	0.61938677824425037	-0.0021260737786736785	-1	
1.9947043615221562	0.6074205211221636	-0.0059777072479486127	-1	
2.1354210814118795	0.69915396236620997	-0.00955766363337077	-1	
2.1038113335468274	0.63776480589966178	-0.0087612209541615398	-1	
2.1693676362082841	0.80080262714969119	-0.01039205155290979	-1	
2.2035452681962875	0.89496721835355642	-0.011219836103250924	-1	
2.1942268837748373	0.95790328875037656	-0.010970312847084118	-1	
2.2176072460787761	1	-0.011548389914922991	-1	
1.1654909424015298	0.95558962902580413	0.014944502473094552	-1	
1.142110580097591	1	0.015489820449697879	-1	
1.1326943500320523	0.87902271021304135	0.01582132641425555	-1	
1.0881729109548528	1.3756133001261905	0.013179161696688264	-1	
1.083659674337744	1.4154445123631483	0.013308274616254927	-1	
1.0719694931857746	1.43625	0.01356318063006105	-1	
1.039058536780797	1.2771866030578258	0.014000461681560949	-1	
1.0520642017917572	1.3707114269943748	0.013875167371879467	-1	
1.0406772451109438	1.3316083453677452	0.014017182461747204	-1	
1.0202404800378293	1.2260962224258143	0.014382113880924363	-1	
1.0510519695485088	1.1773890799395981	0.013933449843882329	-1	
1.083659674337744	1.1482526451578838	0.013310450906023468	-1	
1.0953498554897134	1.12625	0.013077956142209191	-1	
1.0968892027365429	1.0810803858255595	0.014322419336239593	-1	
1.1187302177936522	1.0265415149602828	0.015345426517310988	-1	
1.059238560171087	1.5358378239710779	0.01661327138754088	-1	
1.0518733011226831	1.5231980141858124	0.016402770208362141	-1	
1.042872273336086	1.5006693247344878	0.015966081898584589	-1	
1.0541110485294909	1.4593773632219118	0.014618945012352655	-1	
1.0348003227839431	1.4828179401194639	0.015706419374120682	-1	
1.0368989497298664	1.5625	0.017828917423474862	-1	
1.042744040305851	1.5524841784029402	0.017420554679740491	-1	
1.0456504339475066	1.5412576632666506	0.017039057824612461	-1	
1.025208768577897	1.5625	0.018044567880028933	-1	
1	1.5798391308818358	0.018524234927167538	-1	
1.0151419739654353	1.5763311930992945	0.018241714842652579	-1	
1.0193636780019124	1.5690379955819778	0.01814953713106451	-1	
1.0067231376539867	1.5759614497298664	0.018378221529015984	-1	
2.5	1.5953498554897136	-0.018132408513826945	-1	
2.5178527599748275	1.6088435838827002	-0.01805449223403912	-1	
2.5436782157395617	1.6170735996761585	-0.017914204338117159	-1	
2.4910471388738586	1.5875944931857744	-0.017895676225241307	-1	
2.4807074615872153	1.5859439916723517	-0.017688954844179806	-1	
2.467056264682435	1.5509810432571549	-0.017044173811957414	-1	
2.474791231422103	1.5625	-0.017527403588093425	-1	
2.4763773479224183	1.5407032282101416	-0.016900778390929048	-1	
2.4759856824011801	1.5765985177434347	-0.017566108425415727	-1	
2.5678582701079162	1.5900270798095433	-0.017559530852044054	-1	
2.6067964178640155	1.5644373109494261	-0.01721105013996059	-1	
2.6685405624684644	1.5197838985223127	-0.016861177728435223	-1	
2.7712563527510525	1.552808354403217	-0.017061992541355809	-1	
5.0783639229820752	1.7165447339535165	-0.00018286044030539999	-1	
4.8369724550512476	1.4420209837929219	-0.00020401560699569141	-1	
5.0405187799682523	1.514019159599499	-0.00018949669430675005	-1	
5.2151955025809862	1.7952969901207227	-0.0001739012566359378	-1	
5.2719406755385378	1.9411787024710014	-0.00016714420628635774	-1	
3.0223676800759778	2.0830079228495846	-0.015928137019569327	-1	
3.0228470609267624	2.0722385324477286	-0.016263676680943088	-1	
3.0199893548170929	2.0618443208098922	-0.016551813657375992	-1	
3.7400878939694033	0.8732245541752004	-0.00033770201812636006	-1	
3.6333495013783135	0.96182771844618931	-0.00036902784228064602	-1	
3.5009294611573796	0.92049325196061182	-0.00040134025827283858	-1	
3.375	0.99264460156848955	-0.0004408144551266995	-1	
3.2524487014462573	1.2090986503921224	-0.0057700041321210307	-1	
3.1124996243576697	1.1838223007842448	-0.011880171465237429	-1	
3	1.28125	-0.016677852115844573	-1	
3.2064725047165146	0.98935750372585185	-0.007929546369849598	-1	
2.8729256428952334	1.4952245322798636	-0.016928491025578061	-1	
2.8484181635820551	1.3809795123163231	-0.016652100606118526	-1	
4.4046457057111992	1.0414529558409229	-0.00024254895984085522	-1	
3.8413787768032743	0.79681574485015749	-0.00031061848642289374	-1	
3.9678172972627221	0.80737271561649915	-0.00028948631762807097	-1	
4.2089321821702033	0.9009897695072171	-0.00026089796114561888	-1	
4.1767198416460305	0.76657377527183368	-0.00025685047790020019	-1	
4.6899764846394101	1.1688728929753893	-0.00021686459245936232	-1	
4.8258158711594819	1.2718976107810225	-0.00020606266755745785	-1	
4.5910055755365464	0.95371970232315595	-0.00022149261560484523	-1	
3.0145403905997008	2.043226383293594	-0.016917037964035285	-1	
3.0091947760440632	2.0357217251508906	-0.017197725854971282	-1	
3.0134528699177885	2.055209983261777	-0.016921915383907003	-1	
3	2.0241362065201338	-0.01765741574455108	-1	
6.2133696697703868	3.3004514505389984	-0.00010606405231102208	-1	
6.3700852922391027	3.6923881145849768	-9.437363390260246e-005	-1	
6.3667281902506447	3.545894303329753	-9.9326425846927183e-005	-1	
6.4317913000766058	3.7736822752765753	-9.2655276005477154e-005	-1	
6.3900502024968207	3.8531237513067134	-8.9234498632554605e-005	-1	
6.3326614386267828	3.4592765792539368	-0.00010181246093022675	-1	
6.3539880468228702	3.345785013071386	-0.00010588823044778766	-1	
5.8810418415394308	2.713373329152557	-0.00012655711043357427	-1	
6.0647949711568154	2.8748622360592493	-0.00012040521862224079	-1	
6.1424431429205857	3.057309126619423	-0.00011416822461644436	-1	
6.2754098762479105	3.1332493784698712	-0.00011234739548196812	-1	
5.865799671098249	2.570244592485063	-0.00013187370834915528	-1	
5.7967933330021717	2.2184063951696742	-0.00014434387724576806	-1	
5.9382232017471077	2.3726870122966401	-0.00013779900761447242	-1	
5.9827806478957308	2.486377971667852	-0.00013374782168074068	-1	
5.4713136534627864	1.9064900728844563	-0.00016121554597155956	-1	
5.5745887499249989	2.0604212295327957	-0.00015365505358491612	-1	
5.7189149881907557	1.9738966251151193	-0.00015271944392984953	-1	
6.3469290173607211	3.9318246454151682	-8.5745016571474824e-005	-1	
-3.0847069062275363	3.4489977533719212	0.00062193055385356948	-1	
-3.1193653854806715	3.3662205997794463	0.00062487196167171995	-1	
-3.152573925551327	3.2828511796819804	0.00062774087357915216	-1	
-3.0317528239767895	2.6664243943556745	0.00064409285267042209	-1	
-2.9873822047611598	2.5402595533116239	0.00064727795719543807	-1	
-3.1421817206756337	3.0425220981290786	0.00063449817988609858	-1	
-3.1191152067953674	2.8958369894677536	0.00063837848866510241	-1	
-3.1485345242972369	2.6799739299748011	0.00064412039427746081	-1	
-3.1701622062501937	2.7758365164058381	0.00064179738578870247	-1	
-3.1843224107964976	3.1989148882125025	0.00063048822486637445	-1	
-3.2146011703200257	3.1144372931785025	0.00063315327756042561	-1	
-2.8376460361141986	2.3223746788369204	0.00065298576027569269	-1	
-2.9840466533869239	2.4065614117303786	0.00065053067021661774	-1	
-2.3202939264646663	1.8814950104432582	0.00066957964770884338	-1	
-2.2523329767202012	1.6931311129052793	0.00067480343561104981	-1	
-2.5641234437694753	2.07396561066464	0.00066115932789916044	-1	
-2.7380903276999224	2.215527753391846	0.00065606546920201128	-1	
-2.4653714647099312	1.8723681194958843	0.00066699558843027692	-1	
-1.1859956035084283	0.85564237415682354	0.00072802454888156701	-1	
-1.5017382692610488	0.98576132354400714	0.000709451696724481	-1	
-1.4233140048076567	0.86145006502061772	0.00071158260079742742	-1	
-1.6314619535530037	1.0167497690390515	0.00070260679301598593	-1	
-1.8612364837045903	1.1194976393177662	0.00069238357878764832	-1	
-1.7870627954098048	1.0076623612863449	0.00069486622629382746	-1	
-1.8918997014457974	1.2716276758078142	0.0006912995025702076	-1	
-0.79484315618979107	0.67502079594734066	0.00075421348480774451	-1	
-1.0916814002245421	0.74336258158324531	0.00073112296882537774	-1	
-1.0395149564655903	0.60632031472011994	0.00072802638088322383	-1	
-0.48611593722538243	0.54773389901881409	0.00077784730237996831	-1	
-0.6561859305290858	0.57328239573072426	0.00076079114530712552	-1	
0.37376303911356062	0.77482366436223271	0.0122825107094237	-1	
0.5	0.79411150392122387	0.018024941256783601	-1	
0.59209498164382002	0.84282535352910137	0.01799353333176032	-1	
0.72874364724937923	1.0096916455957397	0.017581701059642886	-1	
0.70644629573038864	0.85303512029325856	0.018105593154391822	-1	
0.76663929910396256	1.2534920403856316	0.016782038158701607	-1	
0.7906409262079015	1.1650148625323975	0.016874164307393753	-1	
0.44414801433612539	0.74539765431334626	0.015532622548186886	-1	
-0.25229821719372514	0.48328533904867454	0.00080036825329667192	-1	
0.125	0.55973650392122398	0.00090585428012076642	-1	
-0.013868425685025408	0.48758515431334637	0.00084475806964300537	-1	
0.25648967322263366	0.61275204798940797	0.0069611169974220259	-1	
0.37902316514232082	0.69871672723663436	0.012586129466075794	-1	
0.87328637941911047	1.3841349458096852	0.016382693697702077	-1	
0.85914837314725534	1.2832129209266485	0.016250036354787559	-1	
0.49409129559452547	2.0727100190654539	0.017381536088894905	-1	
0.49180069098400786	2.0659231613397475	0.017545031045958726	-1	
0.49355074943544197	2.0567155516427653	0.017765829423949761	-1	
0.49465524053725113	2.0608348276494222	0.017780667325543269	-1	
0.4931653015532983	2.0524682271504355	0.017770550984793913	-1	
0.5	2.054582362525057	0.018102987109455307	-1	
-2.2634835849972741	1.5474020914853945	0.00067663406084120551	-1	
-2.0977164600575877	1.4837195011824291	0.00068222087257933299	-1	
-2.0047907191854955	1.33239528401334	0.00068661690809636517	-1	
0.5	2.070130643577897	0.017644089707311236	-1	
2.9931753866391344	2.0424039001230874	-0.017636466497470877	-1	
3	2.036314668922103	-0.017641082505550871	-1	
3.0065803728387475	2.0858971374708206	-0.016265272799870591	-1	
3.0056109051281368	2.0791926451603748	-0.016605706746986096	-1	
3	2.0701228310778967	-0.017140065963039394	-1	
3.005901831456391	2.0727022065654532	-0.016868963090578091	-1	
3.0116993117601094	2.0814601847888428	-0.016337592943285153	-1	
2.9926990183451654	2.0515377469245646	-0.017618174435132358	-1	
2.9961538136991841	2.0586538136991841	-0.017586699348239615	-1	
2.9981715937260418	2.0625	-0.017559368803819239	-1	
3	2.0643284062739582	-0.017436535133158453	-1	
0.88624157512513901	1.453184073074445	0.016759861959136022	-1	
0.90681098804113303	1.4673344825504457	0.016806895463646963	-1	
0.90499424832816533	1.4194254161875819	0.016383851377015098	-1	
0.92169681314302687	1.4834128277700482	0.016926085665019235	-1	
0.95429537250879126	1.5222249508398484	0.01737700165170326	-1	
0.93657641776992306	1.4956288426060187	0.017034129222824646	-1	
0.95446308144821723	1.5050761395309178	0.01713646118721316	-1	
0.97579183906940625	1.5578852576336153	0.017950310862785042	-1	
0.9751034001491734	1.5412845495303427	0.017684929011970694	-1	
0.98046196995875001	1.5698590831646977	0.018162551155899802	-1	
0.99237305832383793	1.5746631440654546	0.01835735502196225	-1	
0.5	2.0606715937260418	0.018063432655396828	-1	
0.5	2.0625	0.018035553149978182	-1	
0.5	2.0643284062739582	0.017942202493745289	-1	
2.4411855522202579	1.4161158961423372	-0.013312968604809303	-1	
2.4797595199624647	1.3364037775740276	-0.013864736259145525	-1	
2.4888135083021048	1.3839306765908486	-0.014189857062980265	-1	
2.4748675720677462	1.4014601496012735	-0.01399771755858081	-1	
2.4609821582620097	1.4132942433565818	-0.013737321544238202	-1	
2.4672296226986887	1.4488920279560999	-0.01434585401397852	-1	
2.4700326716712886	1.4591075684273391	-0.014712167934677191	-1	
2.4631010502701338	1.43625	-0.013823952391374274	-1	
2.4590776118068161	1.4250457079526018	-0.013718772125036013	-1	
2.4834227418158958	1.5248216257755502	-0.01659103169349695	-1	
2.4839422063683543	1.5070370742157553	-0.016205417873912557	-1	
2.4744942777339949	1.4702097525960993	-0.01512223170638622	-1	
2.4840356609286767	1.4774296160787486	-0.015568657457334881	-1	
2.2643679706866537	1	-0.012706484024828464	-1	
2.3372951580868979	1.029438629050113	-0.013773348403800153	-1	
2.3111286952945314	1	-0.013852396042889353	-1	
2.3765775372682518	1.0632828195099229	-0.01374596709133891	-1	
2.3836922071845241	1.0953307734666442	-0.013007155445616189	-1	
2.4046501445102866	1.12625	-0.012559564046313965	-1	
2.4163403256622558	1.1470554876368502	-0.012791727733757398	-1	
2.4381786406234074	1.1566792421448648	-0.013234320704095411	-1	
2.5078837654093142	1.2743757330683305	-0.014237644421230766	-1	
2.4719395479024673	1.1643716578209673	-0.01392459289984271	-1	
2.4853279228917367	1.1995476757479104	-0.014031878683751569	-1	
2.5281723136462424	1.2196520253386358	-0.014649294057055234	-1	
1.1095706814043793	0.82098853029473884	0.016488402356306393	-1	
1.1173586810057836	0.73325849361033757	0.016401184135495718	-1	
1.75	0.5	0.0002542631913972216	-1	
1.3759142031369791	0.5	0.0097993646676319494	-1	
1.4694356523527343	0.39395921688291718	0.0059593967203891282	-1	
1.6709244718540925	0.33570566634558857	0.0014878797128384711	-1	
1.2356320293133463	0.55297652014066601	0.013413762114927558	-1	
1.2823927539212239	0.5	0.012205626788221546	-1	
1.1033169510978493	0.58307334318673487	0.016867623296282084	-1	
1.1654909424015298	0.54441468745734511	0.015240120681289914	-1	
1.0734037475306371	0.65693565235273432	0.0176299637487514	-1	
1.9370428984315105	0.5	-0.0045094007741338172	-1	
2.1004536001695584	0.56689638647939722	-0.0086824714704497822	-1	
2.0305643476472657	0.5	-0.0068960595641519053	-1	
2.1980455402676125	0.72823972941459847	-0.011147769906266669	-1	
2.1919230288348839	0.65946347699282915	-0.011014691509341342	-1	
2.1886408680956344	0.60553976529491571	-0.010942128555732396	-1	
2.2510070857646327	0.85885502624770282	-0.012426812449430632	-1	
2.2523639882978435	0.77086793893615724	-0.012513371287117743	-1	
2.2409876083827149	0.94640506829485216	-0.012137256554625313	-1	
1.1187302177936522	0.97382029071635645	0.016049302791162578	-1	
1.1002086909063218	0.93238329529940622	0.016532476814536394	-1	
1.0953498554897134	1	0.016580157238915046	-1	
1.070695864196767	0.88669459679485862	0.01733393388512491	-1	
1.0618213593765915	1.4058207578551325	0.013750800421484509	-1	
1.0485891308818358	1.43625	0.014073617851999695	-1	
0.99211623459077869	1.2881242669320654	0.014754781416424801	-1	
1.0280604520975349	1.3981283421790298	0.014440840083704384	-1	
1.0146720771082633	1.3629523242520849	0.014548054273703625	-1	
0.97182768635374883	1.3428479746613791	0.015165576697864797	-1	
1.0111864916979327	1.1785693234090966	0.014707480941109175	-1	
0.98577900763130755	1.1921376041591827	0.015076001038360223	-1	
0.96302536825323715	1.249693371526726	0.015202720613176972	-1	
1.025132427932252	1.1610398503987172	0.014515324438110983	-1	
1.0390178417379903	1.1492057566434113	0.01425487047780436	-1	
1.0588144477797325	1.1463841038576474	0.013830409198032282	-1	
1.0719694931857746	1.12625	0.013562737588266215	-1	
1.0693620110778104	1.1047820264889829	0.014235209266916758	-1	
1.061253408036247	1.0557239574911645	0.015754138574139463	-1	
1.0607693562612333	1.0849366458472256	0.014969151755785271	-1	
1.083659674337744	1.0311404647923215	0.015977786770407492	-1	
1.0329288618435821	1.5207519517983479	0.016701624166301905	-1	
1.0359486111919514	1.5337469122995	0.017002947830415296	-1	
1.0232769855079473	1.5115416766800305	0.016658636010831198	-1	
1.0327703773013113	1.4488920279561004	0.014867030721236171	-1	
1.0307216774636367	1.4636556602253361	0.015335783720736513	-1	
1.0159643390713269	1.4774296160787428	0.016092594663346817	-1	
1.0303981425413797	1.5524886308959582	0.017649316160539379	-1	
1.0267179270309366	1.5418296850162321	0.017399843650717388	-1	
1.0135185874259278	1.5625	0.018228659896017425	-1	
1.0193636780019124	1.5548119272174534	0.017902190470708016	-1	
1	1.572083768577897	0.018442224608777862	-1	
1.0105960421379354	1.5692355593137948	0.018280637615064443	-1	
1.0038461863008166	1.5663461863008166	0.018337753444208849	-1	
2.5108329388078507	1.5875944931857744	-0.017938955680098605	-1	
2.5	1.5798391308818358	-0.017999991010072307	-1	
2.5352600888127372	1.5913088473105585	-0.017754274668963739	-1	
2.4932768623460135	1.5759614497298664	-0.017854947240345889	-1	
2.4848580260345638	1.576331193099296	-0.017719606984651338	-1	
2.4806363219980874	1.5538267625354578	-0.017353737778386617	-1	
2.4806363219980874	1.5690379955819778	-0.017629076649672584	-1	
2.4864814125740722	1.5625	-0.01770694564422267	-1	
2.4873403506279654	1.5490804941748308	-0.017294923303947846	-1	
2.4916335734896289	1.5401332264178833	-0.017095203648097156	-1	
2.5403084501297633	1.5725544792346036	-0.0175187770887563	-1	
2.5623882404169072	1.5503330776552631	-0.01717110579339735	-1	
2.5923425401087568	1.5201417012479435	-0.016810383232704628	-1	
2.6078595486578782	1.4736961431284945	-0.016390690108034754	-1	
2.713408020944724	1.3992999554286407	-0.016371658192621343	-1	
5.2260301135455913	1.6377933068869517	-0.00017730410326377401	-1	
4.9545355242223339	1.3488837642104465	-0.00019690727496231248	-1	
5.1041994321259301	1.339068899183175	-0.00018781956494557371	-1	
5.1989943403127992	1.4726383552013727	-0.00018151291040457239	-1	
5.4065321775693906	1.719323124331795	-0.00016811398170614	-1	
3.0145882160980726	2.0653105022892349	-0.016767824008151997	-1	
3.0119068352896647	2.0709592374783354	-0.01672837825161819	-1	
3.0108405920506196	2.0601007011885408	-0.017022167573767417	-1	
3.6683127004753522	0.74804445581010337	-0.0003410979543638417	-1	
3.5164464659158159	0.77619055274485671	-0.0003839291219714589	-1	
3.375	0.84834190235273432	-0.00043644095061678772	-1	
3.2147503604535217	0.85830672460031687	-0.0076727994197996812	-1	
3.0843754397024274	1.0376807519606119	-0.013258221304707652	-1	
3	1.0863946015684895	-0.016877428977126088	-1	
2.9299342766950796	1.1838223007842448	-0.016736520283812582	-1	
2.8326088951083066	1.2456523373620327	-0.016567889767289446	-1	
3.0846875200145099	0.94025305274485671	-0.013427141033979319	-1	
2.7345026485596415	1.3062357320535987	-0.016248569273181801	-1	
4.423973329696568	0.8407118658783419	-0.00023335398368157546	-1	
3.9097984857680621	0.68996588517355606	-0.00028781234320512207	-1	
3.7823886542708376	0.65967923531326922	-0.00030584350750387262	-1	
4.063753622237094	0.68692499837737009	-0.00026489023011741297	-1	
4.2911148974764819	0.68899113810423196	-0.00023825664320823841	-1	
4.8464687860570681	1.1269367585533221	-0.0002040882179531401	-1	
4.7986714598393716	0.98853297544466845	-0.00020545989228504163	-1	
4.9923483831992188	1.1395595439033193	-0.0001944897447811818	-1	
4.56881370490599	0.79696543025630828	-0.00021788082619833755	-1	
4.7200692274034299	0.79319027006565068	-0.00020576124456413424	-1	
3.0068229840214888	2.0446251004332172	-0.017290509528428824	-1	
3.0068346984467023	2.0524682271504355	-0.017262095697407796	-1	
3.0064492505645579	2.0567155516427653	-0.017263177782385036	-1	
6.3548338873576169	3.2578306223069635	-0.00010882634773878464	-1	
6.4721395953573957	3.6935244159679192	-9.5973427460950097e-005	-1	
6.4229858330384193	3.6200444976534314	-9.7631032425834384e-005	-1	
6.4595894988418632	3.5395736184773958	-0.00010079871683411317	-1	
6.4827329955653523	3.4532041187929319	-0.00010390087894405806	-1	
6.4692969269287133	3.3520317706666529	-0.00010696863280303324	-1	
6.4418275725843754	3.2708225056045768	-0.0001092538191757519	-1	
5.9962795727389633	2.6287253895969962	-0.00012906199894670184	-1	
6.1240137762793445	2.7418077911106242	-0.00012492391676823615	-1	
6.2596949343768902	2.7947320344971449	-0.00012324284938909755	-1	
6.2586198025150885	2.9575591502369076	-0.00011805428168216771	-1	
6.3729415744694196	3.0920191641061852	-0.00011434841292743099	-1	
6.4115647570514804	3.1906123307136114	-0.00011151292236641538	-1	
6.0137954571861298	2.2570108142016845	-0.00014025657506720694	-1	
5.930619999032178	2.0953489995265779	-0.00014557077602974709	-1	
6.060075890413521	2.3806193836192708	-0.00013637333723982885	-1	
6.1951180628711073	2.5397484236232559	-0.00013099143153581056	-1	
5.6072283505524494	1.8956954503571128	-0.00015744877344361718	-1	
5.5907705186443915	1.7603497133375496	-0.00016103740462511585	-1	
5.8665324064353568	1.9618219192545829	-0.00014997945238382689	-1	
5.7116675649718678	1.8143223117692766	-0.00015652530072297687	-1	
-3.1142284344752058	2.5826429577593597	0.0006463855032484881	-1	
-3.1518421237489567	2.4159938575250504	0.00065025720636471406	-1	
-3.2434009809184419	3.0294441272737815	0.0006357136394274256	-1	
-3.1833827377139379	2.9631634936091897	0.00063699300437408853	-1	
-3.2106696802388859	2.8790753641660016	0.00063940171324047802	-1	
-3.2435816706362286	2.7049425518174393	0.00064393063628196583	-1	
-3.2144841801443853	2.6071176673918979	0.00064609019141711739	-1	
-3.3208412605563442	2.771630839628485	0.00064277502640849361	-1	
-3.2965291177091665	2.8580147909805187	0.00064051150357587552	-1	
-2.9820197965392521	2.2347575342027866	0.0006543329778756589	-1	
-3.1274673528560286	2.318955510836215	0.00065230592792393544	-1	
-2.3851123752122998	1.7542123300266046	0.00067066838326955295	-1	
-2.397206444034456	1.541115669179947	0.00067349671106130726	-1	
-2.7883655520197457	2.0784146381383257	0.00065868343636435423	-1	
-2.679141149874062	1.9301916223509983	0.00066271581764114091	-1	
-2.9336406049897605	2.0965760207540831	0.00065738122454939596	-1	
-2.4810989266739094	1.6484347616550199	0.00067038925071141384	-1	
-2.6522841400140145	1.7480413177820806	0.00066611896639791834	-1	
-1.2313525668301299	0.72179134098953113	0.00071986252603292982	-1	
-1.598066357570844	0.86953169509477257	0.00070189308463838439	-1	
-1.3869578726094978	0.70966648569035362	0.00070927330428140569	-1	
-1.5166152968309472	0.73525903283742478	0.00070280368273302528	-1	
-1.7236735315665557	0.88938021268805345	0.00069616932015147018	-1	
-1.9958925174058102	1.1966438220656117	0.00068731986153903048	-1	
-1.9467664868265748	1.0124294826813349	0.0006883512290948668	-1	
-1.8508391025608251	0.88958845183215585	0.00069069259640394003	-1	
-0.79915642371212103	0.5237865537271077	0.00074222704403371649	-1	
-1.1583883818899434	0.53300620004974597	0.00071529462334326362	-1	
-1.0624556897885835	0.43150364211052145	0.00071496137543081086	-1	
-0.88865950780165337	0.40180459508112837	0.00072474657696279608	-1	
-0.38015242932368537	0.39177866550329421	0.00076839994361742965	-1	
-0.57809287330300085	0.4357460633542336	0.00075398988451842903	-1	
-0.69977307392107413	0.35703798953325366	0.0007345027508137399	-1	
0.5	0.69668380470546865	0.0181533292940626	-1	
0.55518470918317853	0.74539765431334626	0.018132312758420342	-1	
0.62125788329470433	0.77607151358598869	0.018152636893848995	-1	
0.83202625127383156	0.97848504428388261	0.01779241282221504	-1	
0.83145943753118512	1.0427161014776019	0.017378081693149857	-1	
0.72293050896549838	0.73941851461995478	0.018395724688897344	-1	
0.80259079897674657	0.79711292545019541	0.01848375007911595	-1	
0.85852461473248276	0.87801913720632785	0.018357503007015916	-1	
0.85964636882172318	1.2253683048052282	0.01631798281705155	-1	
0.88204667573878737	1.1720346956647658	0.016366687355832021	-1	
0.89214045134209685	1.0888038568715035	0.016909213276118665	-1	
0.45652320617601261	0.67232687990152984	0.016168565474802575	-1	
-0.10745230008137742	0.33365687355644352	0.00078778723343764722	-1	
-0.27363771369374701	0.2761292547093474	0.000757903314750431	-1	
0.26208691068400775	0.51573576855551773	0.0070899736250511882	-1	
0.125	0.41543380470546881	0.0008514730460844719	-1	
0.023394408208142647	0.33559259491412519	0.00080414907697630227	-1	
0.37330742542309991	0.61568074692765418	0.012339112689679913	-1	
0.35375593440185416	0.54798910377857024	0.011371523314346897	-1	
0.42686389486351922	0.63227920032347129	0.014807770826410376	-1	
0.92117931068606096	1.344504881898462	0.015798547205445216	-1	
0.91943255560983395	1.3951502385076442	0.016075441908546449	-1	
0.90805040931604264	1.2570431604126429	0.015815907947175675	-1	
0.945021926961499	1.2983877173676457	0.015422759743822328	-1	
0.49748690299876097	2.0672295249259274	0.017727141199630533	-1	
0.49706801683616297	2.0634142031369791	0.017859788176386358	-1	
0.49758722370108815	2.0580922182384849	0.017957603324189348	-1	
0.49810643056601328	2.0615857968630209	0.017949677075828816	-1	
-2.2430934995109992	1.3429502160856084	0.00067893415087457029	-1	
-2.4362285108037498	1.4130586489134529	0.00067375331737865843	-1	
-2.1226543468299894	1.2644555850565624	0.00068290767326320393	-1	
3	2.0484931313240722	-0.017616093847356528	-1	
3.002511879018118	2.0672256186759275	-0.017219777588502985	-1	
3.0081998912161332	2.0659237059361852	-0.017049130174613444	-1	
3	2.054582362525057	-0.017596142849147234	-1	
3	2.0606715937260418	-0.017559126263604816	-1	
3	2.0625	-0.017531305385451189	-1	
3.0029319831638368	2.0634142031369791	-0.017358166706171511	-1	
0.91046438975595245	1.4471350989954461	0.016585712083837349	-1	
0.92712604018140021	1.4591247547533071	0.016623050790262592	-1	
0.92778154881421626	1.4361133730760347	0.016358497739312899	-1	
0.9436818891107307	1.4194660742945553	0.016050650621727641	-1	
0.93923197932935032	1.4754660297265962	0.016766626653677431	-1	
0.96905560971877691	1.5140854666018253	0.017261294729050875	-1	
0.9552890985768604	1.4879464124081392	0.016886506856658639	-1	
0.97033756263630022	1.4967156142981159	0.016989286278066028	-1	
0.9867800058188787	1.5531046314975356	0.017929337942393413	-1	
0.98754982371680122	1.5601969651840648	0.018070117008967504	-1	
0.99169002130517214	1.5403142628179061	0.017708943699653982	-1	
0.98243381977979349	1.5243392123427428	0.017427515621620964	-1	
0.99178523442213784	1.5659376195783095	0.018217342607085876	-1	
0.99718240721857754	1.5682060874259278	0.018337241243414085	-1	
2.5142209923688341	1.3703623958408899	-0.014558316150395063	-1	
2.5369746317473911	1.3128066284732698	-0.014685295291984667	-1	
2.5062183784877958	1.3980318132576302	-0.014610121000966109	-1	
2.493307299114083	1.4058755485570777	-0.014419303883546045	-1	
2.4768743744136015	1.4189949339241441	-0.014125154434173528	-1	
2.4864846594720302	1.414746954979021	-0.014331705920490453	-1	
2.4708180552044769	1.4270170542382188	-0.014002994416983236	-1	
2.4759836116558338	1.4503439696253251	-0.014635611325022595	-1	
2.474791231422103	1.43625	-0.014117216488849784	-1	
2.4805948538791984	1.4599166776098562	-0.015050924059278846	-1	
2.5	1.5300232968630207	-0.017001154516609343	-1	
2.5	1.5146991484315104	-0.016742581634284364	-1	
2.5	1.4993750000000001	-0.01648564823675867	-1	
2.5	1.4687267031369793	-0.015929918851940335	-1	
2.4911581157232683	1.4610646289212239	-0.015432922954308642	-1	
2.2994155105308147	0.94411633578208809	-0.013582732079284369	-1	
2.3732196242653383	1.029873634647857	-0.01456157735719911	-1	
2.357889419902409	1	-0.014978961759579024	-1	
2.3558996462741191	0.95246648746102569	-0.014949413896346212	-1	
2.4031107972634769	1.0451696141744578	-0.014801371394880839	-1	
2.4073361885602211	1.07255684043927	-0.014126103225696815	-1	
2.4163403256622562	1.0987644654583058	-0.013580796532682208	-1	
2.4280305068142254	1.12625	-0.01304666113955644	-1	
2.4663604336988096	1.1391630442839282	-0.013888286143063325	-1	
2.4514108691181642	1.12625	-0.013557152458305671	-1	
2.5549780730384861	1.2641122826322366	-0.014905001213932378	-1	
2.4977557774062644	1.1640209357593378	-0.014449642904127593	-1	
2.4884251251123577	1.1445014173640935	-0.014399797315573105	-1	
2.5187508478213823	1.1822413499912059	-0.014688232221255463	-1	
2.5416828723461471	1.183516344193039	-0.015016075461083838	-1	
2.5788206893139711	1.2179951181015758	-0.015280510735208251	-1	
1.0402408952212292	0.85295600338289701	0.018179991859043225	-1	
1.056393125756697	0.79682273943775561	0.017896429746377993	-1	
1.0554481626393137	0.71897855078424477	0.018047725903412942	-1	
1.8435214492157552	0.39449214972500984	-0.0016528710861232619	-1	
1.3291534785291015	0.41161766683797651	0.0091727070866280177	-1	
1.5313758414237404	0.25932621678959394	0.0026502767026363116	-1	
1.3834479027662088	0.2682680678739236	0.0046139186436013656	-1	
1.7900142188336061	0.26882385055806807	-0.00018374874920793413	-1	
1.75	0.125	0.00025867769861554569	-1	
1.5939785507842448	0.125	0.000332526309922709	-1	
1.1888713047054686	0.5	0.014629633167879508	-1	
1.2356320293133463	0.44699761479725991	0.012108544071727264	-1	
1.1187302177936522	0.52617351322037997	0.01646690634710752	-1	
1.083659674337744	0.52749681117174974	0.017392889573780348	-1	
1.045298150522159	0.55651399567326765	0.018419863440622384	-1	
1.142110580097591	0.5	0.015850580093959857	-1	
1	0.68795710156848955	0.019579753027822045	-1	
1	0.6259142031369791	0.019634719071409186	-1	
1.9838036230393881	0.40860170820076969	-0.0046704716472193838	-1	
2.1681226213326865	0.54557712712585704	-0.010420851186372173	-1	
2.1240857968630209	0.5	-0.0092892091021786125	-1	
2.0859351110265516	0.41905982806998532	-0.0069406040386904705	-1	
2.2433192624875637	0.67610578538791366	-0.01233058477389483	-1	
2.2283813487833832	0.61959707297979061	-0.011963370127460174	-1	
2.22267700137655	0.57783136784623967	-0.011823771872720957	-1	
2.307421785841596	0.83951346062319332	-0.013860036401221179	-1	
2.3008401299760135	0.89161753912763164	-0.01364964939374457	-1	
2.3417242253582757	0.787692391894799	-0.014783474033674415	-1	
2.2983385732425923	0.69583523768388822	-0.013739789535209599	-1	
1.083659674337744	0.97526095075494645	0.016857015582836352	-1	
1.0622228184838725	0.95825677173873458	0.017361323515373877	-1	
1.0390446548819801	0.91991888788572207	0.018002541003372622	-1	
1.0719694931857746	1	0.017099909244619335	-1	
1.0257706225446157	0.89604206875655446	0.018408042893663854	-1	
1.0336395663011886	1.423336955716072	0.014404697329580054	-1	
1.025208768577897	1.43625	0.014631843095563873	-1	
1.0022442225937356	1.3984790642406602	0.014965460754432213	-1	
1.011574874887643	1.4179985826359052	0.014916058616433678	-1	
0.98124915217861686	1.3802586500087934	0.015203360383687472	-1	
0.95831712765385957	1.3789836558069675	0.015529929976518284	-1	
0.99378162151221894	1.1644681867424387	0.015127931244202277	-1	
1.0066927008859352	1.1566244514429327	0.014937048767501166	-1	
0.97651776251179745	1.1648636637041381	0.015412335101021855	-1	
0.93741262712505991	1.1933517177161126	0.015731197977067603	-1	
1.0231256255864001	1.1435050660758543	0.014642820023911216	-1	
1.0135153405279751	1.1477530450209741	0.014849430128564328	-1	
1.0409223881931775	1.1374542920473953	0.014236324463807471	-1	
1.0291819447955213	1.1354829457617797	0.014520630274930038	-1	
1.0485891308818358	1.12625	0.014070727702998036	-1	
1.0477502189795105	1.1040053078057102	0.014744199604308282	-1	
1.0333483620937516	1.0470680994715083	0.016557079451430846	-1	
1.0323126097208877	1.07338000998931	0.015906791077480154	-1	
1.0447644216981911	1.0316049028527126	0.016763278170124206	-1	
1.0392196929107478	1.0932266285931693	0.015243143215861033	-1	
1.0240591048230872	1.5307176577417752	0.01713005708917505	-1	
1	1.4993750000000001	0.017012323827285913	-1	
1	1.5146991484315104	0.017271335959209686	-1	
1.0130218072622703	1.5277639231167266	0.017243089169857315	-1	
1.0240163883441658	1.4503439696253255	0.015154765404413819	-1	
1.0194051461207987	1.4599166776098533	0.015569095069033456	-1	
1.0088418842767315	1.4610646289212241	0.015951658195548783	-1	
1	1.4687267031369793	0.016451002699781531	-1	
1.0176185641930608	1.5401551320900426	0.017491317401016868	-1	
1.007673496849943	1.5625	0.018295136674979767	-1	
1.0098592217178184	1.5565256534776661	0.018078869528395047	-1	
1.0132884791443664	1.5483314940578736	0.017787606976127569	-1	
1	1.5643284062739584	0.018335206371383632	-1	
1.0018284062739584	1.5625	0.018319287957666793	-1	
2.5076269416761621	1.5746631440654546	-0.017832561498547294	-1	
2.5209353957227991	1.5711771496224698	-0.017643091898274267	-1	
2.5	1.572083768577897	-0.017917940417623578	-1	
2.4894039578620646	1.5692355593137954	-0.017758141535298859	-1	
2.4961538136991837	1.5663461863008161	-0.01781392902240762	-1	
2.490731309867166	1.5565619685388443	-0.017562917643651543	-1	
2.492326503150057	1.5625	-0.017772097588359584	-1	
2.4955538432789979	1.5491784824024086	-0.017365922045217572	-1	
2.5	1.5453474452945311	-0.01728282339813381	-1	
2.5314536430276471	1.5552685119460783	-0.017340953345429497	-1	
2.5498388710235447	1.5216307928140955	-0.016826837273188521	-1	
2.5618585362947042	1.4904852552224597	-0.016430462652299208	-1	
2.5776812709517221	1.4351314056338513	-0.01587856132583804	-1	
2.6182731995820911	1.3918636424368622	-0.015857931558778831	-1	
2.6407241386323883	1.3374696534835726	-0.015801538182190891	-1	
5.352904641990321	1.5286606118204029	-0.00017365355543632596	-1	
5.116767941624782	1.2009143704026912	-0.00018732599775600728	-1	
5.229983502268186	1.2810821824083836	-0.00018146691327646213	-1	
5.3165003973014686	1.38924372131049	-0.00017670530596769458	-1	
5.5288296469423219	1.5820514358912907	-0.00016614983702708665	-1	
3.0053447594627487	2.0608348276494222	-0.017281205021602374	-1	
3.5827009070451417	0.6318878535291016	-0.00034277326983445626	-1	
3.375	0.70403920313697921	-0.00041958639738065502	-1	
3.2700833299261527	0.76539677235084558	-0.0052130177929147186	-1	
3.1225173179994847	0.77577961474251755	-0.011941580114280089	-1	
3.091957913081687	0.84282535352910137	-0.013250909038830951	-1	
3	0.98896690235273443	-0.017095934314125243	-1	
2.9148450717019738	1.0647690435864956	-0.016934981220591602	-1	
2.8558950273046229	1.1327234244497177	-0.016761698546518357	-1	
2.7580331002301284	1.1164454422394214	-0.016630976052340065	-1	
2.6609075996536711	1.195473489294373	-0.016024193376089787	-1	
3	0.8915392031369791	-0.017322987023983931	-1	
2.6395911659719968	1.2786354196444076	-0.015726095927662893	-1	
4.5075177293599564	0.63935264021039118	-0.00021487254745985654	-1	
3.9631358676347186	0.5703595725578694	-0.00026550987957083878	-1	
3.691248199982804	0.45101216104213526	-0.00028520052881113387	-1	
3.8457985147981049	0.46829807928828537	-0.00026665550323374453	-1	
4.1507859117027941	0.5100911823647748	-0.00023733850816817353	-1	
4.3400164582285985	0.49362175710827227	-0.00021837132243368145	-1	
5.0003279235705849	0.92699715671627669	-0.00019107882246629471	-1	
4.8765767604512185	0.82578958392086177	-0.00019618938225644307	-1	
5.1198106375597208	1.0379134773671492	-0.00018606797828003889	-1	
4.6484856712568252	0.66833859519367411	-0.00020553309461401219	-1	
4.8531114827609958	0.57183174363531653	-0.00018814239378434492	-1	
3.0024127762989119	2.0580922182384853	-0.017454067968735745	-1	
6.5110827978575863	3.612674590241197	-9.9191457755172668e-005	-1	
6.5486090451004424	3.5311574257365357	-0.00010231385535297113	-1	
6.5847069062275319	3.4489977533719176	-0.00010533968300023902	-1	
6.6193653854806662	3.3662205997794423	-0.00010828976244663417	-1	
6.5508089346764136	3.2906138208577249	-0.00010977850185435421	-1	
6.5027837700502849	3.2105410644264296	-0.00011172684858022496	-1	
6.2447024827026789	2.6602934467129109	-0.00012729528170515343	-1	
6.4223075435078627	2.8031561000398519	-0.00012337068355331668	-1	
6.3780684038000368	2.6829217162551435	-0.00012666636381792224	-1	
6.432283746660775	2.9890201956147702	-0.00011789591305150092	-1	
6.4739467496502723	3.1238046532660571	-0.00011411107912338791	-1	
6.1460143061740746	2.2817557292336481	-0.00013831230265547374	-1	
6.1124238013864876	2.0956257894892678	-0.00014312797914327579	-1	
6.0043179881895945	1.9486653931549167	-0.00014785873630783237	-1	
6.1878220595419151	2.4096081699845775	-0.00013469934225633743	-1	
6.324941834334294	2.5513891128121857	-0.00013028217592729352	-1	
6.3340732985601083	2.4098268490807326	-0.00013399023570217922	-1	
5.7597393510279637	1.6909600785795467	-0.00015754834055834992	-1	
5.9335238198731082	1.8297278193998499	-0.0001513563924186453	-1	
-3.1895241171718691	2.5120682730733934	0.0006481746632488307	-1	
-3.2246289173746656	2.3428343836001471	0.0006518467086387747	-1	
-3.252890951374809	2.4369547827603766	0.00064995408771643904	-1	
-3.2707130698904483	2.9439612802400212	0.00063816975688872016	-1	
-3.3436420927177535	2.6848357395723221	0.00064491393058665092	-1	
-3.3649246688390417	2.5976559294403101	0.00064695854345661976	-1	
-3.2853847556930633	2.5337045871359947	0.00064800421876492153	-1	
-3.1495460378356035	2.2213691293388051	0.00065421770262241339	-1	
-3.0776413723605529	2.070147705813862	0.00065719237619929515	-1	
-2.5289501743524703	1.5173477989267068	0.00067104499741989698	-1	
-2.8139531472393231	1.9452045162020644	0.00066099148816506879	-1	
-2.8113095088820881	1.8138423315517709	0.00066317578974236493	-1	
-2.928696823058841	1.8728612340341961	0.00066127591963137063	-1	
-2.6112461691820701	1.6216658226095895	0.00066846543654544642	-1	
-2.8402666905844263	1.6856842494511111	0.00066462484016567927	-1	
-2.7345212887472599	1.5678666951017024	0.00066723363678394397	-1	
-1.2853554745760083	0.59118874087487816	0.00071047081002927287	-1	
-1.6485320074498238	0.72725855880700019	0.00069607508107712222	-1	
-1.4746678474817223	0.60993370571513017	0.00070070139975120108	-1	
-1.6068894767145769	0.59739943841775256	0.00069402579118299469	-1	
-1.7772611770199405	0.77405679761287438	0.00069156721190008388	-1	
-2.1139250023732581	1.1283884748757664	0.00068313966888358863	-1	
-2.0812499942927234	0.98610159216248783	0.0006834480148528888	-1	
-1.9893608073906799	0.88218089168990699	0.00068544861136452255	-1	
-1.91323908840128	0.7575861610158221	0.00068604515208123696	-1	
-1.1739010549519178	0.3540445655958312	0.00070344627376269539	-1	
-1.3081836686640174	0.37374628139787813	0.00069781727896369827	-1	
-0.99235935912391371	0.26972091529755937	0.00070685562140131316	-1	
-0.83212145503907542	0.219485751080395	0.00071116138411559478	-1	
-0.51231706243356234	0.30661599399960482	0.00074316903799967113	-1	
-0.6561713291518706	0.14547044531040856	0.00071225045259756792	-1	
0.5	0.64796995509759103	0.018186189403235749	-1	
0.54629352264209496	0.67232687990152984	0.018201332716266533	-1	
0.62109318674293534	0.70322562931724153	0.018259679230760766	-1	
0.88989708974652393	0.95061183061001187	0.01808062284316805	-1	
0.89320358213609019	0.99806268905059081	0.017727651846496242	-1	
0.90765745989120272	1.0423582987520417	0.017327891349614384	-1	
0.72156514296960728	0.6313495508991217	0.018526053854798899	-1	
0.80100384683718906	0.6541118279381064	0.018738663168093739	-1	
0.90053307928698689	0.80615264742352344	0.018814200974233784	-1	
0.90328030953408212	0.71772756988224717	0.019036132806823553	-1	
0.93206002615629246	0.87279219484693671	0.018712765053648869	-1	
0.92199925814151762	0.9155124339911298	0.018437390401392906	-1	
0.93971656142540994	1.1581067278684005	0.015957397869777248	-1	
0.92231872904826784	1.1273685943661442	0.016397347936027009	-1	
0.93814146370528373	1.0720147447775525	0.016948407436898637	-1	
0.45967811550413612	0.60470588124908786	0.016328277741186014	-1	
0.0013067033934030213	0.26088265249877751	0.00077691149315555483	-1	
-0.1111509739657823	0.2088605544074405	0.00075541659466753989	-1	
-0.19233468580686758	0.12019068897220714	0.00073111075271238091	-1	
-0.33326222690502871	0.14587819924907239	0.00072967609723619811	-1	
0.34241134073985757	0.4610414043248533	0.010402046412475613	-1	
0.26332993257666054	0.3854808822501139	0.0065589125765863031	-1	
0.125	0.27113110548971353	0.0007883979054793338	-1	
0.20728597399069737	0.31243339523240737	0.0037615633648469832	-1	
0.070357286323993629	0.22480691000283889	0.00076796595659489402	-1	
0.4268066898410029	0.59889882865830923	0.014803287780873097	-1	
0.39973550172210648	0.49460091461262112	0.013231522558687212	-1	
0.42414890650030485	0.54494791445143043	0.01461729916350217	-1	
0.95320450507390808	1.4013748248111471	0.015766380030680892	-1	
-2.397637390643836	1.207552613986645	0.00067552702346443177	-1	
-2.2455318157226465	1.1898357201582677	0.00067933919217359219	-1	
-2.581762685852496	1.2629193507952845	0.00067168509144824133	-1	
-2.6438203157166695	1.4381115425493518	0.00066972713223047674	-1	
3.0018935694339866	2.0615857968630209	-0.017447114871302086	-1	
0.95065836642307855	1.4386833136114647	0.016210045989555243	-1	
0.95810602865512529	1.4556804538854884	0.016390578883974861	-1	
0.9633277993485948	1.4251239655606422	0.015901592453362652	-1	
0.98436691178385471	1.5070370742157553	0.017145701034453741	-1	
0.97418940662981823	1.4676240429925562	0.016496282389660454	-1	
0.98239025297188187	1.4819674682189592	0.016721051376965192	-1	
0.99566673891008428	1.5491784824024086	0.017885694366449646	-1	
0.99632331717728317	1.554925038064225	0.018014787289457854	-1	
0.99465524053725085	1.5608348276494219	0.018145651672028331	-1	
1	1.5453474452945311	0.017810550930985505	-1	
1	1.5300232968630207	0.017531405721835612	-1	
0.99706801683616275	1.5634142031369791	0.018243343271020958	-1	
2.5234822374881332	1.3976363362960396	-0.014894369949909069	-1	
2.5625873728751447	1.3691482822843508	-0.015213402831046391	-1	
2.5914652903464148	1.3052777823973776	-0.015294283093446139	-1	
2.5095025466768153	1.4077736670310326	-0.014764976097178483	-1	
2.5000533214114746	1.411823558081539	-0.01461593610104607	-1	
2.4927358030119109	1.4170524737064114	-0.01450075714094244	-1	
2.485752648697614	1.4252287040815614	-0.014385401698706231	-1	
2.4806363219980878	1.4291699717623658	-0.014264483468083297	-1	
2.4920217911940332	1.4236768528684516	-0.014542296857137484	-1	
2.4806363219980874	1.4427879955819778	-0.014534033805010019	-1	
2.484855732827326	1.4501829628210896	-0.014918364815351257	-1	
2.4864814125740722	1.43625	-0.014456458949179339	-1	
2.508309978694828	1.5403142628179063	-0.017180856557211754	-1	
2.5131495774932011	1.5279056292102977	-0.016959203601011098	-1	
2.5123814133198623	1.5070370742157553	-0.016616163407650656	-1	
2.5176097470281182	1.4819674682189592	-0.016196462132523928	-1	
2.5221567223690187	1.4959957466685736	-0.016438683891357764	-1	
2.5106461014567558	1.4610646289212239	-0.015789118971413101	-1	
2.5	1.4534025547054688	-0.015584743661571998	-1	
2.4933477939995088	1.4495715175975912	-0.015207877064435577	-1	
2.3481646236990792	0.91438913293625967	-0.014797035267711147	-1	
2.4046501445102866	1	-0.016069153353462925	-1	
2.3866633003239959	0.97620070519282798	-0.015662679836285293	-1	
2.3944223983549846	0.94739568141491548	-0.015871316766915042	-1	
2.430637988922193	1.0214679735110161	-0.016041136496282304	-1	
2.4392306437387834	1.0413133541527673	-0.015645911920730199	-1	
2.4344748995868559	1.0781608084890939	-0.014539772803193582	-1	
2.445888951470506	1.1031226367780849	-0.014102872136969931	-1	
2.4806363219980874	1.1333300282376342	-0.014261659401642424	-1	
2.474791231422103	1.12625	-0.014115364104489499	-1	
2.4672296226986887	1.1136079720438992	-0.014349336752212224	-1	
2.5118319961171256	1.1553172721497806	-0.014791451288420257	-1	
2.5011725927097372	1.1426574612340172	-0.014721557949782435	-1	
2.496506421375464	1.1351283871989817	-0.014700162011809844	-1	
2.4897471276625001	1.1321964040351447	-0.01452919207994712	-1	
2.5271493057822116	1.1657321151698066	-0.014946130274470995	-1	
2.5467954949260876	1.1611251751888487	-0.015253639160072193	-1	
2.5805674443901592	1.1673497614923523	-0.015570880315769982	-1	
1	0.8740857968630209	0.01914041638552301	-1	
1	0.81204289843151045	0.01934345717007481	-1	
1	0.75	0.019482112534770956	-1	
1.9253416293367664	0.28542929236289238	-0.0020435667182122559	-1	
1.2500100918351666	0.34370905567449023	0.0085215353466857463	-1	
1.4379571015684895	0.125	0.00041027492304913823	-1	
1.1828279805049531	0.24859751882011832	0.0057693911348632226	-1	
1.2819356523527343	0.125	0.00049867751899701702	-1	
1.9060214492157554	0.125	0.00018555955559129453	-1	
1.6719892753921224	-0.040712894620893836	0.00029394801101215434	-1	
1.9060214492157554	-0.055157674054628396	0.00019049483458832058	-1	
1.5159678261763672	-0.010849960934018549	0.00036524930672205753	-1	
1.1654909424015298	0.45571805801205278	0.013856666173490011	-1	
1.1469074350585637	0.35936463912402272	0.010802674598346355	-1	
1.0953498554897134	0.5	0.017079254330462017	-1	
1.054103602582299	0.52311804623541136	0.018175960905032887	-1	
1.0719694931857746	0.5	0.017695997124758049	-1	
1	0.56387130470546865	0.019648249715343194	-1	
1.0307279353309371	0.52741125487597851	0.018799600722171295	-1	
1.0167693996403673	0.54084967105465165	0.019182497708150677	-1	
1.1187302177936522	0.47363359210494527	0.015580027660378267	-1	
0.94323066809170908	0.62689288458285741	0.019338053255188521	-1	
0.9671645512896615	0.57540614747753127	0.019473601155542895	-1	
2.0690634555227327	0.30733147383663462	-0.0042992817169130388	-1	
2.2409876083827149	0.53794483717539998	-0.012300186333770599	-1	
2.2176072460787761	0.5	-0.011696130842702377	-1	
2.1708465214708985	0.44728815848828984	-0.0094026151396527785	-1	
2.169982628700196	0.3883547627752858	-0.007957977827503248	-1	
2.2702778486350899	0.62424433075362928	-0.013045514123382894	-1	
2.266441394271173	0.57453112960406238	-0.012956797127298332	-1	
2.3835001111656209	0.87796386448201746	-0.015711273336058422	-1	
2.4038347580754347	0.78978099107587507	-0.016370448139977047	-1	
2.3767977099020783	0.7363900410431653	-0.015740106461410875	-1	
2.3221729157801398	0.62272855990136333	-0.014395021218191775	-1	
2.3632026605811167	0.65453980943407675	-0.015453240209581059	-1	
1.0479651358091255	0.97773084465368465	0.017633140743178767	-1	
1.0394236815107449	0.96617639195886729	0.017839959726285513	-1	
1.0332390557355426	0.94968109980086612	0.018031051302968771	-1	
1.017352495655905	0.94110719757860861	0.018424069952012928	-1	
1.0138405148107132	0.92061797068665374	0.018598696979669833	-1	
1.0485891308818358	1	0.017598356298448109	-1	
1	0.90510724607877613	0.019010652516599662	-1	
1.0193636780019124	1.4291699717623669	0.01477811324164272	-1	
1.0193636780019124	1.4427879955819778	0.015049173151939377	-1	
1.0135185874259278	1.43625	0.014968801565922851	-1	
0.98816800388287507	1.407182727850218	0.015306965626246144	-1	
0.99882740729026298	1.4198425387659817	0.015237703601162238	-1	
1.003493578624536	1.4273716128010179	0.015216591129033655	-1	
1.0102528723375006	1.4303035959648551	0.015045707823552121	-1	
0.9728506942177918	1.3967678848301923	0.015460707040762583	-1	
0.99049745332312256	1.1547263329690078	0.015282852918083385	-1	
0.99994667858850983	1.1506764419184798	0.015133752597513437	-1	
1.007264196988088	1.1454475262935937	0.015018535016977041	-1	
0.98291654641780912	1.138937241108531	0.015615045958445008	-1	
0.96062445299317523	1.1296395978266098	0.016041222116776197	-1	
1.0142473513023866	1.1372712959184381	0.014903149943661374	-1	
1.0193636780019124	1.1333300282376331	0.014782199930912109	-1	
1.0079782088059686	1.1388231471315513	0.015060089524211872	-1	
1.0368989497298664	1.12625	0.014341538639987956	-1	
1.025208768577897	1.12625	0.014634892035341148	-1	
1.0327703773013113	1.1136079720438996	0.014863514680792757	-1	
1.0299673283287114	1.1033924315726578	0.015229846924001193	-1	
1.0165772581840997	1.0376783742244462	0.017108480735482174	-1	
1.0160577936316495	1.0554629257842447	0.016722990708994918	-1	
1.0236226520775749	1.0217967717898595	0.017418099944044554	-1	
1.0255057222659967	1.0922902474039091	0.015639920035272602	-1	
1.0159643390713264	1.0850703839212572	0.01608640535154178	-1	
1.0329437353175712	1.0115189567428491	0.017561431698492003	-1	
1.0083664265103711	1.5401332264178833	0.017612593727375007	-1	
1.0151442671726734	1.4501829628210881	0.015434839028951541	-1	
1	1.4534025547054688	0.016100400909285717	-1	
1.0066522060004917	1.4495715175975912	0.015722314435634949	-1	
0.98935389854324429	1.4610646289212241	0.016308641528383929	-1	
1.0035872547444955	1.5589127452555045	0.018202459042369928	-1	
1.0033420285207026	1.554925038064225	0.018065649341013252	-1	
1.0044461567210021	1.5491784824024086	0.017889354771680171	-1	
1	1.5625	0.018286271207566217	-1	
1	1.5606715937260416	0.018193201374353173	-1	
2.5028175927814225	1.5682060874259278	-0.017812363559913575	-1	
2.5082147655778608	1.5659376195783095	-0.017691294914339836	-1	
2.5149624625236653	1.5587839589369903	-0.017495750946874954	-1	
2.5	1.5643284062739584	-0.017810532024670339	-1	
2.4981715937260418	1.5625	-0.017794798172452851	-1	
2.4966579714792978	1.554925038064225	-0.017540727423258979	-1	
2.4964127452555043	1.5589127452555045	-0.017678443103685788	-1	
2.5	1.5530095195102862	-0.017446695500508397	-1	
2.5043332610899154	1.5491784824024086	-0.017358344535181695	-1	
2.5158869222584963	1.5487881873819758	-0.017312011575174993	-1	
2.5256870081770746	1.5324010420260632	-0.017016926564729744	-1	
2.5373232102010097	1.4989086778336291	-0.016502233099763754	-1	
2.5266270160155653	1.5100486487078078	-0.016665945329808633	-1	
2.5368837508808935	1.4834712429224708	-0.016265902573739933	-1	
2.5448731314454593	1.4550339664187897	-0.01588882925523746	-1	
2.5602834385745616	1.4043932721318417	-0.015438818724230566	-1	
2.5393755470068187	1.4328604021733937	-0.015522984835210696	-1	
5.558267698540547	1.4005752981198738	-0.00016713559683845228	-1	
5.2677872187527983	1.1174119298989669	-0.00017930651095802118	-1	
5.3657852763086336	1.2538430599676884	-0.00017529630513633777	-1	
5.7033181824963695	1.5172302899120698	-0.00016156220033976382	-1	
3.5168549556720454	0.42210273793367964	-0.00030719654982657943	-1	
3.375	0.55973650392122398	-0.00038632963959196666	-1	
3.2935531817347652	0.65983559201574382	-0.0041523738898199053	-1	
3.2031998931190726	0.68042264323773571	-0.0083019921273835683	-1	
3.0553909833844544	0.74539765431334626	-0.01504129018948383	-1	
3.1181617159148698	0.70222666069681472	-0.012194859991567969	-1	
3	0.79411150392122387	-0.017510529401871231	-1	
2.8863167659235214	0.98167173712662514	-0.017148641780290592	-1	
2.8288161440883797	1.0469350820207226	-0.016955665270002591	-1	
2.7523381568011818	0.9535283855310448	-0.017305157765081746	-1	
2.6661400230331331	1.0790610626292216	-0.016633166161771788	-1	
2.6094466387457422	1.1159320921126628	-0.016166807524460265	-1	
2.9354737339968087	0.84126614670506072	-0.017461614815180704	-1	
2.8851087909495141	0.89469952032921285	-0.017373886648156291	-1	
4.5652810373124737	0.51122467023673435	-0.00020238398675131484	-1	
4.0291222756891614	0.45668589127813003	-0.00024362869288774384	-1	
3.5943984427166646	0.30313084740452434	-0.00026229832808606662	-1	
3.8072617782253086	0.31763447149449803	-0.00024474515689916742	-1	
3.9356256508138192	0.36430465400272449	-0.00024054957595354926	-1	
4.2170004642394145	0.34889267596150608	-0.00021434643184570738	-1	
4.0681302589954749	0.33116980026988707	-0.00022405644260517762	-1	
4.4661109936777406	0.41163210585227428	-0.00020225103068529832	-1	
4.360278932303669	0.30475970731771396	-0.00019986598523919112	-1	
5.1234043101378637	0.73464493453617286	-0.00017991772953473121	-1	
4.9553439471716683	0.68667433148360724	-0.00018700477880175282	-1	
5.2109170938424265	0.83868308268331471	-0.00017828956299504093	-1	
5.3170191616471065	0.96220080674868957	-0.00017566782126810521	-1	
4.7037251054030227	0.53544483633292184	-0.00019509264242446183	-1	
4.9967050441152416	0.51686642820116113	-0.00017849842191195849	-1	
4.8198222238114905	0.38365453678220074	-0.00018017903378473343	-1	
6.6525739255513203	3.2828511796819764	-0.00011112623293587611	-1	
6.5961067956064436	3.2135202691721383	-0.00011254578652380355	-1	
6.5639957894353591	3.1081218856431012	-0.0001153115371093189	-1	
6.5490924841145377	2.7847444906170193	-0.00012427283551804405	-1	
6.5085817663263237	2.8978670656312109	-0.00012098031791385367	-1	
6.4542824770923799	2.4931288666523383	-0.00013165001984216421	-1	
6.5766557276375641	2.6694982950362678	-0.00012735441953033556	-1	
6.5491078274220573	3.010984144826276	-0.00011800898329391774	-1	
6.2612427819774092	2.2123544813221261	-0.00013911206561566952	-1	
6.1426604550080546	1.9442696460115685	-0.00014593554255162291	-1	
6.2881792585145222	1.9957207414004761	-0.00014339044994214994	-1	
6.1638431690044877	1.7913833156271362	-0.00014828466308515695	-1	
6.4545310502184341	2.3268846836862553	-0.0001355358995649706	-1	
6.0103603373176515	1.6757692406849176	-0.00015240245923046222	-1	
5.8849468025593588	1.557962026676784	-0.00015646165680386563	-1	
-3.3211862566562202	2.3611120293668444	0.00065165493642221645	-1	
-3.285335727206828	2.2655551797746165	0.00065338503691022762	-1	
-3.3846825060413526	2.5101179650471446	0.0006488826741648312	-1	
-3.4029095858960772	2.4222485113047796	0.00065071327811475348	-1	
-3.2275431218003598	2.1017543238770884	0.00065627987936565393	-1	
-3.2189420907051653	2.0109563231149772	0.00065776588099269637	-1	
-3.1678508693262089	1.9354054013714059	0.00065902285875124686	-1	
-3.0924359368909	1.8011702341778342	0.00066122451181891242	-1	
-3.0449505677352424	1.654706478040491	0.00066324649685817129	-1	
-2.941635614965088	1.5051864570630413	0.00066550544389318506	-1	
-2.8031850678947645	1.4252190468359061	0.00066758933185174217	-1	
-1.3897517025692294	0.50219292055767206	0.00070048289450199623	-1	
-1.7420386039723283	0.61562592781569248	0.00068903330839515113	-1	
-1.5261444011760461	0.48750073828630403	0.0006934286931731074	-1	
-1.6779988235375538	0.4775783805906374	0.00068693470130334639	-1	
-1.8874866360192213	0.62271097326014546	0.00068396774360358176	-1	
-2.2171836952826731	1.0393485834436886	0.00067976338266087532	-1	
-2.2627816427376346	0.87889621331579459	0.00067736031565251444	-1	
-2.1233643577417043	0.84631749601198691	0.00068077236184769727	-1	
-2.0201480156462068	0.6581434926637113	0.00068071742634322034	-1	
-1.1527520799742543	0.21998227108953933	0.0006951215657723421	-1	
-1.2829859774172314	0.2437766116911208	0.00069123396554368513	-1	
-1.4452359528088075	0.37683594007630683	0.00069192105372853623	-1	
-0.87823381672157796	0.087474421044478667	0.00069579800437750657	-1	
-1.0064411969231368	0.031651407692972311	0.00068564681997493229	-1	
-0.50991128008176911	0.11719509414469209	0.00071620881543842021	-1	
-0.6203324646841325	0.017201797226629303	0.00069779416764448072	-1	
-0.73075336690217585	-0.057259566183736871	0.00068521201179554147	-1	
0.5	0.59925610548971342	0.018197345339031685	-1	
0.52723280699708386	0.62361303029365223	0.018209927981176283	-1	
0.58823865544917076	0.62926413772519385	0.018269502141617811	-1	
0.65871718142076374	0.5776621289643874	0.018411926343289725	-1	
0.93214172989207256	0.97247292019043374	0.018076512638963049	-1	
0.93761175958312426	1.012166922344738	0.017688366184553932	-1	
0.95016112897645399	1.0408692071858854	0.017344417072346744	-1	
0.70434580040410055	0.55050587590562061	0.018512833594501756	-1	
0.78102144921575523	0.57392870805954499	0.018720897551750323	-1	
0.86985609470269865	0.60841722331100334	0.019026518892022781	-1	
0.95127644069068873	0.79204387365341877	0.019111799109389788	-1	
0.96434768612813226	0.84306434764726579	0.019017647605706869	-1	
0.97260447697634123	0.88959652147089863	0.018880237777835179	-1	
0.95632178426043768	0.94542640032384062	0.018431425132219674	-1	
0.96724099413815201	0.92061797068665374	0.018675882587342089	-1	
0.95512686855453832	1.1074660335812103	0.016407023532698739	-1	
0.96267678979898286	1.0635913221663664	0.017020027723035524	-1	
0.96311624911910754	1.0790287570775303	0.016783820993375255	-1	
0.47812672650668853	0.58707764308774402	0.017177072836652287	-1	
0.45417602796572193	0.57978935939478027	0.016056618685257484	-1	
0.010128490709927968	0.18347710832893366	0.00075283616526436708	-1	
-0.075950937883932396	0.090058259199461532	0.00072644776012364878	-1	
-0.26153265342898474	0.021881068987349143	0.00070987497111973117	-1	
-0.07009002552583761	-0.0274993181253541	0.00070063332937139223	-1	
-0.49623590592245259	-0.031143982228109216	0.0006949628488315294	-1	
0.37134193030975976	0.40270499206706278	0.01053579207783978	-1	
0.40865044868844441	0.45607343278215567	0.013105188763947841	-1	
0.38330815250542372	0.30646296360018388	0.0079429162184630163	-1	
0.30724688840265191	0.23941831326434526	0.0045210367821613478	-1	
0.125	0.19897975588183592	0.00075937950894570646	-1	
0.17946469110836663	0.22466758826654798	0.0017959533328347529	-1	
0.24904526671805496	0.19038798230158996	0.0023565376008651711	-1	
0.10063764525278607	0.17250042941953492	0.00074900275180552357	-1	
0.43833539603749372	0.5063877852145644	0.015109578083340973	-1	
0.43819403656608619	0.48236068351184447	0.014837830564926548	-1	
0.45450193367781044	0.5241631799909745	0.015960496373105627	-1	
0.46093598312127287	0.54509771135756679	0.016333097522466433	-1	
0.9750316659903262	1.4151616960892881	0.015614972990954691	-1	
-2.3632313976597383	1.0635645218138969	0.00067616413983388464	-1	
-2.608150610705712	1.0789434531948279	0.00067131354161352593	-1	
-2.7674605155392245	1.2551882754760655	0.0006688720020723302	-1	
0.96921274386736944	1.43900816414984	0.016038184851861863	-1	
0.97769325849086164	1.4514775031128353	0.016179716648981948	-1	
0.98779263168272724	1.4237282042451629	0.015527545486915165	-1	
1	1.5530095195102862	0.017974520926399475	-1	
0.99790772955649809	1.5587560751721026	0.018120067750881205	-1	
1	1.5568405566181638	0.018070326064439632	-1	
0.99810643056601323	1.5615857968630209	0.018209378128757184	-1	
2.5170834535821895	1.4235627588914723	-0.015097054157001431	-1	
2.5071098877811959	1.4177718998271489	-0.01483458343016146	-1	
2.4983419199490178	1.4206529827045986	-0.014673749760529471	-1	
2.4897471276625001	1.4303035959648553	-0.014534346567880087	-1	
2.4966724520444501	1.4289170028569369	-0.014734124680740902	-1	
2.4894039578620646	1.4429855593137955	-0.014824689493949517	-1	
2.492326503150057	1.43625	-0.014662461113495829	-1	
2.5258105933701822	1.467624042992556	-0.015972629676734674	-1	
2.5223067415091385	1.4514775031128351	-0.015660531116323418	-1	
2.5075448726483076	1.4483198559772705	-0.015480836563804844	-1	
2.5	1.4457404804897136	-0.015362204144885351	-1	
2.4961538136991837	1.4400961863008162	-0.014982809440715407	-1	
2.4280305068142254	1	-0.016586843267764988	-1	
2.4163403256622562	0.97316637426610808	-0.016348202038884412	-1	
2.4282392770368224	0.94642466972847328	-0.016659772580797302	-1	
2.4223939719023981	0.91056239901119407	-0.016600595343618678	-1	
2.4522497810204924	1.0222446921942885	-0.016449685142788509	-1	
2.4514108691181642	1	-0.017083387010639956	-1	
2.4607803070892542	1.0330233714068204	-0.016303276661718193	-1	
2.4618440856836288	1.0760868980927794	-0.015193150411776308	-1	
2.4676873902791137	1.0528699900107084	-0.015899100234001217	-1	
2.4692783225363648	1.0988443397746639	-0.014817232612827157	-1	
2.4864814125740722	1.12625	-0.014452167462833228	-1	
2.4806363219980878	1.1197120044180222	-0.014532063387020712	-1	
2.4759836116558342	1.1121560303746749	-0.014636946423857225	-1	
2.5249683340096718	1.147338303910709	-0.015099724872294693	-1	
2.5122073683172714	1.1387717957548358	-0.015011461341366144	-1	
2.5016124919938272	1.1338106200256708	-0.014863504040096976	-1	
2.4952490484380494	1.1287697779051775	-0.014743881866432024	-1	
2.4990857968630209	1.129181983163837	-0.014873891732056799	-1	
2.492326503150057	1.12625	-0.014656954179393288	-1	
2.556318110889265	1.143033925705442	-0.015537541899278024	-1	
2.536672200651402	1.137376034439356	-0.01538634733417883	-1	
2.5722184511857491	1.1263866269239671	-0.015840913503499789	-1	
2.0620428984315105	0.125	0.00010804420033507229	-1	
1.3599463769606119	-0.027865529242764229	0.00043879243795930545	-1	
1.1259142031369791	0.125	0.00060631215625912046	-1	
1.0667403204040642	0.23947087113949439	0.0061872669696632051	-1	
1.1780663635351476	0.0010156946560165997	0.00053619798185590135	-1	
1.5883980351081131	-0.20368203631729775	0.00032454904640606371	-1	
1.7838862783933178	-0.13087392255541172	0.00024516478500973498	-1	
1.9123565443519728	-0.19525824520752005	0.00019331945950594771	-1	
2.0463905389057908	-0.15398850118482904	0.00013493258895037825	-1	
2.1400536230393881	-0.010119670640365896	7.7746185744403484e-005	-1	
1.4467620891751136	-0.15138981651148031	0.00038627441617143248	-1	
1.0837493426984437	0.43446712540782567	0.014945034818284866	-1	
1.0487798487203426	0.35881248333693955	0.012013931989051622	-1	
1.0836834536702298	0.47731504986363721	0.01656349928045606	-1	
1.0485891308818358	0.5	0.018313623445675414	-1	
1.0327703773013113	0.51264202795610037	0.018736563857964263	-1	
1.0600904604175714	0.48701466653044079	0.017528764676920074	-1	
1	0.53284985548971342	0.01963291430765346	-1	
0.98278290305997484	0.5443049195634404	0.019546418014460637	-1	
1.0192925384127836	0.52344399167235056	0.019102007888792235	-1	
1.0240143175988194	0.51409851774343529	0.018968357258810419	-1	
1.0089528611261414	0.52509449318577461	0.019381451279139303	-1	
0.92705324797621513	0.57246857070483959	0.019280267816323398	-1	
0.95731584777885403	0.54202617849998902	0.019416588220390989	-1	
2.1737751563059797	0.30737821388803283	-0.0057990446142084668	-1	
2.1552453368299438	0.24785689271240607	-0.0038237634447265919	-1	
2.2643679706866537	0.5	-0.012906170188492825	-1	
2.297081039663067	0.53519497726448151	-0.013756465277024793	-1	
2.2409876083827149	0.45402102773092617	-0.011172336609570134	-1	
2.2267721026134422	0.40412965084593527	-0.0095100601864124262	-1	
2.2167733848935427	0.35251460965285097	-0.0077950137940235985	-1	
2.3158852942873795	0.56809517576557889	-0.014243892750821385	-1	
2.4341921634494681	0.88035398826823319	-0.016961579552144078	-1	
2.4502548377163906	0.82755362303938806	-0.017492451098138097	-1	
2.463036666370054	0.78102144921575523	-0.017930604960671392	-1	
2.4399113237061019	0.70561953914565168	-0.017435341322814085	-1	
2.4112382480051013	0.67520179568833805	-0.016703763232470976	-1	
2.3700721594086178	0.60270212699169201	-0.015656281562566102	-1	
2.4110301484187002	0.63340058659395437	-0.016726918012234263	-1	
1.0327703773013113	0.98735797204389963	0.017918899427217725	-1	
1.0299915109439515	0.97701594808478909	0.017998875732007209	-1	
1.0250699033669244	0.96683280006825523	0.018135470668754764	-1	
1.0167693996403673	0.95915032894534846	0.018342712425601378	-1	
1	0.93612869529453147	0.01884979806879734	-1	
1.025208768577897	1	0.018044654782419949	-1	
1.0105960421379354	1.4429855593137948	0.015337934900413344	-1	
1.007673496849943	1.43625	0.015173665466843707	-1	
0.99838750800617249	1.4286893799743285	0.015379958710575665	-1	
1.0047509515619506	1.433730222094822	0.015260519699478992	-1	
1.0009142031369791	1.4333180168361626	0.015390525809037051	-1	
0.99289011221880208	1.1447281001728531	0.015352474352048855	-1	
1.0016580800509807	1.1418470172954029	0.01519158158505996	-1	
0.9904122321505231	1.1358377678494762	0.015532581445487763	-1	
0.98425040258968444	1.1246198263663079	0.015845636540925561	-1	
0.97769325849086186	1.1110224968871647	0.016178563019129448	-1	
1.0102528723375006	1.1321964040351444	0.015052142831531938	-1	
1.0135185874259278	1.12625	0.014974246040700055	-1	
1.0033275479555501	1.133582997143064	0.01525197009484571	-1	
1.0193636780019124	1.1197120044180222	0.015051798909581131	-1	
1.0240163883441658	1.1121560303746745	0.015153343091249558	-1	
1.0194051461207987	1.1025833223901467	0.015568692477334787	-1	
1.0083664265103711	1.0223667735821167	0.017612607120758704	-1	
1	1.0324767031369793	0.017518701929162678	-1	
1	1.0478008515684896	0.017260236617719943	-1	
1	1.0631249999999999	0.017003407523008572	-1	
1.0126596493720335	1.0134195058251672	0.017812253571109146	-1	
1.0193636780019124	1.008673237464544	0.017871025997401188	-1	
1	1.0937732968630207	0.016447836863286189	-1	
1.0088418842767315	1.1014353710787761	0.01595078346685086	-1	
1	1.4457404804897136	0.015874477558626355	-1	
0.99245512735169228	1.4483198559772705	0.015994583112061676	-1	
1.0038461863008166	1.4400961863008166	0.015494049452670168	-1	
2.5029319831638372	1.5634142031369791	-0.0177183028986539	-1	
2.5053447594627496	1.5608348276494222	-0.017620938126675378	-1	
2.5094451793563688	1.5564871498552089	-0.017490916865080482	-1	
2.5	1.5625	-0.017761311158459768	-1	
2.5	1.5606715937260416	-0.017667794169000852	-1	
2.5	1.5568405566181638	-0.017543265079206928	-1	
2.503676682822717	1.554925038064225	-0.017486243506111006	-1	
2.5157495974103132	1.4378801736336928	-0.015327637171414533	-1	
5.5356153451154935	1.2306757808212743	-0.00016868124569686149	-1	
5.7522165308502498	1.3079229664861378	-0.00016165998215704038	-1	
5.4807685014094609	1.0678395506008993	-0.0001701954247530564	-1	
5.8506616334145081	1.4159132264564189	-0.00015854715706735507	-1	
3.375	0.41543380470546881	-0.00033313028017486839	-1	
3.4682029831052752	0.28868501540596397	-0.00026956131640835652	-1	
3.2710980834355365	0.46068952339218	-0.0049451139666494117	-1	
3.2297996071415263	0.59258215219091448	-0.0070687374674762507	-1	
3.1596210144590007	0.61407608442847228	-0.010304231021638913	-1	
3.1296356465712245	0.65060174182701824	-0.011689149939240822	-1	
3	0.69668380470546865	-0.017641823641893845	-1	
3.0452983072887276	0.67232687990152984	-0.015570928173128626	-1	
3.0795683915250205	0.63357079043966835	-0.01400199911380637	-1	
2.8898214009362579	0.77566840416376304	-0.017624576298765668	-1	
2.9283346140709097	0.72843346298362377	-0.017655388830086764	-1	
2.818978953971583	0.92661499567092986	-0.01734638187855541	-1	
2.773526900109327	0.88485259970888896	-0.017526053175795409	-1	
2.6970076956910125	0.9076604612853898	-0.017572421863709321	-1	
2.6563978706619209	0.97962578352834351	-0.017252713959905189	-1	
2.6018806970428421	1.0784297739027513	-0.016472573684181945	-1	
2.6136271460593465	1.0420197714244241	-0.016829502319438572	-1	
2.572873959818597	1.1033752452467196	-0.016095945477448491	-1	
2.8568508264749668	0.82692607162862886	-0.017566791394192073	-1	
4.5924786711183501	0.33006406749483103	-0.00018841996548300046	-1	
3.5133873004955714	0.20529848606792858	-0.00024007041331621824	-1	
3.6403639703919026	0.18471992580437252	-0.00022931937118175161	-1	
3.8149086859356252	0.10047299573654669	-0.00020403617540272852	-1	
3.9740374277738399	0.23323244065434093	-0.00021748773234600164	-1	
4.2521392902211002	0.20314734587926203	-0.00019585430900236504	-1	
4.1040373872129612	0.19392343606767226	-0.00020362684730119678	-1	
4.4959853897443507	0.17227601678542687	-0.00018064248204274143	-1	
4.3444930391798486	0.066171869753194917	-0.00017702494750399211	-1	
5.1069362513190351	0.59969595669510933	-0.00017655694932869508	-1	
5.2333696819437892	0.65470720511387315	-0.00017303255131315162	-1	
5.4062093996952889	0.72162263089505974	-0.00016815095182275369	-1	
5.43813232754162	0.85336203609352701	-0.00016942376869524912	-1	
4.9781467926083005	0.27663973941402448	-0.00016791989322019384	-1	
5.1299494279980156	0.46374727692484657	-0.00017075932705613793	-1	
4.8215233835315594	0.21554617201843884	-0.00017012722352925457	-1	
4.6766160215961854	0.21203274117014215	-0.00017585766206640796	-1	
6.6843224107964909	3.1989148882124976	-0.00011384406388927086	-1	
6.7146011703200186	3.1144372931784972	-0.00011648943194591609	-1	
6.6421817206756266	3.0425220981290733	-0.00011783278562410798	-1	
6.6336363415664366	2.8243727498145379	-0.00012362830540627652	-1	
6.619979029190139	2.9429057718738174	-0.00012038066189276676	-1	
6.6055671852913918	2.3963488907347954	-0.00013381109758603301	-1	
6.6337624414446656	2.4994825324889094	-0.00013154738594423269	-1	
6.6697619659690943	2.5961999569030008	-0.0001293808507965615	-1	
6.693059386741858	2.691670487902063	-0.00012721596199593272	-1	
6.4567568649134808	2.134419485668309	-0.00013956255164508115	-1	
6.3331203662180169	1.839403760051711	-0.00014558509303618601	-1	
6.5064351310795505	2.0002068456740925	-0.00014172091259735578	-1	
6.2738885426004547	1.5790080287492922	-0.00014954740535972748	-1	
6.130111005241746	1.5522100568714072	-0.0001518130747537419	-1	
6.3769560167937733	1.6827731833490527	-0.00014722338914244365	-1	
6.5285566257221861	2.2205749281189968	-0.0001375830789750122	-1	
6.6166330672888272	2.2900047945816313	-0.00013601066550698944	-1	
6.0833953248458412	1.4138899772159532	-0.00015377081244575641	-1	
-3.4196003562581199	2.3340743341000354	0.00065241973243319873	-1	
-3.4347497329571426	2.2456222921414506	0.00065402530671278237	-1	
-3.3509425549115734	2.1873751559557828	0.00065484690423449538	-1	
-3.3027548713974104	2.0469239817951101	0.00065712514458190823	-1	
-3.3321884887621604	1.9198823671279064	0.00065891385070684797	-1	
-3.2942430164550176	1.8292317563451088	0.00066014564105371305	-1	
-3.2290984929099178	1.7302488838800778	0.00066151062726814652	-1	
-3.078154907479846	1.5213088719434176	0.00066428823427000202	-1	
-3.2393995234250337	1.6122009836036502	0.00066267884181425208	-1	
-3.0645655306068909	1.371326634938195	0.00066538859776408405	-1	
-2.9269806798639304	1.3240361078605705	0.00066682298972612394	-1	
-1.8287164687142254	0.49861193011007904	0.00068243028205072385	-1	
-1.5936240939526325	0.35325647299891422	0.00068499622124639067	-1	
-1.776859447150309	0.31969104911345791	0.00067783516641832671	-1	
-2.0770770719743794	0.51894336783167905	0.00067594831713488986	-1	
-2.3994875684586687	0.83635162435840937	0.00067392653603518178	-1	
-2.2805839489621533	0.73683414916816137	0.00067519996060674749	-1	
-2.1632779043098394	0.63543843680495027	0.00067638325869653025	-1	
-1.1966311136841603	0.034804258026070789	0.0006797550954589967	-1	
-1.3816643043608217	0.15551775106247992	0.00068206810764674664	-1	
-1.4997789195622946	0.24137968101904933	0.00068283888734671841	-1	
-0.88663357639563134	-0.052106326894510696	0.00068152502380152118	-1	
-1.024259316184986	-0.10138492049378917	0.00067335144718707793	-1	
-0.68828486347870932	-0.19228778489400711	0.00067014952721702284	-1	
-0.52295286642262884	-0.16906034985795465	0.00067531828946213585	-1	
-0.92604673792953829	-0.19287502631875117	0.00066661137450815377	-1	
0.52745873742776506	0.58707764308774402	0.018213286980654619	-1	
0.5	0.57489918068577461	0.018191467304568124	-1	
0.56202135099620809	0.58029026353425217	0.018248916942706146	-1	
0.59784911109132266	0.57455192201060457	0.01829962114752982	-1	
0.65389813316184953	0.53393886590582229	0.01839819981584254	-1	
0.61040347852910148	0.54050864345062533	0.01831668233837408	-1	
0.95969154987022476	0.98994552076539866	0.018036016532044761	-1	
0.96473991118726543	0.97119115268943945	0.0182714931489622	-1	
0.96854635697235314	1.0072314880539264	0.017858305227941303	-1	
0.97337298398443661	1.0524513512921887	0.017183638081591519	-1	
0.97431299182292852	1.0300989579739357	0.017534449387407728	-1	
0.75	0.5	0.018619805076158628	-1	
0.68795710156848955	0.5	0.018459688254314845	-1	
0.81204289843151045	0.5	0.018812402798641492	-1	
0.8540179058423617	0.53354797388758834	0.018973281455954016	-1	
0.89648564315994672	0.54633109671450941	0.01914430631774592	-1	
0.98214724002517184	0.95365641611729879	0.018571757320659611	-1	
0.97418940662981857	1.094875957007444	0.016490613569942022	-1	
0.97784327763097911	1.0665042533314257	0.016956477608415964	-1	
0.98239025297188154	1.080532531781041	0.016714339146708154	-1	
0.47945506966425488	0.55508758844517447	0.017214673900915783	-1	
0.021965149698400528	0.11139691804397503	0.0007313096470673078	-1	
0.062167263246636323	0.13221672908338025	0.00073582664933944449	-1	
0.01674089947048208	0.051964665819781541	0.00071587663628000357	-1	
-0.24064490630035057	-0.13224596395764823	0.00068221050289935913	-1	
-0.38005160271799404	-0.16405205163569572	0.00067697420637943101	-1	
-0.090182313529835481	-0.17164708629334088	0.00067309548645138359	-1	
0.047594891750646351	-0.025403005701979287	0.00069714486393885212	-1	
0.051745501109715139	-0.13941706090258724	0.00067423844437697507	-1	
0.4350643793921482	0.41610519695040082	0.012727075543335471	-1	
0.45586027682393682	0.33570894921575523	0.010119310442744247	-1	
0.44817878364119201	0.45723699260994799	0.014582568134104044	-1	
0.45962501714225856	0.28929105078424477	0.0081005773728204389	-1	
0.40787871272936049	0.22022103674748084	0.0047368361202735007	-1	
0.28888414368100379	0.16556567805528957	0.001978543181040059	-1	
0.33570894921575523	0.16883989435809973	0.0022593758446752552	-1	
0.14925162294843039	0.17257691902033942	0.0009342149897821299	-1	
0.125	0.16290408107789711	0.00074504597704316269	-1	
0.18770759125026296	0.15328643658128219	0.0010518835407331421	-1	
0.21966420313697915	0.125	0.00070527380334397887	-1	
0.26608210156848955	0.125	0.00070435701156510615	-1	
0.09678283021325311	0.13499551462894027	0.00073463321768594907	-1	
0.11522855083541128	0.15075831120161354	0.00073997396075741557	-1	
0.46220787951704828	0.5036626923259826	0.016223507012147132	-1	
0.47005931503654902	0.48623937669266604	0.016319859699308784	-1	
0.47633849881240359	0.52248508020180018	0.01699800095059377	-1	
0.48646087648259334	0.53524639691250464	0.017515048373050606	-1	
-2.482554360338026	0.97593819233213897	0.00067329211812385513	-1	
-2.6381804824952213	0.92940850316353696	0.00067038622064526825	-1	
-2.8448241720205387	1.0996197326852193	0.00066812788452540054	-1	
-2.7906799046259101	0.92687458715051974	0.00066839658949164964	-1	
0.98425040258968444	1.4378801736336921	0.015833293264003435	-1	
0.99215134676665429	1.4345848276494222	0.015642551945435294	-1	
2.5095877678494758	1.4266622321505251	-0.015014645290420719	-1	
2.5016651723505778	1.4284013467666545	-0.014865431261602896	-1	
2.4952490484380494	1.4337302220948225	-0.014749869142002766	-1	
2.4990857968630209	1.433318016836163	-0.014882327928082884	-1	
2.4981715937260418	1.43625	-0.014902415682370256	-1	
2.5028030489968751	1.441909443381836	-0.015258782989922778	-1	
2.5073758971330835	1.4396593216631526	-0.015255382252563336	-1	
2.5	1.4380784062739584	-0.015083695075386847	-1	
2.4550878044511144	0.97039704487837375	-0.01719854320052272	-1	
2.4475857774108465	0.93674718444736815	-0.017125854539798809	-1	
2.4513722991054574	0.90786013925739528	-0.017301889502461733	-1	
2.4672296226986887	1.0126420279560999	-0.017013501182347797	-1	
2.4700326716712886	1.02285756842734	-0.016763547391535166	-1	
2.4676373427021323	0.98882159680486759	-0.017411733293787972	-1	
2.474791231422103	1	-0.017532192274983666	-1	
2.4744942777339971	1.0339597525960968	-0.016530716684642417	-1	
2.4840356609286758	1.0850703839212523	-0.015567488601807223	-1	
2.4840356609286758	1.0411796160787468	-0.016518249420734373	-1	
2.5	1.0631249999999999	-0.016484992174131543	-1	
2.4805948538791989	1.1025833223901442	-0.015050102186122835	-1	
2.4894039578620646	1.1195144406862045	-0.014820887158992711	-1	
2.4848557328273264	1.1123170371789104	-0.014917125685643545	-1	
2.5078486532333453	1.1279151723505774	-0.015125850865087611	-1	
2.5157495974103137	1.1246198263663074	-0.015316481566866578	-1	
2.5307872561326268	1.1234918358501607	-0.015521737881031008	-1	
2.5023372945819511	1.1285872945819506	-0.014988570511530113	-1	
2.4981715937260418	1.12625	-0.014895193638397209	-1	
2.5	1.12625	-0.014986174047546437	-1	
2.4961538136991837	1.1224038136991838	-0.014977097192325218	-1	
2.549341633576911	1.1238166863885362	-0.015693624390869458	-1	
2.2180643476472657	0.125	1.8604240138276794e-005	-1	
1.3005056678393747	-0.18886349594943105	0.00044182974847370351	-1	
1.0479034785291015	0.034921139244300889	0.00061460334103758763	-1	
0.96989275392122376	0.125	0.00070588747865264431	-1	
0.98101210459662602	0.2438142884566957	0.006596152533587407	-1	
0.98413472827123394	0.327455614665697	0.010771798985544612	-1	
1.0918462307783243	-0.10222211098330419	0.00054773902000441023	-1	
1.6827415085731321	-0.31922442147144942	0.00028420268537870767	-1	
1.4337256637761944	-0.4046595229500134	0.00036804179436230645	-1	
1.8316184782002094	-0.30993024763978283	0.00022872272220036762	-1	
2.0163827663738636	-0.35425980916614602	0.00016288593060460001	-1	
2.1406079027941165	-0.26487184043118095	0.0001088010470128899	-1	
2.217599911313429	-0.14140420416706201	6.0153622695050171e-005	-1	
2.2960750722551433	-0.010672782222776095	-2.7852377384940586e-006	-1	
1.0593424537345346	0.46968434765260797	0.016893819129305564	-1	
1.0307116070213476	0.45229558269597514	0.016644475045046129	-1	
1.0211289307208875	0.41526066918916099	0.015028100749835769	-1	
0.99394665825825779	0.38954182071945148	0.013857154207514263	-1	
1.0368989497298664	0.5	0.018621729300232051	-1	
1.0427440403058512	0.48698037785960302	0.017955321411222597	-1	
1.025208768577897	0.5	0.018926644106200066	-1	
1	0.51733913088183581	0.019614402666728391	-1	
0.99043838726175448	0.52509449318577461	0.019572053271411611	-1	
0.97620525469194419	0.527679350230705	0.019500894638949287	-1	
1.0151419739654357	0.51383119309929548	0.019202537133137729	-1	
1.0193636780019124	0.50653799558197776	0.019083400522278519	-1	
1.0067231376539865	0.5134614497298664	0.019426380097472572	-1	
0.92610910137055158	0.53226092717794582	0.019267826245703591	-1	
0.94501018268822301	0.52174782103214035	0.019347796512359731	-1	
0.9643596068507333	0.51937608726277884	0.019436232788402813	-1	
2.2359983338661036	0.30358110200820676	-0.0064679605637727976	-1	
2.2533586989417835	0.24780991319307868	-0.0046900453828711726	-1	
2.3111286952945314	0.5	-0.014121333838390015	-1	
2.2922422424065618	0.45982358953285651	-0.012530319301602607	-1	
2.3345090575984702	0.52926484009787844	-0.014733325883821613	-1	
2.2773497721920433	0.41566782365423849	-0.010865923180897148	-1	
2.2662047537152015	0.37042065918431266	-0.0091949137376893912	-1	
2.3580607367737829	0.55938474644149305	-0.015349180204864902	-1	
2.4665201547808575	0.87777593088438666	-0.017771545740523469	-1	
2.5	0.84306434764726579	-0.01874046181880137	-1	
2.5	0.81204289843151045	-0.018834552157260438	-1	
2.5	0.75	-0.018979447870449629	-1	
2.479312971979422	0.65693565235273432	-0.018543799620988302	-1	
2.5	0.68795710156848955	-0.019076385812957345	-1	
2.4438382530325069	0.64903647399332765	-0.017594344335352612	-1	
2.4159273763761817	0.58244992964005193	-0.016874693482086645	-1	
2.396290823777889	0.55997702828608753	-0.016356563642144904	-1	
2.4465358451624772	0.59653193074049615	-0.017689946819817521	-1	
1.0240143175988194	0.9859014822565646	0.01808336165610238	-1	
1.0192925384127836	0.97655600832764944	0.018206215497535622	-1	
1	0.96715014451028658	0.018649681684797415	-1	
1.0089528611261414	0.97490550681422528	0.018412948213772706	-1	
1.0193636780019124	0.99346200441802224	0.018146339703731612	-1	
1.0135185874259278	1	0.018224222674529882	-1	
1.0018284062739584	1.43625	0.015411923836291827	-1	
0.99766270541804913	1.4339127054180492	0.015505243575398359	-1	
1	1.43625	0.015502922349345027	-1	
0.99833482764942183	1.1340986532333455	0.015383312043977002	-1	
0.99215134676665429	1.1279151723505778	0.015653428531340309	-1	
0.9926241028669156	1.1228406783368472	0.015773327513905592	-1	
0.99245512735169228	1.1141801440227295	0.015998790252247822	-1	
0.98935389854324429	1.1014353710787761	0.016307073483295534	-1	
1.0047509515619508	1.128769777905178	0.015267721571026644	-1	
1.007673496849943	1.12625	0.015180303098142703	-1	
1.0105960421379354	1.1195144406862052	0.015342515523700011	-1	
1.0009142031369791	1.1291819831638374	0.015400205683240232	-1	
1.0151442671726734	1.1123170371789119	0.01543618246093839	-1	
1.0044461567210021	1.0133215175975914	0.017883288943074598	-1	
1	1.0171525547054689	0.017800268039786658	-1	
0.99169002130517214	1.0221857371820939	0.017698333607806094	-1	
0.98685042250680044	1.0345943707897014	0.017476764269856365	-1	
0.98761858668013836	1.0554629257842447	0.017133874132449978	-1	
1.0092686901328332	1.005938031461155	0.018080226301110322	-1	
1	1.1090974452945312	0.01610267862816836	-1	
1.0066522060004917	1.1129284824024088	0.015725738577111723	-1	
0.99719695100312478	1.441909443381836	0.015769527288091851	-1	
1	1.4380784062739584	0.015593306095968856	-1	
0.9926241028669156	1.4396593216631528	0.015764504088139404	-1	
2.501893569433987	1.5615857968630207	-0.017684095797832387	-1	
2.5020922704435016	1.5587560751721026	-0.017593785187952283	-1	
2.5078486532333453	1.4345848276494229	-0.015135489094314511	-1	
5.6963637923197075	1.1711870271326592	-0.0001635034511569468	-1	
5.8412961196741708	1.1996627360765642	-0.00015963418034106424	-1	
5.9663439129992959	1.3266330794056713	-0.00015652510455701381	-1	
5.6399264275095806	1.0123695537849933	-0.00016456378790038272	-1	
5.5844703077410447	0.87519737933437591	-0.00016487311757108867	-1	
3.375	0.27113110548971353	-0.00026949548431538464	-1	
3.2866888054714201	0.3061478718312417	-0.0032845382262130379	-1	
3.4370578822414939	0.19910310593058528	-0.00023993245708923961	-1	
3.1577680859243329	0.46068759207971022	-0.0097942619532707526	-1	
3.1794811477168099	0.52739803431192722	-0.009270342024456096	-1	
3.195691824243998	0.34156997301430425	-0.0067506375644593589	-1	
3.1513508031010717	0.56754814078321314	-0.010643497084140538	-1	
3.114534138340268	0.59991912368065303	-0.012378625233831363	-1	
3	0.64796995509759103	-0.01767618879808636	-1	
2.9560490798777597	0.6697084495883715	-0.017691097512603369	-1	
3.0288011170579701	0.62361303029365223	-0.016349986648527798	-1	
3.0690839879017431	0.58290965716570153	-0.014473779066689979	-1	
2.827296440282784	0.7716830444333086	-0.017725854348027828	-1	
2.8638826045641324	0.72051782758462191	-0.017744116570031006	-1	
2.9070869150625507	0.66707179661053861	-0.017743126881932712	-1	
2.792160814681663	0.82600734378711893	-0.017663121979429021	-1	
2.7293955514809443	0.84169693976690851	-0.017751535989895748	-1	
2.6561436138862802	0.83583920877137607	-0.017979538591877911	-1	
2.6154564988390456	0.92098591761668869	-0.017734048854060425	-1	
2.5959037840331134	1.003744246185635	-0.017178680463498398	-1	
2.5929164247365679	0.96508821904073705	-0.01751325026166799	-1	
2.5683313069972118	1.0583222158893189	-0.016620932686418063	-1	
2.5670928493611336	1.0296892417246717	-0.016957860763750481	-1	
2.5447109014231399	1.0745535875918604	-0.016354985462075235	-1	
2.5418939713448805	1.1068195461145127	-0.015874305758715707	-1	
3.4605254227286006	0.14988923859964057	-0.00022359979900139654	-1	
3.5241934971859248	0.12948431233279178	-0.00021838036744269778	-1	
3.6234138879993925	0.070587458875827999	-0.00020340871627430395	-1	
3.822620486706779	-0.041235024565896436	-0.00017902564824268607	-1	
3.9980991458830912	0.099567856648708694	-0.00019595437362755105	-1	
4.1794665831485913	0.073772186619078306	-0.00018452274972705152	-1	
4.5870173279692441	0.064827505838749119	-0.00016789479791750163	-1	
4.5395986306775056	-0.067775146581154064	-0.00015806972848117154	-1	
4.3044063458493484	-0.094092140631310175	-0.00016129391311799356	-1	
5.2697713775847115	0.49577121301008231	-0.00016678111668292812	-1	
5.4055338311297794	0.58607231620917899	-0.00016496211847552488	-1	
5.5206680649175066	0.6490033623785264	-0.00016307993869789242	-1	
5.6221891042584229	0.73212788904181403	-0.00016169502836235186	-1	
5.1121849051207695	0.24754566418138724	-0.0001620372023279282	-1	
4.9774960229238232	0.061242192749961843	-0.00015597313151068351	-1	
5.2093906932016951	0.34431195781255675	-0.00016316733370324996	-1	
4.7273784550947564	0.076262114432624289	-0.00016412868609977244	-1	
6.7434009809184339	3.0294441272737762	-0.0001190138932461468	-1	
6.7204451659022855	2.78998829435425	-0.00012496225447478971	-1	
6.7095472111974459	2.8787382042110266	-0.00012267633600529558	-1	
6.7707130698904407	2.9439612802400159	-0.00012145286028253132	-1	
6.7078149581628299	2.4276045058118609	-0.00013322177868463868	-1	
6.7344300602581226	2.522203810483532	-0.0001312449045744495	-1	
6.7652303987039026	2.6195059744749813	-0.00012921170576540587	-1	
6.8208412605563336	2.7716308396284797	-0.00012599351216861541	-1	
6.8436420927177437	2.6848357395723168	-0.00012812364994085554	-1	
6.6296510553041408	2.0729996947800604	-0.0001400070980210116	-1	
6.4947513827393051	1.857572863439122	-0.0001440194995752121	-1	
6.6678508693261946	1.9354054013714044	-0.00014204129377640073	-1	
6.4074173446423064	1.5193408638177244	-0.00014859120239453137	-1	
6.2292961593779159	1.4191573972284022	-0.00015146070112414647	-1	
6.5732240262051462	1.7596467475927471	-0.0001448172552180535	-1	
6.5529076692775421	1.599780785493591	-0.0001466674945127308	-1	
6.6339197982026379	2.182148793771189	-0.00013805879158135983	-1	
6.724010846717797	2.2439173209832575	-0.00013686217829269104	-1	
6.7698612301281296	2.3513965519020847	-0.00013483942613011138	-1	
6.1175546392176665	1.2459285213529538	-0.00015389092543526637	-1	
-3.4483531013462487	2.1569193287778603	0.00065552350374608009	-1	
-3.3777371588658158	2.1020677054296413	0.00065627203295578985	-1	
-3.3900078009791512	2.0145187357741361	0.00065760454794762217	-1	
-3.4798480815511619	1.8895754408380663	0.00065934394278597879	-1	
-3.4709057105148706	1.978868785165969	0.00065817189399278381	-1	
-3.3921819387531715	1.8373162849635611	0.00065995940097368026	-1	
-3.3465393916126325	1.7460303065423532	0.00066104133636797938	-1	
-3.1911560743471115	1.4430261421945045	0.00066424422509209506	-1	
-3.4036147805026449	1.6614207801942682	0.00066183062702961852	-1	
-3.3233010618522334	1.550794896820662	0.0006629603514692493	-1	
-3.0450331985894561	1.2271584237708126	0.00066611410069147955	-1	
-3.19760438411411	1.2205466010541002	0.0006652508655262333	-1	
-1.9035005310574205	0.37996174916773817	0.00067656032805963175	-1	
-1.6605720480917388	0.20180049360025762	0.00067604542312764144	-1	
-1.8807884373404096	0.10087705698996528	0.00066676047910022701	-1	
-1.965807258762561	0.23442467858755331	0.00067008690280700133	-1	
-2.0435448009154005	0.37233784608949916	0.00067283581160146788	-1	
-2.203731968922706	0.43785003094955072	0.00067130766163267725	-1	
-2.5160502843681218	0.77272692090987449	0.00067112975889660714	-1	
-2.4854180925780835	0.64351144793840631	0.00067005519159729415	-1	
-2.2982977808760006	0.58279513217395396	0.00067244568940253585	-1	
-1.3659826349618545	-0.051811024365194476	0.00066931719887659488	-1	
-1.1855244516340666	-0.15508725563605405	0.00066547777212724456	-1	
-1.540644238073742	0.06099172504218027	0.00067206145293639808	-1	
-1.0638890812408166	-0.22962544339144753	0.00066128709824356995	-1	
-0.5889135551547815	-0.29309223277746344	0.00065879059749524157	-1	
-0.723366266692682	-0.32942089096120097	0.0006543034598157796	-1	
-0.44970153398250728	-0.28893095815842773	0.00065899490995480539	-1	
-0.87504791014920968	-0.39036433071088023	0.00064777729541475992	-1	
-1.0475869789082983	-0.37134822287344021	0.00064909633130526148	-1	
0.52509722333711206	0.55713235199210132	0.018199994410265374	-1	
0.5	0.55054225588183581	0.018176407232190581	-1	
0.56792693639441527	0.55402826691988405	0.01825062194826858	-1	
0.6259142031369791	0.5	0.018330282224479088	-1	
0.59489275392122387	0.5	0.018274641329288573	-1	
0.56913905867189496	0.52713776367704679	0.018243064917802632	-1	
0.97906460427719688	0.99132285037752932	0.018160390783937309	-1	
0.98916706119214859	0.97490550681422528	0.018456231119396201	-1	
0.98503753747633405	1.003716041063011	0.018013111758018119	-1	
0.98411307774150503	1.0137118126180258	0.017829429292601683	-1	
0.78102144921575523	0.46498782489822538	0.017044466185818855	-1	
0.7334567884727724	0.4540935188977327	0.01640154730407814	-1	
0.65693565235273432	0.46418193297952487	0.016708998971155391	-1	
0.84306434764726579	0.5	0.018920187927061131	-1	
0.82755362303938806	0.46977734638269786	0.01741224091682703	-1	
0.88959652147089863	0.51735078549156743	0.019106717757218502	-1	
0.8740857968630209	0.5	0.019036414696974091	-1	
0.91286260838271505	0.51791782592011948	0.019203643833099998	-1	
0.066875852058152094	0.105678239961097	0.00072731707522509829	-1	
0.059972781496596808	0.076807584124272535	0.00071984350362897247	-1	
0.092227792067963166	0.11482927002488862	0.00072777389636523554	-1	
0.066430991285028468	0.047834170829412298	0.00071215238794014688	-1	
-0.18864054681808934	-0.27883036578600723	0.00065706533864825253	-1	
-0.0048932907078139132	-0.3187083093592058	0.00064398403433365582	-1	
0.11313048205464224	-0.043248893322406098	0.00069002705380820828	-1	
0.10471741918725089	0.024149991495099783	0.0007039843210035221	-1	
0.16475148998005673	-0.23762839262857147	0.00065027960247095444	-1	
0.20762627741295053	-0.094179545290786093	0.00067572657476423575	-1	
0.474090723635822	0.38212684764726568	0.012280295641551902	-1	
0.4774740834437225	0.41674618908850541	0.013783238471930468	-1	
0.46959417940581116	0.44073620950936132	0.014626610756593056	-1	
0.5	0.35891789843151045	0.011407822723432012	-1	
0.5	0.3125	0.0092939509175492402	-1	
0.47424925955377939	0.46439417811677064	0.015712047900729269	-1	
0.5	0.26608210156848955	0.0071705233214053978	-1	
0.46336398330622186	0.23030368853317343	0.0054634480778514996	-1	
0.44592144904825454	0.1963750226687121	0.0038853878692654809	-1	
0.42562682711542105	0.17897923016953077	0.0030527032403106862	-1	
0.38212684764726568	0.151347885718986	0.0017971676607513348	-1	
0.3125	0.125	0.00070644832886570879	-1	
0.35891789843151045	0.125	0.00071171791392253417	-1	
0.13479529890351774	0.15083480080241807	0.00077590911481436307	-1	
0.15973241294493082	0.13823184586009621	0.00079879995023527945	-1	
0.125	0.14486624367592771	0.0007372544146365765	-1	
0.17324630470546876	0.125	0.00070948322444859156	-1	
0.18633335791931277	0.09472412528485627	0.00070633259045284412	-1	
0.23975245850651786	0.061445438886566235	0.0006998203184883753	-1	
0.28541058812154213	0.082595405365772381	0.00070162126799074595	-1	
0.11176532144134917	0.13516848618094043	0.00073333279368301618	-1	
0.10920852215682686	0.12662251383584444	0.00072979557556470613	-1	
0.11991959732287293	0.14035678432543536	0.0007351779589340365	-1	
0.47895577050139448	0.49445806767575895	0.016886040246327262	-1	
0.48104387051158337	0.50689106817598006	0.017159039059483964	-1	
0.48139137638058149	0.48076488181422522	0.016571110051719112	-1	
0.48205029787328385	0.4879452875703737	0.016848950147136242	-1	
0.49245080798570834	0.5200960998769123	0.017768343965720957	-1	
0.5	0.526185331077897	0.018146654091566839	-1	
-2.6487697494345412	0.77725607332344904	0.00066919005272347159	-1	
-2.9578315445050225	1.0298255691936051	0.0006669987027026036	-1	
-2.8540141743464247	0.75728314492398896	0.00066675653437295757	-1	
-2.9693125324148011	0.89749991631421611	0.00066657458970155448	-1	
0.99706801683616275	1.4371642031369793	0.015613938741394495	-1	
2.5023372945819511	1.4339127054180494	-0.014996246871917758	-1	
2.5	1.43625	-0.014993717584459384	-1	
2.5029319831638372	1.4371642031369793	-0.015104719868748806	-1	
2.4639546004201267	0.95088940603306615	-0.017449924501988751	-1	
2.4758850074989511	0.97842396018830979	-0.017595688817413416	-1	
2.4826230939223564	0.96140869281650554	-0.017806365541110286	-1	
2.4685371099179934	0.93136364803873262	-0.017627877621947067	-1	
2.471658895572566	0.91106422414296329	-0.01777880689439346	-1	
2.4759836116558338	1.0140939696253251	-0.017118695221059133	-1	
2.4805948538791993	1.0236666776098555	-0.016910698475851211	-1	
2.4806363219980878	0.99149766837976772	-0.017637541703759994	-1	
2.4806363219980874	1.0065379955819778	-0.017420615812491866	-1	
2.4864814125740722	1	-0.017710352698862234	-1	
2.4911581157232683	1.1014353710787759	-0.015432902959667866	-1	
2.5	1.0937732968630207	-0.015931198769224608	-1	
2.5	1.0324767031369793	-0.017002679552008182	-1	
2.4911581157232683	1.0248146289212241	-0.017028401095552873	-1	
2.5176097470281174	1.0457174682189572	-0.016774871126519771	-1	
2.5176097470281182	1.0805325317810408	-0.016200365301335493	-1	
2.4933477939995088	1.1129284824024088	-0.015204817286500491	-1	
2.5073758971330835	1.1228406783368474	-0.01524748967270894	-1	
2.5029319831638372	1.1253357968630207	-0.015097104274913273	-1	
2.5223067415091389	1.1110224968871649	-0.015661891957883416	-1	
2.5075448726483076	1.1141801440227295	-0.015476873949536058	-1	
2.5	1.1244215937260416	-0.015076476951724739	-1	
2.5	1.1167595195102864	-0.015357141982611856	-1	
2.3740857968630209	0.125	-8.9706988877873153e-005	-1	
2.3132284996899135	0.18826340504172248	-0.0026852283385563197	-1	
1.2405188653276478	-0.32458552178734545	0.00044442819079474217	-1	
1.1318208586105283	-0.23637811273427711	0.00049924656273228521	-1	
0.97774519787290037	-0.014357494395377132	0.00062297460972100447	-1	
0.93088739161728518	0.057440235867766282	0.0006762985904753498	-1	
0.89188202931334637	0.125	0.00072724410139365198	-1	
0.90577365995313985	0.20714279167455091	0.0047611393606111227	-1	
0.91138343061898119	0.29026286204866564	0.0088582551784297352	-1	
0.95692106641412644	0.38411589670299828	0.013573026998334995	-1	
0.88976070364685367	0.36143130188389844	0.012338615578858745	-1	
0.93957280442765589	-0.15488645556573272	0.00058287974228764076	-1	
1.6586555773446121	-0.46643380184311611	0.00028951570311429179	-1	
1.2805731738620627	-0.46746497146769073	0.00041146406800628989	-1	
1.4175741678278115	-0.58340934816159129	0.00035935491751682081	-1	
1.8919133056095512	-0.46583400576217926	0.00021158997281512913	-1	
2.2015175027400584	-0.39701588008076938	0.00010409283221026994	-1	
2.0836964192806828	-0.59779793517545199	0.00016018309662539756	-1	
2.3250006898103428	-0.33127794771618868	5.3681744226655641e-005	-1	
2.3600271277919256	-0.19584264255934483	1.4268130692640171e-005	-1	
2.4520965214708985	-0.022923675028219459	-7.3632579181488552e-005	-1	
1.0358552899253459	0.47448154740570569	0.017573946861877271	-1	
1.0122183988926403	0.46558752600862163	0.017609516894921996	-1	
1.0079645784912323	0.45117880296459778	0.016941014062846548	-1	
0.9838936386235676	0.42558723511664021	0.015706087998606844	-1	
1.0261353216846414	0.48942680679493283	0.018448714328445262	-1	
1.0135185874259278	0.5	0.019226035352385987	-1	
1.0155992859161238	0.48814506364756949	0.018638126218759564	-1	
1	0.509583768577897	0.019599682175802442	-1	
0.98887627410339585	0.51288261842789984	0.019548001034407604	-1	
0.97678259477830898	0.51322493128295088	0.019489289635191625	-1	
1.0105960421379354	0.50673555931379521	0.01931193374871144	-1	
1.0038461863008163	0.50384618630081657	0.019482079287288026	-1	
0.93568550733868572	0.51286843573038587	0.019300002465997512	-1	
0.9484102116646258	0.51089994556564455	0.019355686022835425	-1	
0.95958263896299123	0.5087991201469767	0.019405094618012434	-1	
0.9710850489097792	0.50725438036782045	0.019456447001557214	-1	
2.2815967522504779	0.29894131374840172	-0.00687230768147413	-1	
2.2988401054404308	0.34140789078280376	-0.0086742212805569728	-1	
2.3095613001079465	0.26371825690230155	-0.0057643600035928513	-1	
2.357889419902409	0.5	-0.01534350482571609	-1	
2.3345090575984702	0.47340145365969744	-0.01394726497229444	-1	
2.3224712419250655	0.42731128957077763	-0.012156492025997046	-1	
2.3715363637264288	0.5236034967657468	-0.015703646018737267	-1	
2.3096584956121666	0.38371355643932209	-0.0103975280622333	-1	
2.5	0.8740857968630209	-0.018630784496550354	-1	
2.5	0.90510724607877613	-0.01850145024454752	-1	
2.5303805703312534	0.85959604622239749	-0.018480223755280502	-1	
2.5281283949016529	0.82755362303938806	-0.018611879668658179	-1	
2.5354467344479237	0.78102144921575523	-0.018705496194911742	-1	
2.5584463136293416	0.71897855078424477	-0.018715816039627717	-1	
2.5	0.6259142031369791	-0.0191314920254122	-1	
2.4675998704412248	0.6215366877898304	-0.018249301789481913	-1	
2.5347892986464733	0.65693565235273432	-0.018917882236819752	-1	
2.4491151191032561	0.57664003729026947	-0.017761767110533205	-1	
2.4260694185004765	0.56194191748357725	-0.017146097035429186	-1	
2.3972113329568399	0.53014787885030901	-0.016380021078032499	-1	
2.4190061550656066	0.54018071598387341	-0.016957153388491714	-1	
2.4656668143024176	0.58889937279603588	-0.018206686698442456	-1	
1.0151419739654357	0.98616880690070452	0.018236876040478391	-1	
1	0.98266086911816419	0.018517277092945192	-1	
1.0067231376539865	0.9865385502701336	0.018372230081314275	-1	
1.0105960421379354	0.99326444068620479	0.018275423505076337	-1	
1.007673496849943	1	0.018289390796223392	-1	
0.99766270541804913	1.1285872945819508	0.015514147922772333	-1	
0.99706801683616275	1.1253357968630207	0.015622633282839481	-1	
0.99719695100312478	1.120590556618164	0.015776704997709615	-1	
1	1.1167595195102864	0.015880118185722915	-1	
1.0018284062739584	1.12625	0.015420298613496053	-1	
1.0038461863008166	1.1224038136991834	0.015500689152268139	-1	
1	1.12625	0.015511611736647017	-1	
1.0033420285207024	1.007574961935775	0.018058065922848296	-1	
1	1.0094904804897138	0.01796409091511831	-1	
0.99566673891008428	1.0133215175975914	0.017875764398448568	-1	
1.0035872547444955	1.0035872547444955	0.018195757116674149	-1	
5.799798235674122	1.0657471796356066	-0.00016043869933618859	-1	
5.9458960373284073	1.1063122788730786	-0.00015722368904218164	-1	
5.7840471807955733	0.91494267308963573	-0.00015989241439403405	-1	
3.375	0.19897975588183592	-0.00024102012348352505	-1	
3.3205353088916318	0.22466758826654817	-0.0013335030513313465	-1	
3.2682278025784548	0.21987033260031974	-0.0021895811955141994	-1	
3.1852516154859551	0.25359022329055958	-0.0046093081329255598	-1	
3.3993623547472138	0.17250042941953514	-0.00023040045738626644	-1	
3.4211621992582719	0.15579049283554652	-0.00022457236036794106	-1	
3.1137166179060518	0.37517800577755001	-0.0099899788411402287	-1	
3.0924078919044886	0.43519670757347584	-0.012052845193374809	-1	
3.1037709355616379	0.50547651825494211	-0.012669273512729572	-1	
3.1047287250483921	0.55239132133104585	-0.012780730564516151	-1	
3.1110178750561612	0.31549782984770031	-0.0078931699999579795	-1	
2.9727660725008738	0.62361303029365223	-0.017700039724850274	-1	
3	0.59925610548971342	-0.017686974445416524	-1	
2.9392466520122649	0.60876438227339147	-0.017735119888920643	-1	
3.023734031054413	0.58623537963013161	-0.016581087693205654	-1	
3.0298805015259194	0.55987130496885984	-0.016272717251315381	-1	
3.0609160211796063	0.53558765839475109	-0.014782901756651345	-1	
2.7673924286757723	0.75333193573964763	-0.017884319468642065	-1	
2.8361122071858551	0.65765372254860821	-0.017867731855836688	-1	
2.8998619751145864	0.62506420941552843	-0.017777909901661434	-1	
2.6888987602951957	0.78037672061003938	-0.018037518342006807	-1	
2.6255244263746103	0.79189544490737496	-0.018242037189123959	-1	
2.5755539728131098	0.81117089035664558	-0.018402672823822606	-1	
2.5758153167724238	0.86134569548556261	-0.018210615995897319	-1	
2.5692764447844341	0.9043967178586676	-0.018034529586514057	-1	
2.5680317047028844	0.93358305388812413	-0.017860799537710467	-1	
2.560272594830161	0.98845925007254631	-0.017435455030279649	-1	
2.5530753137854694	0.96013740086285226	-0.01774229830806617	-1	
2.5405400961385913	1.0513201029338308	-0.016691903198534093	-1	
2.5405939339996668	1.0100619884408943	-0.017266739286250138	-1	
2.5341347378122276	1.028600908168448	-0.017023402407286038	-1	
2.5258105933701822	1.0948759570074438	-0.015976098357890961	-1	
3.4267125475986724	0.12888977101163523	-0.00021546317511102103	-1	
3.4602111321401905	0.11008736194843372	-0.00021156794879589698	-1	
3.5112440563786347	0.0435420493858759	-0.00019648178797228817	-1	
3.7148846468174064	-0.13361263923797517	-0.00016353143185254709	-1	
3.5240311090491145	-0.051667377249835583	-0.00017621939863979389	-1	
3.9544956311017212	-0.093671473530189203	-0.00016866775554887759	-1	
3.786424935262946	-0.26375625065011532	-0.00014294758083250214	-1	
4.0991814527872252	-0.053212806798833265	-0.0001711708700963242	-1	
4.7670370790286052	-0.085225690551420541	-0.00015136248066236307	-1	
4.640642043778298	-0.19327851409141389	-0.00014540340989082005	-1	
4.4929719715221283	-0.24197346896677413	-0.00014305013067274501	-1	
4.3456604857047791	-0.25309801878902483	-0.00014378929351051067	-1	
4.1246802994754894	-0.20126921337435763	-0.00015187013766713409	-1	
5.4140672758557509	0.38095484979764266	-0.00015873253742465168	-1	
5.6025545264028622	0.45931749429431568	-0.0001563814045838398	-1	
5.639680967869996	0.59375721054261277	-0.00015866323643340979	-1	
5.7547756612649437	0.67253297783978472	-0.00015752174875841539	-1	
5.2705105437095563	0.22724446736444429	-0.00015673644377796076	-1	
5.1818318050867296	0.1293847986434305	-0.0001544790529671553	-1	
5.1571064846326262	-0.057655278437738024	-0.00014564003216521588	-1	
4.9751293072332885	-0.1230103107078097	-0.00014491159512894109	-1	
6.7965291177091585	2.8580147909805134	-0.00012377993555204008	-1	
6.8040386023912909	2.4475645257342231	-0.0001330296294195962	-1	
6.884682506041341	2.5101179650471392	-0.00013204696983563533	-1	
6.8649246688390306	2.5976559294403048	-0.00013013189469907453	-1	
6.7577983444301877	2.0099942374006221	-0.00014075142282808211	-1	
6.7600346556479485	2.1312365570867908	-0.0001388312903542356	-1	
6.6814114380581273	1.8232310526831432	-0.0001435167422004594	-1	
6.7942430164550043	1.829231756345107	-0.00014314213618690639	-1	
6.8321884887621467	1.9198823671279039	-0.00014192404535471519	-1	
6.540633182945772	1.4198845619219158	-0.00014814412227775477	-1	
6.3642546365074653	1.3225814453047162	-0.0001502652419206674	-1	
6.6817287384300288	1.6966054328676377	-0.00014499599634756725	-1	
6.6833540950483687	1.5051572672736766	-0.00014670416462068004	-1	
6.8368224951462047	2.2743734323017173	-0.00013640410803403375	-1	
6.866260307297523	2.1897242660722611	-0.00013790837523695878	-1	
6.9029095858960643	2.4222485113047743	-0.00013383939540246234	-1	
6.9196003562581065	2.3340743341000301	-0.00013553502785346221	-1	
6.2598183135015306	1.150330632290349	-0.00015196159519621457	-1	
6.109576434548833	1.08040223648907	-0.00015411546897310408	-1	
-3.4604063177076467	2.0679924637911902	0.00065690874058533318	-1	
-3.4872307068836763	1.800139630425168	0.00066039497274614472	-1	
-3.4930513376932204	1.7105885969415109	0.00066133713311124546	-1	
-3.3006007678302338	1.3194556083994846	0.00066446129728386124	-1	
-3.3514371124784805	1.4035570838128872	0.00066388781746508395	-1	
-3.4973082009592642	1.6209496184993935	0.00066217036408477905	-1	
-3.4246778855285553	1.5738798543850732	0.00066258594526532786	-1	
-3.4070271686680198	1.4891498266047691	0.00066324388932442985	-1	
-3.0812914201073243	1.0788107772630342	0.00066609711355827632	-1	
-3.2433149290665622	1.085262481983168	0.00066528236382829107	-1	
-3.3401225321613222	1.2294810439489448	0.00066470246180595381	-1	
-1.7348458716693589	0.073147662626441873	0.00066839954230634292	-1	
-2.0028008375881932	0.019176797173358975	0.00066168729765230373	-1	
-1.8760990195598635	-0.11550661988250074	0.00065757124091357459	-1	
-2.1160398690204079	0.24060878528301896	0.00066755562419485196	-1	
-2.2591356596110668	0.28677885216342691	0.00066660053928706763	-1	
-2.3727656603927509	0.40070994065149068	0.00066761383143796476	-1	
-2.4767501230614837	0.49999873358072633	0.00066798297572916686	-1	
-2.6848431092284439	0.57422182857779192	0.00066657113521137663	-1	
-1.5238934874810628	-0.10469444026924898	0.0006630508074116371	-1	
-1.3336293509251611	-0.20457756979045214	0.00065954146605777162	-1	
-1.1949436528154374	-0.41142069274781035	0.00064529446202547705	-1	
-1.7129330786393251	-0.073780827762725293	0.0006616686622761659	-1	
-0.61833108148407012	-0.42922419886181234	0.00064239752967104613	-1	
-0.47518626012567261	-0.45164406768355442	0.00063777910770138947	-1	
-0.83089057649683717	-0.54775414516819831	0.00063190324032157575	-1	
-0.31398629579323378	-0.41788612377181039	0.00063868760307873927	-1	
-0.96735286541264442	-0.52527622434524912	0.00063531819589190193	-1	
-1.1053079497618705	-0.53505415474293527	0.00063526770486068882	-1	
0.54480252808583207	0.54025038081763554	0.018213434789797357	-1	
0.5131768341906936	0.53408448205639214	0.018168329360626265	-1	
0.61040347852910148	0.47312738074786764	0.017043416719766891	-1	
0.57938202931334626	0.47375182601032939	0.017016688247786231	-1	
0.56387130470546865	0.5	0.018221756986254133	-1	
0.54344134088431484	0.51694782993084776	0.018196235754929065	-1	
0.99237305832383771	0.98783685593454562	0.018349861551261521	-1	
0.99178523442213851	0.99656238042169043	0.018208623510034948	-1	
0.99055482064363087	1.0060128501447914	0.018008291596420985	-1	
0.80668109759435702	0.44412815018358093	0.016118268957951036	-1	
0.76040125962116512	0.41341086498527446	0.014531346963594658	-1	
0.68925771165431371	0.3955559863498625	0.01354106868510086	-1	
0.59633534973822078	0.4254273129943692	0.014783153098809952	-1	
0.86374364894926225	0.47537197079408566	0.017806739568445255	-1	
0.83914780253578336	0.43784669697905731	0.0159127252424308	-1	
0.90510724607877613	0.5	0.019160380061007818	-1	
0.88959652147089863	0.48208977016720322	0.018226568345995259	-1	
0.92061797068665374	0.5	0.019225689695341455	-1	
0.087387171935468924	0.08819258954769045	0.00072034172058826678	-1	
0.11276312334911766	0.11243637155050114	0.00072372664115652463	-1	
0.11331787662570322	0.095973521649908008	0.00071885185464766075	-1	
0.10661120476623642	0.069130036942306461	0.00071340984985764566	-1	
-0.1294059024192333	-0.44916133755278109	0.00062803481037131343	-1	
0.046836352786233382	-0.4873719449827027	0.00061289472009199667	-1	
0.20241808077968185	-0.40419920959225425	0.00061728173829433551	-1	
0.16850056613672237	-0.0039100691127594497	0.00069406960811483774	-1	
0.13994852970873559	0.052177830578319928	0.00070610930007700948	-1	
0.31048105608739973	-0.27196077911889049	0.00063538941234660574	-1	
0.32503815462966157	-0.15231008143440955	0.00065933721347223736	-1	
0.22876462542473594	0.0019067172843538344	0.0006919197328873046	-1	
0.28977496533057517	-0.040040902107392584	0.00068303591599551698	-1	
0.5	0.40533579686302079	0.013532705426149512	-1	
0.48702488272984251	0.44014922068665363	0.014972989894545796	-1	
0.5	0.42854474607877602	0.014602787886089484	-1	
0.48687035273843543	0.45755593259847005	0.015750589954104496	-1	
0.52598733657731589	0.38212684764726568	0.012585651410505862	-1	
0.54408508018250079	0.33570894921575523	0.010488148031729217	-1	
0.56017492091843624	0.28293779406811803	0.0080695760588901325	-1	
0.48943000476435455	0.47380453130722761	0.016526761399656417	-1	
0.5	0.21966420313697915	0.0050524651798598353	-1	
0.53589782624892979	0.23339689717543366	0.0057376996582573945	-1	
0.47246875870568888	0.19325642907167095	0.0038101838091985532	-1	
0.45543201034092606	0.17139434013260924	0.0027979059309726382	-1	
0.44583923059064745	0.15579867258924873	0.002087015492900573	-1	
0.41694027147089835	0.14677711693940754	0.0016574976343101231	-1	
0.40533579686302079	0.125	0.00071979971990763407	-1	
0.33570894921575523	0.081159872973225328	0.00070373920220105266	-1	
0.38212684764726568	0.098652464737318563	0.00071106633904367085	-1	
0.1301281021549851	0.14035678432543536	0.00074381881567520711	-1	
0.14423511818577472	0.13285506810077394	0.00074461836490625295	-1	
0.15003735548971353	0.125	0.00071393453810250445	-1	
0.125	0.13584732497494301	0.00073280347002097936	-1	
0.15835817961398063	0.11219664514817132	0.00071165944856477334	-1	
0.15291047084386117	0.087259772043103492	0.00071009751986795904	-1	
0.17688598603839004	0.058465855802342072	0.00070332198926801063	-1	
0.28046625952363047	0.033411207081252337	0.00069543132826423702	-1	
0.11761232760935557	0.12843176704060405	0.00072928958894308911	-1	
0.12054526642038482	0.13359259529969683	0.0007317232513742556	-1	
0.11715134676665497	0.123334827649422	0.00072682968157936133	-1	
0.48792830973054918	0.49790169782248928	0.017380434241309778	-1	
0.48829544164132965	0.49219188326047991	0.017244989567431375	-1	
0.49383881630601917	0.51049701296250016	0.017803322850380072	-1	
0.49181741131664913	0.50340752095605668	0.017649287771989323	-1	
0.48831743210491779	0.48437941700638004	0.016953311262451684	-1	
0.5	0.5140068686759276	0.018118337816713462	-1	
0.50682461336086548	0.5200960998769123	0.018140411372569273	-1	
-2.828987186592002	0.61071310069943641	0.00066567916839464195	-1	
-3.144032367114391	0.9390499588654394	0.00066559329880167093	-1	
-3.0351166588440672	0.74477936704912495	0.00066537829008283828	-1	
-2.9770973083473322	0.62384778050781386	0.00066479874294337205	-1	
-3.136684581586306	0.83238445095005076	0.00066531003534505849	-1	
2.4842053568846376	0.94388405759847016	-0.01793076082153456	-1	
2.487224782237853	0.98648040755771926	-0.017763316170653229	-1	
2.4915348174701104	0.97739313261875316	-0.01789205344822551	-1	
2.5	0.95163941990240886	-0.01824273601988724	-1	
2.5	0.96715014451028658	-0.018134044807899739	-1	
2.4853907136785147	0.92633672648142629	-0.018042876829734746	-1	
2.484855732827326	1.0139329628210891	-0.01725204435136973	-1	
2.4906397203874104	0.99402486989257965	-0.017775504728007638	-1	
2.4894039578620646	1.0067355593137954	-0.017529024413342423	-1	
2.492326503150057	1	-0.017776783543513766	-1	
2.5	1.1090974452945312	-0.015582264157598419	-1	
2.5106461014567558	1.1014353710787759	-0.015789605336941865	-1	
2.5106461014567545	1.0248146289212241	-0.017131445497211843	-1	
2.5	1.0171525547054689	-0.017284912577187481	-1	
2.4933477939995083	1.0133215175975914	-0.017360173496830885	-1	
2.5028030489968751	1.120590556618164	-0.015252398678172	-1	
2.5301072460787761	0.125	-0.00018426440015220061	-1	
2.4039817860501778	0.22288469992084015	-0.0047555254485342193	-1	
2.3530960475168072	0.25243085514180247	-0.005727201266706651	-1	
1.1001606452596011	-0.37273585753340482	0.0004803961356107111	-1	
0.93339264479586626	-0.32755558585426642	0.0005358926151490343	-1	
0.89213494013832573	-0.018989108438837388	0.00064784043229573155	-1	
0.85287666700940745	0.057181654703602772	0.00069409698913920333	-1	
0.81247481871347549	0.18096881577211676	0.0034442044147071048	-1	
0.81387130470546865	0.125	0.00073766708800105329	-1	
0.84274076987026814	0.26161544897820854	0.0073800075073027884	-1	
0.84409478983971598	0.32196030630480899	0.01031720489506404	-1	
0.95593000563405905	0.42630660947543375	0.015689604804060512	-1	
0.93212648628657224	0.41826655177745081	0.015229603599857148	-1	
0.87583239319343031	0.40717518607422115	0.014530224883397442	-1	
0.81284168051576011	0.38892468805621516	0.013483144739632295	-1	
0.82330415316019701	-0.070033402250564467	0.00064145877709954359	-1	
0.77524508331629505	-0.25796987089969925	0.00058838857130639544	-1	
1.7214658124694815	-0.58857363245254002	0.00026781994011973475	-1	
1.5950554510540154	-0.6422735801671452	0.0003039242198707264	-1	
1.1259942707745363	-0.52667284468284636	0.00044739507903203353	-1	
1.2439552898549917	-0.62889402740635847	0.00040344324633730219	-1	
1.480601184369214	-0.79014117141981954	0.00032896578365461057	-1	
1.3367125147311054	-0.74703778793344089	0.00036857544119395393	-1	
1.8529149287479285	-0.62837807551302516	0.00022887347990669201	-1	
1.977593786074288	-0.68318331301044566	0.00019520140914426495	-1	
2.2151161385757203	-0.53995607795844258	0.00011656093839434268	-1	
2.3586615594277682	-0.543352431636694	7.7931919922040639e-005	-1	
2.1944798006689368	-0.67128640107484516	0.00013567241294008386	-1	
2.1519528835026018	-0.79594662672278815	0.00015666109892921136	-1	
2.4627703282016973	-0.35554932959115643	1.7122333775794892e-005	-1	
2.5558429656645063	-0.1900202527833762	-5.0829855787510617e-005	-1	
2.6081179706866537	0.03727926653044452	-0.00015500365858807095	-1	
1.0193636780019124	0.48125393966977703	0.018226895984214252	-1	
0.99768528461076356	0.4693947398240948	0.017935901973386504	-1	
1.0055491508566288	0.47904959934080105	0.018384431443649735	-1	
0.98915386728001398	0.4603243692170701	0.017479690058169663	-1	
0.97084832150569278	0.44652278895295205	0.016741627835469203	-1	
1.0099097025370654	0.49355679889844756	0.019018698436317562	-1	
1.007673496849943	0.5	0.019375218966954159	-1	
1.0077488540413571	0.48831523071988653	0.018804804808617081	-1	
1	0.50182840627395831	0.019576866061174748	-1	
0.99615381369918354	0.50384618630081635	0.019564773697910723	-1	
0.9865385502701336	0.50606982190920258	0.0195258874331453	-1	
0.97929593533436465	0.50642320573110089	0.019493055319758361	-1	
1.0018284062739584	0.5	0.019521096883297135	-1	
0.93612869529453147	0.5	0.0192927624498524	-1	
0.95163941990240886	0.5	0.019361669622833661	-1	
0.96715014451028658	0.5	0.019431441419957909	-1	
0.97490550681422528	0.5	0.019466135681821858	-1	
2.3270051794493254	0.30517173376467888	-0.0076435659593014687	-1	
2.3419145382674111	0.34857728051854753	-0.0095971296303643348	-1	
2.3812697822063478	0.5	-0.01595672385642145	-1	
2.3695796010543781	0.47831887072437024	-0.014944178156519021	-1	
2.3693938243421879	0.43552612318070383	-0.013448548892414073	-1	
2.3496448562969325	0.39564374795046997	-0.011554312877095387	-1	
2.392959963358317	0.50971487287104766	-0.016265542230574487	-1	
2.5151193969771577	0.88959652147089863	-0.018455726911519876	-1	
2.522673910622153	0.90989696645128937	-0.01829930947610953	-1	
2.5	0.93612869529453147	-0.018338148725432143	-1	
2.5435395859151777	0.89057623725056467	-0.018258952595108353	-1	
2.5807358538290002	0.7625258552654256	-0.018513706056168172	-1	
2.6087548408569567	0.72070636668043653	-0.018474144841743236	-1	
2.6211025945298148	0.67190609784083632	-0.018493324233276379	-1	
2.5320722393894051	0.61040347852910148	-0.018965102789628614	-1	
2.5	0.59489275392122387	-0.019140930291129329	-1	
2.5732272400279319	0.61966748508534975	-0.018758124181410034	-1	
2.4514244098693858	0.55671499638054434	-0.017822819111222646	-1	
2.4673912972173571	0.56837436171966937	-0.01825355013980343	-1	
2.4378574854547925	0.5423337289251805	-0.017457991684923443	-1	
2.4079757137501883	0.51207418006501404	-0.016661392122730687	-1	
2.4163403256622562	0.52139504389688351	-0.016883860928618863	-1	
2.4284996075236589	0.52375261558868524	-0.017205742225619648	-1	
2.4848810251015672	0.57470668849582363	-0.018728468633601364	-1	
1	0.990416231422103	0.018435240711620098	-1	
1.0038461863008163	0.99615381369918343	0.01833123236857917	-1	
1.0018284062739584	1	0.018312117396484986	-1	
1	1.1244215937260416	0.015601594587866131	-1	
1	1.0056594433818362	0.018060635585497049	-1	
0.99632331717728295	1.007574961935775	0.018003627153043201	-1	
1	1.0018284062739584	0.018185134545392067	-1	
5.9209594101098517	0.97458762317707881	-0.00015719315015293208	-1	
5.9063244884271748	0.84132457742692046	-0.00015643537933850106	-1	
3.375	0.16290408107789711	-0.00022643605877810001	-1	
3.3507483770515694	0.17257691902033889	-0.0004257939386716879	-1	
3.3122924087497343	0.15328643658127905	-0.00054865382625782818	-1	
3.2194976443299925	0.20026266686188784	-0.0024966068969869966	-1	
3.2571268476472657	0.16852972802415642	-0.0012661294353044925	-1	
3.1272182473783428	0.25799518165989643	-0.0054616918560902884	-1	
3.1349355136118318	0.20030879440925728	-0.0031746776324546272	-1	
3.1741348065365256	0.18115378680848016	-0.0021924105101632715	-1	
3.3847714491645888	0.15075831120161368	-0.00022130728285413303	-1	
3.4032171697867439	0.13499551462894038	-0.00021581390556975829	-1	
3.0620723863179067	0.41244970700982536	-0.012350992444699168	-1	
3.0440790131255806	0.33570894921575523	-0.0094928033387129927	-1	
3.0651248052825064	0.4701254070749683	-0.01388237956432539	-1	
3.0501079773971287	0.44842917133341786	-0.013957447470681129	-1	
3.0514817100231135	0.50246631231650352	-0.01503757033027938	-1	
3.0803483387367407	0.26423004118913423	-0.0060899918828830422	-1	
3.0402533564135714	0.28929105078424477	-0.0075022832742603091	-1	
2.9724312969839022	0.58707764308774402	-0.017702610984790632	-1	
3	0.57489918068577461	-0.017681060199182173	-1	
2.9458192572448576	0.5696704418368429	-0.017725373266188105	-1	
2.9028389597978119	0.58254392365221408	-0.017785617279718009	-1	
3.0130137031118065	0.56137742112978029	-0.017063415556546009	-1	
3.0124461826522819	0.54445302468085111	-0.017074930135503503	-1	
3.0242987895178004	0.53727654157807203	-0.016505687297681006	-1	
3.0343290401932648	0.51369788372563929	-0.015939046999846072	-1	
2.6931835173330088	0.71610675821357583	-0.018161118972159773	-1	
2.7580851383992351	0.67083314355313151	-0.018030675087299407	-1	
2.8021988876176049	0.6051376510795593	-0.017969915832942742	-1	
2.8561153323170494	0.57349799245857758	-0.017867524014338065	-1	
2.5439812447902823	0.91900987788485078	-0.018099295208456444	-1	
2.5399606396307393	0.93526156112536152	-0.018021179102419835	-1	
2.531364989990939	0.99273457223026829	-0.017547356616161632	-1	
2.5261743742601563	0.97003932433121165	-0.017838687433515209	-1	
2.5281465266142504	0.94712365232516593	-0.018020583700249074	-1	
2.5210052341127152	1.0087598376080649	-0.017375885450370446	-1	
3.421962592452771	0.10651875372602239	-0.00020800830721500341	-1	
3.4039106730453401	0.12055986101814548	-0.00021054760738352908	-1	
3.4314337638675507	0.069289965605845688	-0.00019886868119847441	-1	
3.4593976940400246	0.019402062740650424	-0.0001887172108922592	-1	
3.5112793352396303	-0.17466109765354015	-0.0001517191757439285	-1	
3.6393844936344237	-0.28460045818972851	-0.00013617069005900372	-1	
3.4056716044836586	-0.15004598104453024	-0.00015194742611172461	-1	
3.4261403056221758	-0.039613194739793425	-0.00017447620709805248	-1	
3.9935028736847671	-0.22036198637091362	-0.00015020530604596761	-1	
3.9192545790096607	-0.33017656534664397	-0.00013472133935584797	-1	
3.7841053360014754	-0.43442388187802278	-0.00011742012472716457	-1	
4.7852159061478421	-0.25051527841302851	-0.0001390614614581556	-1	
4.6729523094102117	-0.34537616563558149	-0.00013269452666506479	-1	
4.5435496771629591	-0.41506591986532027	-0.00012738828875265846	-1	
4.3939793799112996	-0.39270358431247365	-0.00012946668670774333	-1	
4.2458866804590532	-0.36204579182386443	-0.00013264346382911834	-1	
4.0776021587045905	-0.39703372402585058	-0.00012769814787916888	-1	
5.5965310970201134	0.28943926840616047	-0.00015185178766438098	-1	
5.3930140262728248	0.17791567044222731	-0.00015198404814637775	-1	
5.8401738006027273	0.40313597833499853	-0.00015059455212391084	-1	
5.7661334860703244	0.27804089304399304	-0.00014872975924195311	-1	
5.8299951687552198	0.54814337122837475	-0.00015378526447021152	-1	
5.8977368671382688	0.69885487281840963	-0.0001549447026160765	-1	
5.3413906349369276	-0.017224054702742547	-0.00014474341021482927	-1	
5.1564908132386176	-0.18193831778403685	-0.00013902624710209719	-1	
5.292788855946319	-0.18874923718786804	-0.00013729880115984606	-1	
5.076385878395854	-0.27696385295356729	-0.00013440594968668873	-1	
4.9274168875193274	-0.30099376886798451	-0.00013410311191838889	-1	
6.8746173969932931	2.0127056385209459	-0.00014065835386173589	-1	
6.8777371588658021	2.1020677054296377	-0.00013932552141686697	-1	
6.7740054792699373	1.7584752262268719	-0.00014400119792462834	-1	
6.8921819387531569	1.8373162849635587	-0.00014294591149040297	-1	
6.8465393916126169	1.7460303065423515	-0.00014399597787667046	-1	
6.970905710514856	1.978868785165965	-0.00014119666695264912	-1	
6.9798480815511468	1.8895754408380623	-0.00014234317518316869	-1	
6.7065268032186545	1.4089301207146994	-0.00014721889775721971	-1	
6.5168414779939514	1.2777931946044467	-0.00014900853760462706	-1	
6.7015721054299364	1.2661076825261264	-0.00014789914416774052	-1	
6.4204344241130844	1.1707339500121465	-0.00015011882381606504	-1	
6.7924304993678044	1.6872252220157644	-0.00014469703834981792	-1	
6.7574981135812848	1.6153535404617494	-0.00014547494802400935	-1	
6.7753816751463471	1.4800331779671771	-0.00014650359285642495	-1	
6.806988954407994	1.5536853587246677	-0.00014584761323783237	-1	
6.9347497329571306	2.2456222921414457	-0.00013711992574878885	-1	
6.9483531013462354	2.1569193287778559	-0.00013859028282640513	-1	
6.2578260783066542	1.0270443426825566	-0.00015183031688190105	-1	
6.0347225150282071	0.90365683822017751	-0.00015461175938497678	-1	
6.156974105336305	0.95610522967487888	-0.00015298087566493272	-1	
-3.3986658680354469	1.3130815809718774	0.00066427780404334699	-1	
-3.497308200959246	1.4415503815006092	0.00066347685569546303	-1	
-3.4930513376932035	1.3519114030584924	0.00066399021262070733	-1	
-3.5	1.53125	0.00066287857016606604	-1	
-3.2123470420492772	0.99947644202338548	0.00066540210026776409	-1	
-3.384164967723426	1.1374123965408762	0.00066484785172516976	-1	
-3.3024806839409515	1.0134113362691315	0.0006651400510249739	-1	
-3.4798480815511463	1.1729245591619375	0.00066467789696856281	-1	
-3.4872307068836603	1.2623603695748353	0.0006643893617521966	-1	
-2.1481057063497468	0.040353515108721788	0.00066067463131938228	-1	
-2.044403712621266	-0.12164635098527585	0.00065574833918972085	-1	
-1.783675237517375	-0.23468348647577486	0.00065282559266832197	-1	
-1.9288794469567729	-0.27543908215425744	0.00065008108126055899	-1	
-2.2971745257009362	0.054893473288580644	0.00065958825655603045	-1	
-2.379515769217619	0.1800047953292172	0.00066230905333906226	-1	
-2.5079154273973687	0.35964291188635761	0.00066505931103292561	-1	
-2.6403029291287514	0.40889237643493781	0.0006645960698619109	-1	
-2.8050916188841457	0.36239137517830067	0.0006626756464887995	-1	
-2.9041760214220456	0.46827411179953699	0.00066353657979885525	-1	
-1.6493532442909049	-0.19773672889120175	0.00065600516826484724	-1	
-1.5309107536029951	-0.27107728492938332	0.00065292517180701106	-1	
-1.3389618972037309	-0.36064139115630617	0.00064843752418705788	-1	
-1.2287175533333232	-0.6143305099239017	0.00062984163371163039	-1	
-1.3251483515212901	-0.55108303159546757	0.00063498617146517239	-1	
-0.588632952889661	-0.57103784967759808	0.00062575346605239974	-1	
-0.41974042534453626	-0.61792291312135827	0.00061553791374966142	-1	
-0.7232075783363523	-0.69929430524277847	0.00061498900531381246	-1	
-0.88673924664549852	-0.70146901743407108	0.00061821076185609991	-1	
-0.24746534624871036	-0.58560895085683473	0.0006134479963854746	-1	
-1.0219679814096718	-0.65233684895136101	0.00062471006881758531	-1	
-1.1381727957781143	-0.68575031973422407	0.00062351077804212993	-1	
0.5304385257477704	0.52185100188080547	0.018178607420988261	-1	
0.51707475144114445	0.51803998719603128	0.018152396999184878	-1	
0.55492109284684032	0.45555260067420594	0.016113036048495816	-1	
0.54004915278227417	0.48268598306994137	0.017358340569646493	-1	
0.53284985548971342	0.5	0.018166658790086006	-1	
0.52509449318577461	0.50902307871989083	0.018156957645397799	-1	
0.99718240721857765	0.9942939125740724	0.018329678807403871	-1	
0.99465524053725052	1.0016651723505781	0.018138288123511013	-1	
0.99706801683616275	0.9990857968630209	0.018235636334969926	-1	
0.75264043973519901	0.36541097111177218	0.012228363888616764	-1	
0.70464457341695297	0.34620173011645983	0.01123434198545456	-1	
0.62454629210017631	0.36102146322176132	0.011813188747608528	-1	
0.56472957229945475	0.39797996408642411	0.013437603063124807	-1	
0.88071246010499871	0.45474288225391035	0.016864931455112076	-1	
0.91286260838271505	0.48656728179050784	0.01853304148567857	-1	
0.90356478210664326	0.47219424907798557	0.017794567625200989	-1	
0.92837333299059244	0.48653589549482862	0.018593447233864545	-1	
0.12338915529527078	0.11744838663244782	0.00072251637984984936	-1	
0.12387424221288933	0.10861853345840444	0.00071980054553442638	-1	
0.12738589136781583	0.087404732980379277	0.00071438870825230895	-1	
-0.082641206287866947	-0.65901866642545903	0.00059509122511902288	-1	
0.21009019897846359	-0.55424166683946385	0.00059063276929317409	-1	
0.13112587452083491	-0.68205495189773613	0.0005771255783257889	-1	
0.34770379110505112	-0.49395817294226169	0.00058881483380307748	-1	
0.39046206976488501	-0.18178741262149231	0.00064991076563620576	-1	
0.44324996963449714	-0.29014624337241907	0.00062161262068357887	-1	
0.38761436288042128	-0.11008600195870229	0.00066653978495284194	-1	
0.35983243924726238	-0.039894695902648436	0.00068233847847110638	-1	
0.3287676639558863	0.022899020056338468	0.00069435975990699158	-1	
0.52740948557032807	0.41694027147089835	0.014217361000744441	-1	
0.5	0.4517536952945313	0.01569849948367787	-1	
0.52285801543958543	0.44635502711842773	0.015582101121345881	-1	
0.5	0.4633581699024088	0.01624939918513749	-1	
0.57325755697688285	0.22934187608655909	0.005592720625181128	-1	
0.61849404721474388	0.26877867488031321	0.0074817053627383818	-1	
0.5	0.47496264451028647	0.016801000978089765	-1	
0.5	0.19645525392122395	0.0039939640782416857	-1	
0.5192737545066114	0.19874316644325407	0.0041224098227846326	-1	
0.55187408047125608	0.19843977893070758	0.0041393496545107647	-1	
0.5	0.17324630470546876	0.0029367231724586823	-1	
0.47190788865869587	0.16554565224361936	0.0025581386775744754	-1	
0.44014922068665363	0.13839551032623354	0.0013163894560844691	-1	
0.45755593259847005	0.14172866322463673	0.0014754301562412502	-1	
0.42854474607877602	0.125	0.00072411266427198893	-1	
0.41694027147089846	0.10322121290217298	0.00071688260307707044	-1	
0.36759149130729851	0.066890142495414015	0.00070397903531328146	-1	
0.4025003754658294	0.068111414346672977	0.00070720843538017405	-1	
0.12919087103632529	0.13359259529969683	0.00073334738506087953	-1	
0.13468647003143538	0.13080778428467826	0.00073131337017311518	-1	
0.13843288088183592	0.125	0.00071733460525462314	-1	
0.14423511818577472	0.11800191391576108	0.00071529375122615429	-1	
0.125	0.13133786562445066	0.00073022445093710148	-1	
0.13655344825161994	0.1068550006209793	0.00071608597934178018	-1	
0.12268844945970837	0.12908313594920451	0.00072886451673751884	-1	
0.12206801683616275	0.12591420313697915	0.00072688123846112766	-1	
0.12266270541804927	0.12266270541804927	0.00072479598916842791	-1	
0.49361904168293136	0.49428855938461197	0.017538874043995088	-1	
0.49465524053725085	0.498334827649422	0.01771275549286859	-1	
0.49362551725385012	0.49011172409895809	0.017359031686724643	-1	
0.49744216012229941	0.5048730218744506	0.017944523772777415	-1	
0.5	0.50791763747494301	0.018094942887711959	-1	
0.49706801683616281	0.5009142031369791	0.017882236156094331	-1	
0.5	0.48656711911816408	0.017345191703944527	-1	
0.50730098165483328	0.5109622530754353	0.018119678334296219	-1	
-3.2399608731124685	0.80471627176135607	0.0006648696910459144	-1	
-3.299309728929142	0.88304318550853522	0.00066495509575704016	-1	
-3.1684619741416555	0.73029763567306327	0.00066472671839190307	-1	
-3.1337624414446652	0.56301746751109027	0.00066366507528298104	-1	
-3.0714261877193998	0.48475661103938811	0.00066309345012399755	-1	
2.4955059255111229	0.9865385502701336	-0.017892382972038628	-1	
2.5	0.98266086911816419	-0.018003350683414281	-1	
2.5131912597982629	0.94388405759847016	-0.018171821640659138	-1	
2.5134997138711501	0.96485746987427179	-0.018006103920103024	-1	
2.5084101940876193	0.97756948859525372	-0.017940770004016771	-1	
2.4966196192896088	0.9923550719980877	-0.01785733469990362	-1	
2.4963830850199313	0.99638308501993156	-0.017817412048753554	-1	
2.4961538136991837	1.0038461863008161	-0.017676846818783037	-1	
2.4981715937260418	1	-0.017794791063559044	-1	
2.5075448726483081	1.0120698559772714	-0.017376703230226002	-1	
2.5	1.0094904804897138	-0.017447575394669033	-1	
2.5077521001653027	0.2272784343192408	-0.0052098417875000363	-1	
2.5755108489685004	0.2333291479649936	-0.0055462212551423452	-1	
2.6861286952945314	0.125	-0.00022022589952124514	-1	
2.426643222576677	0.31051818225667588	-0.00899771888085776	-1	
2.4751223273301761	0.28697062057276806	-0.0080807086314701147	-1	
2.3728206883048171	0.30786795661916794	-0.0083192979417203456	-1	
0.9699478940657571	-0.52299853713516042	0.00048661946537361278	-1	
0.7840319072675016	-0.45250400325202395	0.00053910742294129336	-1	
0.77486594240152984	0.051259400626245614	0.00070310037939679199	-1	
0.79137204242471537	0.2328256508564672	0.0059320524630640239	-1	
0.75665349756118505	0.1852628368330608	0.0036278308613831717	-1	
0.73586058009759103	0.125	0.00074389288755862979	-1	
0.79423313850380628	0.28794338548734527	0.0085870458202572594	-1	
0.79419074030597181	0.34015641390622386	0.011099432439767512	-1	
0.94822295822882419	0.45022002582288473	0.016867652099810178	-1	
0.92720963667208312	0.45370587319347716	0.016964316431911292	-1	
0.69326144493812247	-0.082161812265160894	0.00065668827669949448	-1	
0.6168624383575928	-0.35262855286705536	0.00058875752964947594	-1	
0.59380052291559804	-0.16956168980315273	0.00063936015746115116	-1	
1.7040659391358028	-0.72324988373331112	0.00027165720218827488	-1	
1.6064770317199129	-0.80394483547786999	0.00029590624652182544	-1	
1.0434340463739982	-0.71752180300228496	0.00044077578606784528	-1	
1.1630194434362837	-0.80768193428726587	0.00040402873740080645	-1	
1.4105898265736645	-0.89007285728778884	0.0003408872255682009	-1	
1.5318687316593103	-0.90346536422330659	0.00031155452595973759	-1	
1.2885760244185163	-0.88932176179762734	0.00036883764720533761	-1	
1.8413458381546588	-0.7744308773533356	0.0002348188649727806	-1	
2.0212439810073555	-0.81219142129694277	0.00019004582151966787	-1	
2.4384192979300798	-0.69759922079947578	7.9229611339369925e-005	-1	
2.5310710709103761	-0.55073527770370267	3.6695264479877283e-005	-1	
2.2814425475178233	-0.77183983399763589	0.00012363193487439098	-1	
2.2429261402535583	-0.9247792431279227	0.00014519870011456905	-1	
2.1126481482671116	-1.0136703073450155	0.00017877245346524908	-1	
2.6419368244391075	-0.41849182508608862	-1.2870198091893846e-005	-1	
2.7262484240242904	-0.091803295278602731	-0.00012476168198962141	-1	
2.7497840615937017	-0.22275314587404568	-8.4876168115997569e-005	-1	
2.7251340575984702	0.027907199622385304	-0.00017405564292833384	-1	
0.99313496317825189	0.48098573975857051	0.018545296476190846	-1	
0.98068653889143242	0.47958691596364728	0.018452220702444237	-1	
1.0020929014864741	0.48792343499655344	0.018880455175362722	-1	
0.96306581064614249	0.46808685973292413	0.017813334581326588	-1	
1.0057213242383432	0.49360979643293595	0.019114095094193154	-1	
1.0044077817615154	0.49758722370108771	0.019340539902967392	-1	
1	0.5	0.019565054341347476	-1	
0.99817159372604169	0.5	0.019559973406909015	-1	
0.990416231422103	0.5	0.019532634193078744	-1	
0.98266086911816419	0.5	0.019500207259726229	-1	
1.0009142031369791	0.49810643056601317	0.019442944826907185	-1	
0.94388405759847016	0.48561656055580332	0.018612873364753008	-1	
0.95939478220634777	0.49075916659251356	0.018934735636456489	-1	
0.97102782566225598	0.48756370942909777	0.018822166715531684	-1	
0.9787831879661949	0.49196824184132765	0.01907529223954655	-1	
2.3907490684847899	0.38845471110813456	-0.012017490367700738	-1	
2.3929599633583174	0.48607066797203985	-0.015788748366084574	-1	
2.4046501445102866	0.5	-0.016571428183263407	-1	
2.4051598492731454	0.45902176566949066	-0.015115128829230677	-1	
2.4121243588164596	0.43321199724077708	-0.01424826389452327	-1	
2.5233642583064695	0.93306097008241962	-0.01815822862747429	-1	
2.6862295414387005	0.61976226626473963	-0.018295199258738661	-1	
2.6114013122638084	0.60171487792200384	-0.018595054986372966	-1	
2.5215708325943877	0.56549900831254929	-0.01902289151644922	-1	
2.5538404271307198	0.58220140201385906	-0.018859746011532872	-1	
2.5	0.56387130470546865	-0.019139923413948726	-1	
2.4689542234011888	0.5475723529316171	-0.01829048392865593	-1	
2.4842702030970334	0.55611594240152984	-0.018707870004558629	-1	
2.4407185560893376	0.52172688717245619	-0.017528774444422499	-1	
2.4607614040659582	0.52180857929330382	-0.018060844987467461	-1	
2.4163403256622562	0.5	-0.016879232958041765	-1	
2.4324212422830893	0.51200412375012794	-0.017306556183826875	-1	
1	0.99817159372604169	0.018327853483919538	-1	
1	1	0.018278641252346853	-1	
0.99790772955649842	1.0037439248278974	0.018111143716847994	-1	
0.99810643056601323	1.0009142031369793	0.018201436212698398	-1	
6.079450714580223	0.75099435858740538	-0.00015257335426268644	-1	
3.375	0.14486624367592771	-0.00021858605772264125	-1	
3.3652047010964821	0.15083480080241779	-0.00025922579339540821	-1	
3.3402675870550667	0.13823184586009693	-0.00028382197787125074	-1	
3.3267536952945309	0.125	-0.00019100851244944453	-1	
3.2803357968630209	0.125	-0.00018658066970410789	-1	
3.2107089492157557	0.15183028938812695	-0.001041220905601749	-1	
3.2339178984315105	0.125	-0.00018574686775817508	-1	
3.0970524873856435	0.20822267523102414	-0.0036618783120877154	-1	
3.1367804076346326	0.16461023796824906	-0.001760793813945765	-1	
3.1012442470328456	0.16847958618354361	-0.0020048133574304583	-1	
3.1758955253921224	0.14500787969460541	-0.00090425526009454158	-1	
3.1528026804143199	0.14631156356344066	-0.0010026663137955396	-1	
3.3800804026771272	0.14035678432543536	-0.00021650283879118596	-1	
3.3882346785586499	0.1351684861809391	-0.00021463075081000585	-1	
3.3907914778431727	0.1266225138358445	-0.00021111637329415176	-1	
3.0259960535495987	0.38212684764726568	-0.011716642877854826	-1	
3.0244226351280621	0.41694027147089835	-0.013260157514301108	-1	
3	0.35891789843151045	-0.010870286457382678	-1	
3	0.3125	-0.0087519845323237346	-1	
3.0368915147273885	0.48695565414994318	-0.015498675864117987	-1	
3.032329356486402	0.46792666870114813	-0.015193250847865658	-1	
3.0240999681733536	0.44397774220245279	-0.014423303111635682	-1	
3.0306615985226841	0.49799671808022583	-0.015969143208635923	-1	
3.038163683841256	0.24287315235273432	-0.0054513943882988462	-1	
3.0592055692224891	0.20013787645389478	-0.0034802356727308549	-1	
3	0.26608210156848955	-0.0066334770890183817	-1	
2.9750067941480887	0.55704907091350875	-0.01768943025331747	-1	
3	0.55054225588183581	-0.017666116120438419	-1	
2.956013328317221	0.53954914987528402	-0.017700692817581517	-1	
2.9304565272064096	0.52762526950574118	-0.017732842205621054	-1	
2.8895965214708985	0.53967586643188836	-0.017802349303264752	-1	
3	0.5383637934798664	-0.017654085634749999	-1	
3.0106097914629126	0.52585160059464664	-0.017125210208464428	-1	
3.0195290550205218	0.5200960998769123	-0.016678861916429227	-1	
3.0204440562789112	0.50550130195456144	-0.016557673083650234	-1	
2.743761047171259	0.56862423779679594	-0.01813779443936895	-1	
2.8121727682671418	0.56037517952996263	-0.017959085677098745	-1	
2.8487865435577762	0.53276017249743424	-0.017877550518549699	-1	
2.5149503406130513	0.99629084337979179	-0.017624778916720197	-1	
2.5158380354910026	0.98633133378048155	-0.01775764464366706	-1	
2.5082087046225543	1.0034319500938222	-0.017554925190412077	-1	
3.4024819844829435	0.094538336312293136	-0.00020226288258781943	-1	
3.3920921107526425	0.11224177065591967	-0.00020592351788853655	-1	
3.4023780893314219	0.023823479012935848	-0.00018598988963325604	-1	
3.3785476397755123	0.072233636003137411	-0.00019373576850325325	-1	
3.4103967426790169	-0.21443042351343064	-0.00014002357269279558	-1	
3.4835870982424253	-0.34959865963815517	-0.00011916585975988728	-1	
3.6135897230479683	-0.44199003207268667	-0.00011012064993200159	-1	
3.3741304249703155	-0.093718036311002145	-0.0001612563576969977	-1	
3.3415016158910018	-0.14298227613743017	-0.00015021643687967702	-1	
3.3652540144094414	-0.0099195246699459588	-0.00017666215623992026	-1	
3.9590254571344494	-0.52146604099634064	-0.00011042154208375095	-1	
3.7997557222634426	-0.63463201554378157	-9.0786162373682216e-005	-1	
4.8262998638389849	-0.41299620019719124	-0.00012698602655645058	-1	
4.6786243163056627	-0.49224185739133874	-0.00012106097499259843	-1	
4.5367086124979137	-0.55596953179816755	-0.00011511415379566579	-1	
4.2981177631545764	-0.50967323124754449	-0.00011739494012377646	-1	
4.3953819405243202	-0.6323990503359741	-0.00010675548933735227	-1	
4.1867393144491096	-0.61974951404407874	-0.00010423388631493498	-1	
5.6348397828858863	0.12382725821464825	-0.00014596289406841633	-1	
5.5432339777950554	-0.019161012763673213	-0.00014204282474168472	-1	
5.9281112191891729	0.26662950918319739	-0.00014640853925611974	-1	
5.9721910939787231	0.46398154341329567	-0.00014996987296881539	-1	
5.8372182969081141	0.13175308468996419	-0.00014390968968024277	-1	
5.9875065069752109	0.59807405060980023	-0.00015201340653848435	-1	
5.4703274218161368	-0.17252953384607136	-0.00013655238859128769	-1	
5.2096300781298268	-0.29428987072052704	-0.00013255924716364283	-1	
5.4048850019899781	-0.32737634561102674	-0.00013003457990123785	-1	
5.0672180941053799	-0.41567629821494423	-0.00012624362408825729	-1	
4.9573211374337767	-0.50081060183872927	-0.00012097480075625361	-1	
6.9604063177076325	2.0679924637911862	-0.00013995136368372905	-1	
6.9872307068836603	1.8001396304251649	-0.00014336944219980758	-1	
6.9930513376932026	1.7105885969415078	-0.0001442881588303695	-1	
6.9183205719537115	1.6621191431666493	-0.00014475820393623298	-1	
6.8420290488631945	1.6245690645043667	-0.00014519013589823601	-1	
6.8054533739699155	1.4057408044519748	-0.00014686922636906923	-1	
6.5808373782840945	1.1487175321551817	-0.00014885650523788248	-1	
6.7483050115358045	1.1310564575512805	-0.00014800739768199467	-1	
6.8215573928244657	1.1884782506773839	-0.00014768737868341606	-1	
6.8465393916126311	1.316469693457645	-0.00014718459124706053	-1	
6.4155104516814863	0.96064566201542967	-0.00014996615564311612	-1	
6.8548142028656915	1.490716687351898	-0.00014620642531292021	-1	
6.9099707220145943	1.5734385065922643	-0.00014551980921126669	-1	
6.2801119058366428	0.90577266380561594	-0.0001511000028565497	-1	
6.2378279911998202	0.76593031431012781	-0.00015066424365444095	-1	
-3.470905710514856	1.083631214834035	0.00066486194516935391	-1	
-3.3888438375528569	1.0481183872599962	0.00066495344933988629	-1	
-3.37889855188789	0.96027487845794279	0.00066496638036886641	-1	
-2.2745673880978741	-0.093166786795027767	0.00065519275583610808	-1	
-2.1525561450967787	-0.28070958202049889	0.00064901415849841031	-1	
-1.6753013773875307	-0.33956621841285484	0.00064803507694348374	-1	
-1.759940253154413	-0.47512302184045457	0.00064070476061367585	-1	
-2.037888977512929	-0.39812760993060359	0.00064443416174405222	-1	
-1.9185544935782501	-0.53679616032304067	0.00063797158338929844	-1	
-2.4584698291204359	-0.092820150131845247	0.00065441982025127039	-1	
-2.5627399208885255	0.049821797317284526	0.00065774344714261647	-1	
-2.5905217575349342	0.24506475256180635	0.00066196495021547176	-1	
-2.80807881126022	0.21740879200913846	0.00066025344315335209	-1	
-2.9234278613932947	0.27857367746767064	0.0006609237172324362	-1	
-3.0511549598728553	0.38677882015911513	0.00066205285505976388	-1	
-1.4433150375172381	-0.46393236814119893	0.00064121600499762895	-1	
-1.5897587908100546	-0.4745545591250277	0.00064052530639576962	-1	
-1.2517093421317107	-0.7273372353959926	0.00062188746697354762	-1	
-1.5080858216271738	-0.58575518069318977	0.00063363187077390259	-1	
-1.4875970283811513	-0.72219660212969905	0.00062493907703717127	-1	
-0.53812376916850491	-0.71673081269640015	0.00060811228260864532	-1	
-0.31021288813852682	-0.72646477466316961	0.00059814328845439436	-1	
-0.42867553987489215	-0.82712958884797505	0.00059174811128451005	-1	
-0.7169127652121523	-0.83915942691786616	0.00060126433899649159	-1	
-0.81697341752225383	-0.94082165673522899	0.00059521706844867142	-1	
-1.0200548055811414	-0.79620178715376566	0.00061273252902583242	-1	
-0.1709266884487313	-0.77878314952301375	0.0005844715770530511	-1	
-1.1490812773415371	-0.80617051713541521	0.00061444943918628411	-1	
0.5134614497298664	0.50652630199706339	0.018126544554088967	-1	
0.52726337451531669	0.46942507911936332	0.016691676472672515	-1	
0.52298547126798389	0.48107623566345897	0.017233798154402222	-1	
0.52509449318577461	0.4910596722143169	0.017719098866415699	-1	
0.51733913088183581	0.5	0.018130663909473113	-1	
0.7473560947931327	0.31707572687215813	0.0099148126037424417	-1	
0.6833882579927153	0.2916913651197271	0.0086280712286963303	-1	
0.92059247605621386	0.47395245315459267	0.017940690784793361	-1	
0.93537610046032016	0.47337868905530717	0.017970619784646546	-1	
0.12591420313697915	0.12206801683616275	0.00072289993170893195	-1	
0.12849357862453628	0.11615931243068858	0.00072021769094782456	-1	
0.0082995726640132522	-0.81847895807382354	0.00056764231939178454	-1	
0.43556660556980015	-0.61115295639540435	0.00055945697231231698	-1	
0.37556598578046996	-0.74477337796034393	0.00054469594678764101	-1	
0.26074707654588836	-0.86349053087798333	0.00054000429843336023	-1	
0.49853897249719265	-0.45425222831350331	0.00058111400509544325	-1	
0.46140271660664139	-0.17098804452853972	0.00064878057927848104	-1	
0.43848768827526169	-0.054313611926680369	0.00067919238153674307	-1	
0.39721581467502998	0.019355234641346315	0.0006961597485494927	-1	
0.51254873572866577	0.46745842115242187	0.016533031236951261	-1	
0.60557917927086291	0.21017144551284306	0.0047265700197254316	-1	
0.66552914970629429	0.21696093049815121	0.0050833682316922951	-1	
0.50648884783791304	0.48076488181422522	0.017134033461108273	-1	
0.51403862367387765	0.47617002562488897	0.016962849712380105	-1	
0.51122210736710605	0.18108295311412123	0.0033045155052022473	-1	
0.52487855949215856	0.18016096211858978	0.003273035642743144	-1	
0.54542241238394418	0.17889417535236898	0.0032312248580349699	-1	
0.56805908709392994	0.1699954287751875	0.0028307212983469904	-1	
0.5	0.16164183009759114	0.0024074255426830555	-1	
0.51006904684893484	0.16744406740152995	0.0026791850426988611	-1	
0.48745126427133417	0.15754157884757825	0.0022108580925105001	-1	
0.47404007173557589	0.14819297199843992	0.0017777171612272645	-1	
0.4517536952945313	0.125	0.00072842949036764336	-1	
0.4633581699024088	0.125	0.00073042438643886921	-1	
0.47598415203412126	0.1336657286556511	0.0011238838833662237	-1	
0.44014922068665363	0.11160715796983521	0.00072259962592172849	-1	
0.43710427012640746	0.083724838877012736	0.00071465409394747535	-1	
0.43313801562423898	0.052742165035954421	0.00070622588478526794	-1	
0.1288461863008164	0.1288461863008164	0.00072734722739173743	-1	
0.13263064357789711	0.125	0.00071962192278943854	-1	
0.13521001906545427	0.1190912955945258	0.00071820969876125527	-1	
0.125	0.12682840627395833	0.000726936847648136	-1	
0.125	0.125	0.00072490369356267403	-1	
0.49758722370108793	0.49559221823848465	0.017723147990746903	-1	
0.5	0.49236935642210289	0.017632253471506265	-1	
0.49810643056601317	0.49908579686302085	0.017893327254281621	-1	
0.5	0.50182840627395831	0.018052058754003324	-1	
0.50384618630081635	0.50384618630081635	0.018083807663499662	-1	
0.5	0.5	0.018022160630150882	-1	
0.50663951004141916	0.48946823777013349	0.017562486810587526	-1	
-3.3368224951462029	0.78812656769828249	0.00066465615111957585	-1	
-3.2698612301281282	0.71110344809791481	0.00066438581650649553	-1	
-3.4483531013462354	0.90558067122214392	0.00066486946252933862	-1	
-3.4347497329571297	0.81687770785855407	0.00066470295366645286	-1	
-3.2078149581628281	0.63489549418813884	0.00066402911090952278	-1	
-3.1697619659690934	0.46630004309699935	0.00066275233135471956	-1	
-3.2344300602581222	0.54029618951646785	0.00066332549552517448	-1	
2.5	0.990416231422103	-0.017921838370267219	-1	
2.5043840976043366	0.9865385502701336	-0.017896585052888273	-1	
2.5	0.9942939125740724	-0.017871218636865926	-1	
2.5	0.99817159372604169	-0.017808589948880005	-1	
2.5	1.0018284062739584	-0.017665986130443952	-1	
2.5	1	-0.017756949556363151	-1	
2.5028030489968756	1.005659443381836	-0.017540648720000517	-1	
2.5287849817660564	0.2919736974114211	-0.0084679724293958321	-1	
2.5703961715749495	0.30813776993301822	-0.0092572984752066351	-1	
2.6671028582676852	0.24001436872916879	-0.0058179053860005657	-1	
2.6369807316071574	0.30706235641248913	-0.009109705859641699	-1	
2.7251340575984702	0.19490167571305331	-0.0035784229071908463	-1	
2.764139419902409	0.125	-0.00022589805478230576	-1	
2.4712667741207452	0.34072790815694054	-0.010732402678774016	-1	
2.4333734996793153	0.36398398685640992	-0.011580702610556834	-1	
0.90352967934961337	-0.65923199330751925	0.00047834839248837364	-1	
0.65157917928498976	-0.48436051771709737	0.00055468718597085818	-1	
0.75567859194237519	-0.62590048000189435	0.00051130858578906995	-1	
0.69685521779365223	0.080813099728319959	0.00072377177290855531	-1	
0.64211086946700813	0.0076874576430856619	0.00069566102321044862	-1	
0.73370310148192608	0.24473748890956379	0.0064504807901450672	-1	
0.6952360594772079	0.16817912473595573	0.0027911394321076186	-1	
0.65784985548971342	0.125	0.00074600178454757506	-1	
0.95028080924268121	0.47335656123888853	0.018028371623190268	-1	
0.60010951465354667	-0.037306594527102416	0.00068061648009930232	-1	
0.508860626332305	-0.061966172636407364	0.00067614006011351853	-1	
1.7209970601763818	-0.85798586775902996	0.00026630426351710053	-1	
1.0866138962174003	-0.93649074150964651	0.00040744835852108135	-1	
0.8816519598183522	-0.84815898000172696	0.00045660425796706968	-1	
1.4604938767161866	-1.0053298043462082	0.00032388815967389177	-1	
1.3339187799123904	-1.080388392116719	0.00034692159623001039	-1	
1.59336004629136	-1.0224892423042971	0.00029425126066538412	-1	
1.7117228822085935	-0.98255811711095487	0.00026793355477545955	-1	
1.1871149173498914	-1.0702064146209278	0.00037686875990174026	-1	
1.8927540536913328	-0.97692684111338446	0.00022624129619987357	-1	
2.5951503571298398	-0.77390970914458357	5.6877568876315782e-005	-1	
2.5074338702321728	-0.9100734141514587	8.9620389706562714e-005	-1	
2.6808395963715586	-0.63646120637702586	2.0385996181068746e-005	-1	
2.3796684596215516	-0.99815832142425165	0.00012293632182664352	-1	
2.2768259777190263	-1.1143752520061847	0.00015143345430271792	-1	
2.0845328373997676	-1.153061547458285	0.00019104853948273727	-1	
1.9453025762934213	-1.1241595939301732	0.00021847713391733714	-1	
2.7757528530661939	-0.43642233378472051	-3.4413842230814819e-005	-1	
2.8169334292330657	-0.013649125637726342	-0.00016576617177112345	-1	
2.8410056357392124	-0.12590060838956585	-0.00012733555404667896	-1	
2.8419203619759186	-0.318735913903757	-7.3217233434855688e-005	-1	
2.8146372561432358	0.08210690094891597	-0.00020680494872906216	-1	
0.99656238042169065	0.49178523442213806	0.019113271328070169	-1	
0.98783685593454562	0.49237305832383771	0.019128557923945837	-1	
0.96259706495397934	0.47964431601324048	0.018392256072417342	-1	
1.0016651723505781	0.49465524053725091	0.019245583992880726	-1	
0.9990857968630209	0.49706801683616281	0.019397065926510953	-1	
0.9942939125740724	0.49718240721857776	0.01939668824175695	-1	
2.4337742218285867	0.4131317019794945	-0.013799299873876129	-1	
2.4104952350862714	0.48125393966977631	-0.01605650765533647	-1	
2.421063075337615	0.45840620067087495	-0.015450578528294755	-1	
2.4221854162382406	0.474281712329651	-0.016091142393788324	-1	
2.4424547149255771	0.44135551932969114	-0.015225384416519551	-1	
2.6723048589892469	0.57718000300558558	-0.018362535923244414	-1	
2.5751315352141368	0.55294465635095202	-0.018758013785052867	-1	
2.6104034785291015	0.52971937839523642	-0.018600800148299273	-1	
2.6569356523527343	0.53509754332278914	-0.018420040478819427	-1	
2.5367822863088101	0.55011843895567625	-0.01893945052806232	-1	
2.5143918313585352	0.54509282838824136	-0.019052343792888806	-1	
2.5	0.54836058009759103	-0.019133278194533108	-1	
2.4870370465061304	0.53494345424212075	-0.018771600102597177	-1	
2.4766548644233444	0.52690407527231353	-0.01848686057073793	-1	
2.4451007155676594	0.51038903793451462	-0.017641184632420343	-1	
2.457255959694149	0.51040272227485306	-0.017962702537307834	-1	
2.4767343520953911	0.51696801190373598	-0.018481375757304658	-1	
2.4708377033054303	0.50904801081264395	-0.018320316996344232	-1	
2.422185416238241	0.48789318871717974	-0.016594551116082983	-1	
2.4280305068142254	0.5	-0.017187572483119969	-1	
2.4397206879661946	0.5	-0.017495784554089119	-1	
6.1224706073129367	0.5978417113623008	-0.00015023424358426429	-1	
3.375	0.13584732497494301	-0.00021413440095361975	-1	
3.3698718978450146	0.14035678432543536	-0.00022572842990463632	-1	
3.3557648818142258	0.13285506810077535	-0.00022711343045204245	-1	
3.349962644510287	0.125	-0.00019543109872867176	-1	
3.3416418203860192	0.11219664514817117	-0.00019317562168991138	-1	
3.3136666420806868	0.094724125284856645	-0.00018791072802729408	-1	
3.2638851485366809	0.082410673780285271	-0.00018338572004726378	-1	
3.1874999999999996	0.125	-0.0001879548864492347	-1	
3.2098832418403291	0.098677336220824655	-0.00018461941244049199	-1	
3.0748498015982615	0.17652419057415186	-0.0024117440589713386	-1	
3.1285716694551997	0.14421089274227519	-0.00096148435688339163	-1	
3.1066164159862941	0.14542888833465525	-0.001044535307937062	-1	
3.0830597285291015	0.1477261359550246	-0.0011680723899759153	-1	
3.1642910507842448	0.125	-0.00019037659414815333	-1	
3.1410821015684895	0.125	-0.00019334637624049617	-1	
3.3794547335796152	0.13359259529969683	-0.00021305407354450622	-1	
3.3823876723906441	0.12843176704060377	-0.00021062920314162623	-1	
3.3846019037381381	0.11539809626186125	-0.00020545169504657162	-1	
3.3828486532333448	0.1233348276494219	-0.00020819236467288502	-1	
3	0.40533579686302079	-0.013007516694928247	-1	
3	0.42854474607877602	-0.014088332968885318	-1	
2.9738027062024961	0.38212684764726568	-0.012066016429759361	-1	
2.9560591221519488	0.33570894921575523	-0.0099685368642456283	-1	
2.9565228393181737	0.26994922826049889	-0.0069183494893520076	-1	
3.0185925204996513	0.48186276973764186	-0.01615616869352357	-1	
3.0189408115071048	0.49316555876121676	-0.01645831679325439	-1	
3.0128033548518287	0.46664182038601904	-0.015675831678174327	-1	
3	0.4517536952945313	-0.015167859092536989	-1	
3.0216399364390996	0.2013751058948037	-0.0036421529293335525	-1	
3	0.21966420313697915	-0.0045227375144327045	-1	
3.047356219060636	0.16970868716639742	-0.0021774978875685963	-1	
3.0321616190558758	0.1818357612936656	-0.0027451537612481576	-1	
2.9706392354760642	0.22864613480106308	-0.0049863642693928944	-1	
2.9868231658093065	0.53408448205639236	-0.017659044147212064	-1	
2.9693075099030568	0.52126304080655783	-0.017668426693605264	-1	
2.9565586591156854	0.51694782993084765	-0.017685720431242013	-1	
2.9051072460787761	0.5	-0.01776178839133213	-1	
2.9361286952945314	0.5	-0.017710442371677997	-1	
2.8740857968630209	0.5	-0.017816076382185523	-1	
3	0.526185331077897	-0.017636681389174819	-1	
3.0128546686609479	0.51547665108692953	-0.016983485208838182	-1	
3	0.5140068686759276	-0.017609905996791689	-1	
3.0115846232544135	0.50745956152366045	-0.017007415872545471	-1	
3.012041659732275	0.50207725955870741	-0.016937506643982941	-1	
2.7031266103022067	0.54466592033988404	-0.018261899604170607	-1	
2.75	0.5	-0.018105556907526934	-1	
2.8120428984315105	0.5	-0.017945825570840936	-1	
2.5094471517287458	0.99402135578255757	-0.017723301614804867	-1	
2.5053447594627491	0.99833482764942216	-0.017696623936596247	-1	
2.5029319831638372	1.0009142031369791	-0.017668209434371935	-1	
3.3838715712295824	0.10319937448504177	-0.00020154762375941703	-1	
3.3503078304533638	0.037969919067759442	-0.00018411512497381138	-1	
3.3413908312876575	0.081466772455766931	-0.00018992629760597048	-1	
3.3653286760244141	0.10073767436973531	-0.00019701961373927188	-1	
3.3131031479540285	-0.19480053089811089	-0.00013894206560560095	-1	
3.3465440501300643	-0.27998197220877075	-0.00012464323352532309	-1	
3.3610194436664109	-0.42118214148438721	-0.00010017705288462767	-1	
3.5370926186892766	-0.58193659752322802	-8.5105233057084e-005	-1	
3.6532056342211106	-0.68414190696283761	-7.7244705533961069e-005	-1	
3.3111937631193489	-0.092257148557679552	-0.00015840176815260049	-1	
3.3192000404819506	-0.029814718105592192	-0.00017027484881164544	-1	
3.2546631112892581	-0.1736486010161048	-0.00014019752859238243	-1	
3.2532514614999375	-0.11151447779878335	-0.00015220800685213244	-1	
3.9613041556668946	-0.69333413924292364	-8.9970690962937983e-005	-1	
3.7761262106316895	-0.77804978495203048	-7.2030764844399796e-005	-1	
4.8188297283993622	-0.57629618253945092	-0.00011533251550280006	-1	
4.6465643186916044	-0.64447010715312936	-0.00010891824000970978	-1	
4.5182152808167313	-0.69582168481986251	-0.00010306685791809444	-1	
4.269961034609449	-0.79961553440214861	-8.8427283843359636e-005	-1	
4.4730277408198358	-0.82646833147142074	-9.1162709751978698e-005	-1	
4.0608605052303632	-0.83344969485148324	-7.8331675304129327e-005	-1	
5.7065837256146619	-0.065573608586145388	-0.00013895976629102553	-1	
5.8288479118392775	-0.0046103511756237572	-0.00014004168471983599	-1	
5.9994921009573181	0.12078104184143358	-0.00014232979808840427	-1	
6.14278333342686	0.28957608964945758	-0.00014495820590982686	-1	
6.1719185759106878	0.48870824259496298	-0.0001481281431436834	-1	
5.7255043361542821	-0.21880429393848785	-0.00013346520097516379	-1	
5.5728710722682608	-0.33377365902640482	-0.00012942410045260796	-1	
5.2630325012210362	-0.41758783851560138	-0.00012586619109192525	-1	
5.4435231532949659	-0.54476595384734261	-0.00011996132410367125	-1	
5.5726534012489086	-0.47878445688921684	-0.00012332375460327513	-1	
5.1318355724983862	-0.53876070919097552	-0.00011910551210449659	-1	
4.9953088054119945	-0.6538951547878733	-0.00011144151313832631	-1	
6.9973082009592469	1.620949618499391	-0.00014509708455407019	-1	
6.9036147805026546	1.4010792198057294	-0.00014668349581652772	-1	
6.6745299377959793	1.0087924592225372	-0.00014831192912895475	-1	
6.5582649838011529	0.91346492419355707	-0.0001487574770004725	-1	
6.8746173969933064	1.0497943614790486	-0.00014773888880595891	-1	
6.8117789786788272	0.96937231755123032	-0.00014781690380798255	-1	
6.8984184913104478	1.1359849632036065	-0.00014762049077264732	-1	
6.9076262435023503	1.2239088396262638	-0.00014741506116654264	-1	
6.9872307068836736	1.2623603695748304	-0.00014721516884818545	-1	
6.9930513376932186	1.3519114030584878	-0.00014683966942887326	-1	
6.3519491032485735	0.7785593421076441	-0.00014960406202922942	-1	
6.4667020756867499	0.77470241652403193	-0.00014866796730024625	-1	
6.997308200959262	1.4415503815006048	-0.00014636041716778141	-1	
7	1.53125	-0.00014577310277885298	-1	
6.3129184294709315	0.67057912603628322	-0.00014902728830057355	-1	
6.2341664155204191	0.59108217515377781	-0.00014891990086454834	-1	
-3.4604063177076325	0.99450753620881394	0.00066492913440507082	-1	
-2.3738830439490597	-0.24794607634592969	0.00064987304524573384	-1	
-2.1921873923369151	-0.45405212854995269	0.00064242861595978655	-1	
-2.3666073411162136	-0.41946953664374259	0.00064415740818625001	-1	
-1.6455375909776184	-0.60111541908086508	0.00063346002528461671	-1	
-1.8626868316824747	-0.65968313837911619	0.00063168345657074016	-1	
-2.0486334002876725	-0.52805630001901316	0.0006388629419388646	-1	
-1.9971562863749488	-0.64783532102047614	0.00063329006719224992	-1	
-2.6299018467859492	-0.13559912310382399	0.00065306177045138859	-1	
-2.606004476189725	-0.29472668143522252	0.00064874826095825825	-1	
-2.7538063423896775	0.098660968018742981	0.00065820123644791373	-1	
-2.7792215578998811	-0.075630064291985322	0.00065447863166574966	-1	
-2.8940114359399196	0.11911265477366099	0.00065836223537231431	-1	
-3.0274962044155611	0.16662640366340634	0.0006591053148461318	-1	
-3.0726792181925031	0.24561241800747383	0.00066024717485992904	-1	
-3.1930593867418553	0.37082951209793713	0.00066177709013688201	-1	
-1.3590856102003883	-0.90174333838411902	0.00061158169977468897	-1	
-1.1859567515058258	-0.93021649811642959	0.00060601146850392256	-1	
-1.6006765712876496	-0.83471094678256386	0.00061963109469978322	-1	
-1.7234426540563095	-0.71539458151916491	0.00062770354144908507	-1	
-0.579370316853698	-0.86531189970759614	0.00059403153935849772	-1	
-0.28178508432335281	-0.87802161906031806	0.00057886186861127076	-1	
-0.40148312112610279	-0.95935497835970951	0.00057645584613279406	-1	
-0.53294892661199045	-0.99000988427843883	0.00057966775550905003	-1	
-0.65289313941529792	-0.96367193410604524	0.00058731481132761969	-1	
-0.87924911474881595	-1.0702535145134662	0.00058652766223113808	-1	
-0.71525454191278692	-1.0694611456676917	0.0005803218970936696	-1	
-0.97322524101019192	-0.94533942304017482	0.00059943177231075136	-1	
-0.11398352746789496	-0.89015624579711738	0.00056734574011975956	-1	
0.509583768577897	0.5	0.018102768112214576	-1	
0.51356436307678011	0.48499538088459598	0.017387933511736144	-1	
0.5134614497298664	0.49323852634751703	0.017790032685428728	-1	
0.12972952492592771	0.12248690299876086	0.00072094321931547879	-1	
0.12682840627395833	0.125	0.00072296667340886645	-1	
0.14716495704366855	-0.98339151687923665	0.00053556582075110402	-1	
-0.067219743597362047	-1.0061719286778397	0.00055047704565131601	-1	
0.58170889097293632	-0.60130796520982044	0.00054278424147391794	-1	
0.51465621898184033	-0.79628012905896683	0.00052057102696494292	-1	
0.49467252824618668	-0.93817544054581625	0.00050382815382860448	-1	
0.36251626052569574	-0.99356811352300867	0.00051250665760558048	-1	
0.48934638934678643	0.0060787143946512412	0.00069607273633127173	-1	
0.44600945194859576	0.02428195807842505	0.00069956933937784477	-1	
0.59665126939778601	0.15344126134310573	0.0020721433661918301	-1	
0.63834717433774402	0.1630978051094556	0.0025358811496227801	-1	
0.51992116500068419	0.16128067303630908	0.0024031825901838009	-1	
0.53506888314698164	0.16110487877578217	0.0024035848883338161	-1	
0.5499761018303595	0.14752286773901527	0.001782697025921189	-1	
0.56595297159163738	0.14122783184638588	0.0014950978526271305	-1	
0.5	0.15003735548971353	0.0018782500334436954	-1	
0.51079485604353758	0.15354114995699761	0.0020435212116091247	-1	
0.49351115216208691	0.14423511818577472	0.001610492833803817	-1	
0.48389621229588831	0.13734508093136341	0.001292758663542448	-1	
0.45755593259847005	0.11492957109719511	0.00072631708997558837	-1	
0.47496264451028647	0.125	0.00073240536139780989	-1	
0.46916040720634766	0.11428485015539894	0.00072790238011230437	-1	
0.48076488181422522	0.125	0.00073330988741798233	-1	
0.484282085994303	0.13096709515940078	0.0010040806199432732	-1	
0.46232431272654861	0.095998587006878536	0.00072127537778721835	-1	
0.46012497148314896	0.068469894261326478	0.00071282600820709858	-1	
0.5	0.49817159372604175	0.01792410857323911	-1	
0.50384618630081635	0.49615381369918365	0.017871744805613082	-1	
0.50182840627395831	0.5	0.018052337811875346	-1	
-3.4196003562581065	0.72842566589996971	0.00066441644695661791	-1	
-3.4029095858960638	0.64025148869522552	0.00066400500405169741	-1	
-3.3040386023912891	0.61493547426577677	0.00066383539786561295	-1	
-3.2652303987039013	0.44299402552501865	0.00066253427524279502	-1	
-3.3649246688390297	0.46484407055969523	0.00066282161069811422	-1	
-3.3846825060413401	0.55238203495286053	0.00066347596658993631	-1	
2.5037323323790242	0.9923550719980877	-0.017830623093785913	-1	
2.5021035301656602	0.9962327531500571	-0.01779484279898284	-1	
2.501893569433987	0.9990857968630209	-0.017738818164482788	-1	
2.5146735860853879	0.35035049198019846	-0.011366181274991347	-1	
2.5503528545596303	0.34802553498470534	-0.011270566922788307	-1	
2.5884889549381431	0.34894732209875151	-0.011244898950486099	-1	
2.7349403663138969	0.26831362082203747	-0.0070868526063750823	-1	
2.7080512263326528	0.38092735167168745	-0.01253626582284551	-1	
2.6208877563853918	0.36908508533962187	-0.012161986241630875	-1	
2.797621638575412	0.22886066804300467	-0.0051554827189410771	-1	
2.8336886497225615	0.17460610491676401	-0.0025709427262048056	-1	
2.8421501445102866	0.125	-0.00022759850434219097	-1	
2.493552120427454	0.37920009011169231	-0.012764534951908081	-1	
2.4618657187411279	0.40403210707439863	-0.013780274686115892	-1	
0.65109362415073324	-0.73810906364387874	0.0005104189367566151	-1	
0.63834717433774402	0.087934145651671722	0.00072893182087412696	-1	
0.58917135003139065	0.023265140560795657	0.00070291126243802375	-1	
0.59340583923173373	0.071574204055423862	0.00072192303346320895	-1	
0.61884449318577461	0.125	0.00074554276241990225	-1	
0.54870264389292689	-0.0034552699524151922	0.00069364136510352331	-1	
0.94561547275047309	-0.98169941960067042	0.00042977377096805187	-1	
0.97122931737208285	-1.1275360095175935	0.00041177839316878688	-1	
0.62962359678309754	-0.88999000272364592	0.00049211072672842139	-1	
0.77543650154527577	-0.98836011922512912	0.00045749674340305775	-1	
1.4582931047261676	-1.2185719225701968	0.00031655230087769895	-1	
1.5736596670734064	-1.1534792823146813	0.00029536034069285478	-1	
1.2724342191367595	-1.2140846729745709	0.00035168474264152076	-1	
1.6975771196861196	-1.1066715857122076	0.00027023911625061203	-1	
1.8046108286777456	-1.0560078303248281	0.00024716040855860016	-1	
1.1083386724192168	-1.2177687394836743	0.00038103302868946272	-1	
2.7319602160365153	-0.86061495201260951	4.4243449575973952e-005	-1	
2.6281005796737906	-1.0657280802418716	8.4441660563128299e-005	-1	
2.4482187407992795	-1.1459238026110241	0.00012247358056261142	-1	
2.8742780401948647	-0.52873170579524464	-3.1394751281183651e-005	-1	
2.8250156572411265	-0.66780967091788335	9.150095962859938e-007	-1	
2.3202700217040855	-1.2642450414629269	0.00015267214974733746	-1	
2.1643655181944754	-1.2707353831339052	0.00018073551834063152	-1	
1.9425380839500845	-1.280464386920521	0.00022249701059055051	-1	
1.8105558858995863	-1.2069606555027717	0.00024706821917159296	-1	
2.9555635262088806	-0.40871579809904518	-6.6435448262169229e-005	-1	
2.8820084531723746	0.056634089270376678	-0.0001969913837805234	-1	
2.9104277164879671	-0.034465160063577582	-0.00016337116821303637	-1	
2.9507659473897569	-0.15955384734863801	-0.0001271004495337402	-1	
3.0690402597040278	-0.29740971271003114	-0.00010261093179711957	-1	
2.8616528256622562	0.10176175264782376	-0.00021650198806662084	-1	
2.4350563183227782	0.46598780144401891	-0.016070183086444485	-1	
2.4338755973902098	0.48125393966977703	-0.016642494957013341	-1	
2.4503672093136433	0.46582750386325444	-0.016429314755701866	-1	
2.4671074298061879	0.44577355693681081	-0.015887454512741466	-1	
2.5793820293133463	0.51701136050828866	-0.018726099057761608	-1	
2.5568476946301515	0.5217201527727815	-0.018829233618296311	-1	
2.5948927539212239	0.5	-0.018649669107290968	-1	
2.6259142031369791	0.5	-0.018523321729233867	-1	
2.6879571015684895	0.5	-0.018295843498457223	-1	
2.5347053060368157	0.52727089707825681	-0.018936641434746576	-1	
2.5220879444790372	0.53250025700972969	-0.019003319591669135	-1	
2.5131455355297172	0.53038739545365743	-0.019047757207247322	-1	
2.5	0.53284985548971342	-0.019122388688844236	-1	
2.4915348174701104	0.52260686738124695	-0.018881476682120923	-1	
2.4864555567986857	0.51491135134082355	-0.018737103435886318	-1	
2.4514108691181642	0.5	-0.017804340779301351	-1	
2.4631010502701338	0.5	-0.018112086561553678	-1	
2.4806363219980874	0.50782983350578115	-0.018576482061073783	-1	
2.474791231422103	0.5	-0.018418993379354973	-1	
2.4455657785421794	0.48789318871717935	-0.017187389097644223	-1	
3.3708091289636744	0.13359259529969683	-0.00021492428148954146	-1	
3.375	0.13133786562445066	-0.00021156407362361631	-1	
3.3653135299685655	0.13080778428467774	-0.00021305065454109692	-1	
3.3615671191181642	0.125	-0.00019874919525228395	-1	
3.3557648818142258	0.11800191391576081	-0.00019677957721462308	-1	
3.3062696019691122	0.043637684125336647	-0.00018141471542694782	-1	
3.2205073084483056	0.068168569740731252	-0.00018140515935295977	-1	
3.2407922841345624	0.043025471585659801	-0.00017832434515988591	-1	
3.1758955253921224	0.104900460384013	-0.00018719711047287578	-1	
3.188387125003036	0.071625365781841227	-0.00018255991979717123	-1	
3.0582251868547234	0.1535901470562008	-0.0014527881771004684	-1	
3.1178731523527343	0.125	-0.00019676123638511761	-1	
3.0946642031369791	0.125	-0.00020051648202652842	-1	
3.0714552539212239	0.125	-0.00020440176798317984	-1	
3.1526865761763672	0.10490045902192199	-0.00018932542306033233	-1	
3.1294776269606119	0.10489305937275657	-0.00019188204319512951	-1	
3.3773115505402913	0.12908313594920451	-0.00021020983912561854	-1	
3.3779319831638368	0.1259142031369791	-0.00020823619884377331	-1	
3.3733421012101128	0.10940199164801498	-0.00020064855032809933	-1	
3.3766651723505783	0.11715134676665534	-0.00020377160097046593	-1	
3.3773372945819502	0.12266270541804943	-0.00020615712910030989	-1	
2.9702000616615556	0.41694027147089835	-0.013708964078752292	-1	
2.9778638235486317	0.45175586455548	-0.015318362017316562	-1	
2.9201121472227416	0.4034044258623683	-0.013205314881298941	-1	
2.9056666044339661	0.27003582636796686	-0.0069924765563918615	-1	
2.864288504588993	0.34888613013537662	-0.010744756134789642	-1	
2.9377243483286715	0.23055589244943811	-0.0051175474300921998	-1	
3.0069980860842391	0.48076488181422522	-0.016446649257310767	-1	
3.0124551338664274	0.49136049744755433	-0.01671068489235324	-1	
3	0.47496264451028647	-0.016277209369165647	-1	
2.9874512642713342	0.46745842115242148	-0.0160143469584536	-1	
3	0.19645525392122395	-0.0034653573888111491	-1	
3.0126527632056996	0.1810841593963512	-0.0027454177121063058	-1	
2.9728929736855862	0.19802505947815477	-0.0035758123641413263	-1	
3.0292916196404569	0.16252453488645649	-0.0018868054008862691	-1	
3.0186045105128478	0.16778708982809434	-0.0021372724673288605	-1	
2.9547926459808189	0.20234755705971996	-0.0037931984115413182	-1	
2.9931753866391344	0.5200960998769123	-0.0176313012873252	-1	
2.9825054123713155	0.51862303858329473	-0.017644762383412893	-1	
2.9749055068142254	0.50902307871989061	-0.017647466817691113	-1	
2.9671501445102866	0.5	-0.017656658337637719	-1	
2.9206179706866537	0.48619264589911049	-0.017087295441838755	-1	
2.8907215064090788	0.46822374180775062	-0.016296573128894206	-1	
2.9408282196306605	0.48142070261046555	-0.016824247139607576	-1	
2.9599508472177236	0.48268598306994281	-0.01684572950668228	-1	
2.8640654338024572	0.44645346455354074	-0.015322946804374743	-1	
3.0068346984467014	0.51003177284956547	-0.017255778110646477	-1	
2.9926990183451663	0.5109622530754353	-0.017611788737179539	-1	
3	0.50791763747494301	-0.017588193206096236	-1	
3.0064492505645593	0.50578444835723491	-0.017251058265993414	-1	
3.0081993090159926	0.49657683866025221	-0.017030283033370754	-1	
3.0053447594627491	0.50166517235057784	-0.017265904618229511	-1	
2.6995361652284289	0.45851734422267365	-0.01627633852230171	-1	
2.7415739230843554	0.43604296108691371	-0.015089108081274933	-1	
2.8301465990729695	0.39964009616533375	-0.013180771632176694	-1	
3.3669976331428111	0.11242099407102074	-0.00019933907509425041	-1	
3.2606006736086521	-0.24855096977156751	-0.00012570656527724413	-1	
3.2284038275986098	-0.37058448149449752	-0.00010002460937063173	-1	
3.3781038905062748	-0.62892549562037381	-6.7257423874202919e-005	-1	
3.213574587847857	-0.60854214946800678	-5.6688645919018287e-005	-1	
3.4978056357127723	-0.74362887145627188	-5.9553193608278075e-005	-1	
3.6143797586301027	-0.8623652700334975	-5.2439092454294062e-005	-1	
3.2633831052371782	-0.051302312569182149	-0.00016383658883181471	-1	
3.2738652005715569	0.0075820881949575083	-0.00017429196386791504	-1	
3.1855370271394214	-0.25187790082258643	-0.00012067926563895671	-1	
3.197951268763894	-0.14822402746036267	-0.00014269365030633688	-1	
3.1998685888094101	-0.08187626007635404	-0.00015616668638191358	-1	
3.9096616971409914	-0.83545435136200352	-7.1681546238608552e-005	-1	
3.7863967909778973	-0.92303780370304611	-5.585567670171061e-005	-1	
4.7754952388470606	-0.73391854507633869	-0.00010377302305224571	-1	
4.6385810432368277	-0.81059127986151358	-9.5964675464790158e-005	-1	
4.1569225544655746	-0.96240356219491419	-6.9481701797535715e-005	-1	
4.314853454915025	-0.99265001470295622	-7.2607083657688705e-005	-1	
4.4618381115129075	-1.0556194797538083	-7.2414253614644993e-005	-1	
4.6142585492964985	-1.0072701989954911	-8.0612854949812341e-005	-1	
3.9884757144922687	-1.0769103684013961	-5.1020699173677934e-005	-1	
5.879875381458648	-0.21611862672566101	-0.00013325433886315525	-1	
5.9347281325537864	-0.090949385503763774	-0.00013697084939576088	-1	
6.0450682365572943	-0.0089299519155139617	-0.00013883066554259849	-1	
6.2208972734528123	0.1227546323242357	-0.00014124178214804431	-1	
6.3494227067880065	0.29943442731188652	-0.00014402478252277499	-1	
6.2799324328360413	0.43686017304801822	-0.00014648369617067681	-1	
5.760657771735378	-0.36914347181167684	-0.00012802759884302209	-1	
5.2974745453901022	-0.56037268160359277	-0.00011859138115973159	-1	
5.5015604791326504	-0.67811955390267564	-0.00011420611431391422	-1	
5.2939816064632677	-0.7072112501060801	-0.0001109832681912514	-1	
5.6890874731224299	-0.56522105668602585	-0.00012030617215165583	-1	
5.1389324486379353	-0.71255564400318605	-0.00010928141725004666	-1	
4.8496176617976712	-0.8722300472551725	-9.5466987852266686e-005	-1	
4.9995271133384103	-0.9163417978881313	-9.5269141626709979e-005	-1	
6.7538061551140496	0.89002155301909947	-0.00014780342234003388	-1	
6.665716177774784	0.80830257648411474	-0.00014782251934216366	-1	
6.960406317707645	0.99450753620880838	-0.00014767755180182434	-1	
6.9709057105148684	1.0836312148340297	-0.00014764080539048604	-1	
6.948353101346247	0.90558067122213826	-0.00014760887658593825	-1	
6.8509425549115717	0.87512484404421576	-0.00014760927769715581	-1	
6.979848081551161	1.1729245591619324	-0.00014748842540875782	-1	
6.4311280092327099	0.64306697821890035	-0.00014789002378746318	-1	
6.6495447801769529	0.68923821937716889	-0.00014721836246671253	-1	
6.5531685824193175	0.58224345219364648	-0.00014675123658392113	-1	
6.3390400876822204	0.55205452100730878	-0.00014757942577831766	-1	
-2.5382814770149684	-0.41836303419770005	0.00064492622361709921	-1	
-2.314554621174481	-0.58306583131729217	0.00063818606287467411	-1	
-2.1324192451111696	-0.63327959935614753	0.00063493879552238997	-1	
-2.5339293501092093	-0.59617232419039523	0.00063940485260611689	-1	
-1.8595258693877361	-0.79463651306395433	0.00062509100681144597	-1	
-2.0165304874644607	-0.78249257990906762	0.00062742346159115939	-1	
-2.7404953288631209	-0.25248259440739274	0.00065029296763495308	-1	
-2.6809868279032725	-0.41410004225386482	0.00064581150259257383	-1	
-2.8737761710125316	-0.030298472673175415	0.00065552582670257869	-1	
-2.8582833153427352	-0.19402917391903257	0.00065203697607526959	-1	
-2.9115647570514795	-0.12811233071361183	0.00065361851384836307	-1	
-3.0288666170392786	0.075640596170318153	0.00065766363242049538	-1	
-3.1184692917891002	0.16457882713125643	0.0006591843948073351	-1	
-3.220445165902285	0.27251170564575011	0.00066071169452345591	-1	
-3.3208412605563336	0.29086916037152033	0.00066113372079091215	-1	
-3.3436420927177424	0.3776642604276832	0.00066204504878262876	-1	
-1.519775113573111	-0.97219336353564889	0.00061020316278840539	-1	
-1.3624536662117237	-1.0771656252712987	0.00060032637973183884	-1	
-1.1249208284191623	-1.0685918145275888	0.00059451876630874925	-1	
-1.7079070206828626	-0.9528129852878614	0.00061477005424791459	-1	
-0.19853623229427436	-0.98233721054968093	0.00056224295444030838	-1	
-0.30651110990664937	-1.0607817119282206	0.00056064529508408783	-1	
-0.44279480079150579	-1.0878708388290015	0.00056582622080400189	-1	
-0.5814074372150293	-1.1139304458416364	0.00057048302153368845	-1	
-0.81572560839401853	-1.1990775511423974	0.00057387952731673608	-1	
-0.99807291230424444	-1.1509490745368451	0.00058447692693249995	-1	
-0.61501487524597975	-1.2509089339444355	0.00056039632167346901	-1	
0.095883321701441204	-1.0946451160545054	0.00052736184836561805	-1	
0.21829467292758944	-1.0836240752956174	0.00051704422962097472	-1	
-0.022142654830404992	-1.1274633779909433	0.00053389490120121753	-1	
-0.22719626095737661	-1.1748703613794247	0.00054432710329436248	-1	
0.61000559219873085	-1.0481154306917646	0.000475622120953727	-1	
0.39408109759791093	-1.1242649251361243	0.00049397297643998374	-1	
0.48273777703572135	0.052616596458488117	0.00070989236043379365	-1	
0.51834341290073116	0.043073590373325962	0.00070878751230183865	-1	
0.57983913088183581	0.125	0.00074381497331338082	-1	
0.51681093470134642	0.14972575199973029	0.0018717548049099176	-1	
0.5271419833480212	0.14892098741418403	0.0018391045588998709	-1	
0.53547147263956529	0.14657487977941447	0.0017340115810977053	-1	
0.5505851091538817	0.13356515291845567	0.0011374884684434855	-1	
0.53858068692833183	0.13849915074740735	0.0013626937143255131	-1	
0.5603364497298664	0.125	0.00074240424450230339	-1	
0.50729314175216167	0.14274561895147297	0.0015483493076203457	-1	
0.5	0.13843288088183592	0.0013488023624544418	-1	
0.51475455366455469	0.14290506574241088	0.0015583159655097108	-1	
0.49336048995858095	0.13553176222986651	0.0012144778524227511	-1	
0.49065268485239899	0.13047407263688005	0.00098361730830264643	-1	
0.48076488181422522	0.11800191391576102	0.00073086599967518359	-1	
0.48196388044614596	0.10453693908496813	0.00072644244290726804	-1	
0.48656711911816408	0.125	0.00073418165823284235	-1	
0.48949085511143831	0.085911839599853462	0.00072110264312630389	-1	
2.5337862458820926	0.38056839825087507	-0.012921298726267186	-1	
2.5702545046556371	0.38245428654583968	-0.012943157012898124	-1	
2.7786260285346276	0.32812198387974867	-0.0098838781709804646	-1	
2.6789135566242845	0.4207073791348645	-0.014521376410428595	-1	
2.5942450156933448	0.41416974004648838	-0.014443697776153197	-1	
2.6296037793850262	0.42072317849468416	-0.014653353667864397	-1	
2.8581327237869241	0.20471951066327315	-0.0039737302288348651	-1	
2.855751967592048	0.2602945146098225	-0.0065885937291313475	-1	
2.8717812746831797	0.16866277303026284	-0.0022743410165070592	-1	
2.8616528256622558	0.14806601949268827	-0.0013107259120154029	-1	
2.8811555068142254	0.125	-0.00022669353682864974	-1	
2.5161275774734104	0.41253184460241066	-0.014548606988135988	-1	
0.59934181203380521	0.10319238415502914	0.00073521417557469583	-1	
0.55016823641109869	0.052082733146548522	0.00071311917890645336	-1	
0.57008779030585111	0.10355140183926813	0.00073409682471345123	-1	
0.55604579207757943	0.084631748252412708	0.00072572591854587563	-1	
0.73103293141217007	-1.1243031563061521	0.00045024069207347847	-1	
0.97541700583824631	-1.3140638657980936	0.00039643150171573898	-1	
0.77166218910758255	-1.2614215350542173	0.00043156042165466208	-1	
1.4261670352203843	-1.4016882146350476	0.00031656045188066648	-1	
1.5747761690091853	-1.3333840627848548	0.00029161306689898302	-1	
1.6771776468283517	-1.2400982976371808	0.0002734167736742866	-1	
1.1930531044289703	-1.3347049118235883	0.00035953757845011804	-1	
1.0761581399164615	-1.4095461734576413	0.00037452019909132615	-1	
2.8763899211068065	-0.88804852275210233	2.5594142205355743e-005	-1	
2.8350343253050885	-1.0291238756883785	4.8516554973141933e-005	-1	
2.7184703035255358	-1.1885991345420697	8.2020898737360253e-005	-1	
2.5822794201641375	-1.2572724646136844	0.00010860643351697504	-1	
2.5162773484572627	-1.3890649800342414	0.0001281796734912524	-1	
3.0812884164639134	-0.48085732779614415	-6.6347148575505367e-005	-1	
3.0550086771420006	-0.64045318457410982	-3.4968352198113828e-005	-1	
2.9426795535591515	-0.75683028796919183	-2.1357655428705454e-006	-1	
2.3706646410944865	-1.4119228024362049	0.00015243137291496981	-1	
2.1206805579946395	-1.4130061653883483	0.00019393930923596405	-1	
1.8776499178565484	-1.4189276166348164	0.00023666405609795488	-1	
2.0038773929343479	-1.5052361597657233	0.00021633566219774549	-1	
1.7358704348119505	-1.3616465702974572	0.00026178157519525606	-1	
2.9104111790688014	0.082095398146009191	-0.00020700104621261555	-1	
2.8909068473902098	0.093726024625004803	-0.00021248865542386147	-1	
2.9388211286383821	0.056642149758783039	-0.00019617561206627319	-1	
3.0286750518515047	-0.067694183755525633	-0.0001564988845300132	-1	
2.9965382099641729	0.013726671857124749	-0.00017991342345948733	-1	
3.0670770294519456	-0.12825275243178064	-0.00014200357380341375	-1	
3.1390140960523967	-0.19373568055471552	-0.00013040400174552406	-1	
2.4694000827282925	0.47071386868027909	-0.017050229261325094	-1	
2.4663604336988101	0.48708695571607113	-0.017686966336836068	-1	
2.4845329898995714	0.46376314455616707	-0.016955336407582726	-1	
2.5114473794910204	0.4477670236673027	-0.016327606255813847	-1	
2.5638713047054686	0.5	-0.018782627465755625	-1	
2.548360580097591	0.5	-0.018851691173893563	-1	
2.5354996030783412	0.51363590128865622	-0.018921613534367211	-1	
2.6104034785291015	0.47056893368833086	-0.017149513336794254	-1	
2.5793820293133463	0.48258725015352705	-0.017859966775884858	-1	
2.6569356523527343	0.46484835901564692	-0.016712311168386899	-1	
2.5231482572633386	0.51999225423634776	-0.018986300839400245	-1	
2.5158514144810527	0.52160621780639815	-0.019024440374012477	-1	
2.5084318421251526	0.52249993982717235	-0.019064176119030985	-1	
2.5	0.51733913088183581	-0.01910393109273709	-1	
2.4955059255111229	0.5134614497298664	-0.018975677099621426	-1	
2.4903301692013056	0.50660480168154964	-0.01882723910756938	-1	
2.4864814125740722	0.5	-0.018720644026507569	-1	
2.4806363219980878	0.4929199717623659	-0.01827206728945556	-1	
3.3711538136991837	0.12884618630081618	-0.00020880270190404109	-1	
3.375	0.12682840627395833	-0.00020829309285992994	-1	
3.367369356422103	0.125	-0.00020099448580611137	-1	
3.3647899809345461	0.11909129559452551	-0.00019957581225190675	-1	
3.2009855387630353	0.037731422017202171	-0.000177503557837204	-1	
3.2267900081668968	-0.0039927762920666937	-0.00017106651485574665	-1	
3.1533938458064115	0.077849704516993828	-0.0001854046076044219	-1	
3.1651033508999351	0.042202221425120347	-0.00017912382928481001	-1	
3.0482463047054686	0.125	-0.0002083962079860278	-1	
3.0325415788475776	0.13754873572866563	-0.00077159859837966545	-1	
3.1062686777448567	0.10434756087334254	-0.00019475139965298397	-1	
3.0830597285291015	0.09960079891326247	-0.0001968218255950368	-1	
3.0552241012816928	0.10182815216605427	-0.0002010607173985201	-1	
3.1183029825282476	0.086332621475687141	-0.00018991843863695837	-1	
3.375	0.125	-0.00020627240768987496	-1	
3.3716719208980988	0.11766672420779851	-0.00020203276168766402	-1	
3.3740857968630209	0.12206801683616297	-0.00020429905280281398	-1	
2.9527489421788826	0.44373875248571387	-0.015019919482611357	-1	
2.9657179464818246	0.46240201014729609	-0.015864295357195222	-1	
2.9768276656095445	0.47012474258373083	-0.016196731331765742	-1	
2.8948225967744428	0.43101040447953437	-0.0145439730894784	-1	
2.8650431102423246	0.41005037909130748	-0.013612651544718966	-1	
2.9234107504511817	0.45518412754081805	-0.015626081947457383	-1	
2.8892969497585357	0.21592128805181288	-0.0044792785913231039	-1	
2.9197521181222656	0.20291469291669206	-0.0038482244863777427	-1	
3	0.48656711911816408	-0.01684684005828134	-1	
3.0059087044054742	0.4897899809345459	-0.016866802067836067	-1	
2.9935111521620867	0.48076488181422522	-0.016616893813208074	-1	
2.9859613763261224	0.47617002562488875	-0.016448314500340275	-1	
3	0.18485077931334637	-0.0029370233150575733	-1	
2.9846364262832417	0.18559146105210397	-0.0029903907954938395	-1	
3.0066969027919805	0.16744406740152995	-0.0021371821474299238	-1	
3	0.17324630470546876	-0.0024093820676174544	-1	
2.9672286439585096	0.18850372079004829	-0.0031432177490992768	-1	
2.9754886688740383	0.18112046201999812	-0.0027959939168117265	-1	
3.018859951664282	0.14894494004394501	-0.0012895974243244154	-1	
3.0129906084825131	0.15728028774501562	-0.0016710042012185377	-1	
2.9482606397962794	0.18253272962439365	-0.0028817174102631778	-1	
2.9865385502701334	0.50652630199706306	-0.01761822826298165	-1	
2.9826608691181642	0.5	-0.017621879153272145	-1	
2.9749055068142254	0.49105967221431646	-0.017208852615877301	-1	
2.9528123687587429	0.46646557004166095	-0.016092463957713233	-1	
2.9679047024642529	0.47575433405195411	-0.016494291028025274	-1	
2.9961538136991837	0.50384618630081612	-0.017578227547179824	-1	
3.0024127762989123	0.50440778176151557	-0.017442825650229452	-1	
3	0.50182840627395831	-0.017548654522700262	-1	
3.002513097001239	0.49527047507407224	-0.017212390292066882	-1	
3.0029319831638372	0.49908579686302085	-0.017345028210374487	-1	
3.001893569433987	0.5009142031369791	-0.017434907721247613	-1	
3.279334131064001	-0.75195895191427908	-4.0730157691087881e-005	-1	
3.3913891933880298	-0.82173544211807314	-4.093766386121656e-005	-1	
3.124101929489326	-0.75749522642123457	-2.4404205455129461e-005	-1	
3.6608957768668797	-1.0046695376137948	-3.9108965047778363e-005	-1	
3.5208712404019642	-1.0346579617450771	-2.554942906325461e-005	-1	
3.4030827049459447	-0.9532206403916702	-2.5280661312231042e-005	-1	
3.1382210149831615	-0.11927581272631244	-0.0001466028110125401	-1	
3.1594467814913783	-0.05036560496854646	-0.00016165193838873774	-1	
3.1777539700938506	-0.0024939981681390971	-0.00017092550559241621	-1	
3.8040142422537184	-1.1345259985242135	-3.5044791339945895e-005	-1	
4.7209634412816035	-0.92062257322084717	-8.9506069643943017e-005	-1	
4.174251231962363	-1.1222682992143949	-5.5899289770820045e-005	-1	
4.3536955820976244	-1.1891606635014518	-5.8062405482592016e-005	-1	
4.531983689370997	-1.1993179164570054	-6.417562680547493e-005	-1	
4.7373698028198223	-1.1628715055187475	-7.3417116566564525e-005	-1	
4.0400129075562949	-1.258466526220364	-3.7586151025224575e-005	-1	
3.888160053757979	-1.2609577097696862	-2.8558770181633838e-005	-1	
5.9511865373797663	-0.3326985662176879	-0.00012959713582983952	-1	
6.0152561990494799	-0.19745857637179975	-0.00013378832156978163	-1	
6.1744286055097302	-0.055491964137195933	-0.00013742189025989473	-1	
6.4430632508337027	0.17717984753723331	-0.0001418336265750939	-1	
6.3238875666124379	-0.029967945461052799	-0.00013798200113247761	-1	
6.4710106569784074	0.39393894642895205	-0.00014495470143491919	-1	
6.5483979164660964	0.27536772823025391	-0.00014321227122945302	-1	
6.4615432493953282	0.51014476040821666	-0.0001464045790490614	-1	
5.8911066520165214	-0.51271412102357172	-0.00012346067329116079	-1	
5.6350738823097659	-0.73578830636163151	-0.00011292016948404846	-1	
5.4781085832961782	-0.82165185834938403	-0.0001073572939315755	-1	
5.1479414780421697	-0.86743508511034484	-0.00010055895610077723	-1	
5.365408842408752	-0.9119001515587789	-0.0001014922430997158	-1	
5.813958530925583	-0.7324811710493303	-0.00011497520333902309	-1	
4.8846589757225853	-1.0299277321352291	-8.592640464368739e-005	-1	
5.0977995305796417	-1.0378375682454353	-9.0126688868900478e-005	-1	
6.7853357272068262	0.79694482022538249	-0.00014744077297854647	-1	
6.7428385596927383	0.68545226328489051	-0.00014698327373061145	-1	
6.9347497329571413	0.8168777078585483	-0.00014742094289590198	-1	
6.6932761862418912	0.61550170004243965	-0.00014659547914502592	-1	
6.6541301021714396	0.54521738104632822	-0.00014612591461562625	-1	
6.5761572146248737	0.48876575240298287	-0.00014576788318251233	-1	
-2.6357587609949666	-0.56713555761581314	0.00064114820018775301	-1	
-2.4519747751838668	-0.75456729814091705	0.00063340715941813635	-1	
-2.2469747595135767	-0.79218305717042747	0.00062969345465890532	-1	
-2.5975787122970457	-0.72950431041213204	0.00063586779876721614	-1	
-2.6620785677522507	-0.66970080761163953	0.00063838107467501285	-1	
-1.926455967380025	-0.9371787425702699	0.00061913058597470828	-1	
-2.2006292015016897	-0.92143908529743102	0.00062397253736966502	-1	
-2.091956581977112	-1.0053753308667219	0.00061878137856428549	-1	
-2.813777702724646	-0.36166366331098299	0.0006479389788867113	-1	
-2.8694814145254544	-0.27804432031195575	0.00065020399244686722	-1	
-2.8051559740806566	-0.48456289353059501	0.00064480604003311749	-1	
-2.9739467496502696	-0.061304653266057024	0.00065512194245341451	-1	
-2.9418275725843754	-0.20832250560457707	0.00065208579817537676	-1	
-3.002783770050284	-0.14804106442642967	0.00065358383453796435	-1	
-3.1421817206756253	0.019977901870926608	0.00065707385987650723	-1	
-3.0639957894353582	-0.045621885643101857	0.00065569311243616612	-1	
-3.2095472111974459	0.18376179578897348	0.00065960226859593739	-1	
-3.1844991515453205	0.098979808001013914	0.00065839173542642617	-1	
-3.2965291177091567	0.20448520901948664	0.00066011337132620865	-1	
-1.6549490666065796	-1.0772852304345284	0.00060704388366079691	-1	
-1.5473753724137036	-1.1592961140384457	0.00060001913231290686	-1	
-1.3618504001794132	-1.2400546385869267	0.00059024033315218446	-1	
-1.1769874057321572	-1.2105854186998874	0.00058636940102714443	-1	
-1.8227972620467192	-1.0234979191167526	0.00061315655108507374	-1	
-0.31264185511258913	-1.2757817619405714	0.00054055621019807366	-1	
-0.44383211620685725	-1.2592537336925542	0.00055022455028931941	-1	
-0.73846827764686673	-1.3144375802103629	0.00056136624564710692	-1	
-0.8675701496881113	-1.3173480362904386	0.00056714868719384009	-1	
-1.0374580472861632	-1.3353825331232836	0.00057291181809038109	-1	
-0.63326714746978219	-1.4020139063136772	0.00054929444051190113	-1	
-0.49783783728580799	-1.4219084439404441	0.00054006804435639518	-1	
0.07313445606677596	-1.2150181137124541	0.00051683454752350785	-1	
0.27753579299205655	-1.1913110844560908	0.00049967657849284966	-1	
-0.059349447473520646	-1.2513956747879829	0.0005244989267685795	-1	
-0.19039214719370776	-1.2926645795120404	0.00053058686979747677	-1	
0.51742059613456393	-1.1777940163478822	0.00047356258606056766	-1	
0.64275482824078423	-1.2250392291391048	0.00045279499160227036	-1	
0.3551202425714492	-1.335330026985055	0.00047736800871715107	-1	
0.50721751173944873	0.076173333672595003	0.0007193729074153188	-1	
0.52800146202923393	0.076631015336507471	0.00072100695559643244	-1	
0.52164011651221875	0.1444884371317085	0.0016334177580549468	-1	
0.52796656794228669	0.14226662974295681	0.001533468138001633	-1	
0.540833768577897	0.125	0.00074076029093316442	-1	
0.52770628708782674	0.13556643051856637	0.0012253302432337261	-1	
0.54301213860027153	0.10879905958892508	0.00073437935102708149	-1	
0.50557408987543317	0.13444896378691798	0.0011686254810736123	-1	
0.51225070085168145	0.13587450302688039	0.0012355204052329762	-1	
0.5	0.13263064357789711	0.0010841718072893355	-1	
0.52001620388377789	0.13761232278850799	0.0013173587406503377	-1	
0.4961538136991836	0.12884618630081637	0.00091075704454815975	-1	
0.49236935642210289	0.125	0.00073503749158487243	-1	
0.48978998093454579	0.11909129559452582	0.00073252790232971948	-1	
0.49121559554044159	0.11211553467093577	0.00073024473622726428	-1	
0.49388336682235373	0.10551427616554196	0.00072823906761964664	-1	
0.49816716081664608	0.094261009064329632	0.0007248152297965832	-1	
2.5588550265206491	0.42055240341337169	-0.014866628230425231	-1	
2.5840781199271485	0.44866356493990622	-0.016171420144869601	-1	
2.8898554558344109	0.18280970596887261	-0.0029297854520912124	-1	
2.8928737082287359	0.15961175192856716	-0.0018445233926761575	-1	
2.8909068473902098	0.14054285260015778	-0.00095298187861164144	-1	
2.9006581879661946	0.125	-0.00022585731883927011	-1	
2.5323027384702073	0.44418285191050572	-0.016110544018774889	-1	
0.53158636066624221	0.097108577787056102	0.00072891561006353822	-1	
0.80974705489000187	-1.3998755506440101	0.00041506924030749825	-1	
0.91977327637955408	-1.4921479843354197	0.00039308509639118344	-1	
0.66677586163235181	-1.3864886416248532	0.00043550151999135686	-1	
1.1962941158253912	-1.4790659149974839	0.00035210918742900117	-1	
1.5060862565059783	-1.5145692611069435	0.00030016685803820905	-1	
1.3458662805467101	-1.5432724803150055	0.00032545812512991721	-1	
1.6348658916084748	-1.4641210880344344	0.00027900157540757187	-1	
1.0621369216610053	-1.5723384404246297	0.00036795236923874901	-1	
2.9700421564146509	-0.9921015266177331	2.5631122617753932e-005	-1	
3.0405271250592123	-0.86467717053564008	7.1564682591510327e-007	-1	
2.9424255919946232	-1.1187728911785528	4.3569052726232454e-005	-1	
2.8668102508805595	-1.2240849485047178	6.4258662009724377e-005	-1	
2.7441720979612936	-1.4089516579938943	9.6502895355243999e-005	-1	
2.6839929688794513	-1.5325615695638231	0.00011337908366216454	-1	
2.5465144128691346	-1.5333260646212827	0.00013254245012344002	-1	
2.3392881071478064	-1.5854715583811967	0.00016564455410006146	-1	
2.1655969798220407	-1.554892973376883	0.00019153777481447	-1	
1.8496935459254575	-1.5748520002237589	0.00024282163165768996	-1	
1.9564606767308435	-1.6676266734837846	0.00022690312475483676	-1	
2.9104095285421794	0.10480421634067087	-0.00021654538484249802	-1	
2.929912209694149	0.093731558641279897	-0.00021089283662240036	-1	
2.9819192558397836	0.062290341293601774	-0.00019624329497046082	-1	
2.962613794794748	0.095578285459423457	-0.00020952803090448365	-1	
3.0944512069243686	-0.061975256013691943	-0.00015852855472196992	-1	
3.0485089642806433	0.017562770523528358	-0.00017910760221956514	-1	
3.0121111677256502	0.061992879449866492	-0.00019408947233943093	-1	
2.4816587095749822	0.48198522676782435	-0.017799387281955188	-1	
2.4925246177404161	0.48038961898600802	-0.017900204899296737	-1	
2.5045463371781942	0.47556432269884513	-0.017739547671675227	-1	
2.5215679316910982	0.474560467671721	-0.017677294679936072	-1	
2.5361202282851498	0.46499676689173336	-0.017153187249247574	-1	
2.5561159424015298	0.48416066519383566	-0.018031427422331447	-1	
2.538585340209996	0.4822350072882578	-0.018007139077416377	-1	
2.5328498554897134	0.5	-0.018921228607844724	-1	
2.5226068673812461	0.50846518252988981	-0.018975855474470206	-1	
2.5504385745724987	0.45508623368882495	-0.016609600782452216	-1	
2.5161513823222093	0.51081564123434897	-0.019008940968004803	-1	
2.5109195556807418	0.51599145496468801	-0.019042113513474831	-1	
2.504427393679403	0.5134614497298664	-0.01907229004845876	-1	
2.5	0.509583768577897	-0.019089058428726231	-1	
2.4966896449103695	0.5076449280019123	-0.018995434131453132	-1	
2.4961538136991837	0.50384618630081612	-0.018970983863230019	-1	
2.492326503150057	0.5	-0.018866329007963544	-1	
2.4897471276625001	0.49405359596485521	-0.018529242765306118	-1	
2.4912948295802093	0.48725391879696206	-0.01823687713536536	-1	
3.3731715937260418	0.125	-0.00020434181652256113	-1	
3.3702704750740731	0.12248690299876097	-0.00020230524969426148	-1	
3.1287451117162925	0.051472280960294971	-0.00018258939267685813	-1	
3.1315580326618013	-0.0073648889175304813	-0.00017064263671102997	-1	
3.0250373554897134	0.125	-0.00021252103353607449	-1	
3.0333581796139812	0.1121966451481711	-0.00020715108716728853	-1	
3.0192351181857746	0.13148884783791279	-0.00050536116491756817	-1	
3.1003405523463452	0.07422008106993315	-0.00018930717423760134	-1	
3.0712271132374167	0.064462244563000759	-0.00018984744246464965	-1	
3.0368230951620845	0.086111054759572397	-0.00019897073423126167	-1	
2.9770145287320147	0.48107623566345759	-0.016721174341590844	-1	
2.9258526599155412	0.18131899658489375	-0.0028403614119278157	-1	
2.9933604899585804	0.48946823777013349	-0.017051758396050425	-1	
3	0.49236935642210289	-0.017129336607307619	-1	
2.9864356369232188	0.48499538088459582	-0.016874954207750099	-1	
2.9892546506230677	0.17333150751512394	-0.0024249242559820005	-1	
2.981468275058059	0.17287936938329343	-0.0024118321428544358	-1	
3.0050337552214943	0.15874071144562174	-0.0017447439441298875	-1	
3	0.16164183009759114	-0.001881643966723948	-1	
2.9934683797231147	0.16688071205903951	-0.0021263750882098867	-1	
2.9654478618304188	0.17756894430934461	-0.0026407910076160284	-1	
2.9738825064773855	0.17106603312928995	-0.0023353325780784569	-1	
3.0123450809313628	0.14110378770411172	-0.00094136225094371519	-1	
3.0086657286556497	0.14901584796587719	-0.0013014023059505749	-1	
3.0047350524737557	0.15293847414168293	-0.0014821921580619238	-1	
2.9595808704950746	0.16868021567093539	-0.002235411334226594	-1	
2.9372707789666093	0.16200016464395123	-0.0019377245624740858	-1	
2.990416231422103	0.5	-0.017595371639145665	-1	
2.9865385502701338	0.4932385263475173	-0.017279189482461568	-1	
2.9981715937260418	0.5	-0.017549616168706858	-1	
3	0.5	-0.017520783846051241	-1	
3	0.49817159372604175	-0.01742743895500265	-1	
3.185463310805329	-0.87876970008600597	-1.4019422965106359e-005	-1	
3.6110967158437637	-1.1458584112738146	-2.0683171583408487e-005	-1	
3.4715744768453951	-1.1668598744979592	-7.3082617237388551e-006	-1	
3.2543247753517219	-1.0327634759600401	-1.9631678040986474e-006	-1	
3.3313862727201249	-1.1828218310448408	6.8801521159780925e-006	-1	
3.7132337924306169	-1.236857071950443	-1.9180180169641047e-005	-1	
4.2217216351015372	-1.3094631834127095	-4.2857221074323554e-005	-1	
4.4007210826888858	-1.3614349252960274	-4.7320842861707187e-005	-1	
4.5512907725092422	-1.3394309512284173	-5.5153786865983455e-005	-1	
4.6925561557020066	-1.3324655019562208	-6.0924492825092619e-005	-1	
4.8415998257877551	-1.3034661829625678	-6.7818419780592035e-005	-1	
4.9347061463267607	-1.1835237418901399	-7.7770950836863423e-005	-1	
3.9660500280420328	-1.3794023247025149	-2.3401856093614705e-005	-1	
4.1093724646099909	-1.4339885264260928	-2.7405237322212713e-005	-1	
3.7729597672018746	-1.3599243161556822	-1.2402613091194075e-005	-1	
6.0794858960412377	-0.31452062512051071	-0.00013053042506856814	-1	
6.0807613496307482	-0.51951766937623411	-0.00012446511319722255	-1	
6.1485742016372811	-0.20489412738686552	-0.00013366154206072734	-1	
6.3035883216405555	-0.13490999931992487	-0.00013567093683606218	-1	
6.5236255228490263	0.1241299529854476	-0.00014094819388538719	-1	
6.4713383112659217	0.034182425613528911	-0.00013933277420604128	-1	
6.5855363502178363	0.1981003554362665	-0.00014212138477345162	-1	
6.4734607645952984	-0.089000569094541862	-0.00013705601953376015	-1	
6.4049460455647216	-0.16884384401013813	-0.00013521285846997667	-1	
6.6047198540002228	0.34735813119435777	-0.00014411271052409188	-1	
6.6410067171694296	0.2634650901964809	-0.00014307661131235871	-1	
5.9913741569255583	-0.67384022088528583	-0.00011881638301795177	-1	
5.6603043415222691	-0.94539884460669121	-0.00010459004946273283	-1	
5.5576849252041773	-1.0270203484638307	-9.9419561735911074e-005	-1	
5.2426351241637095	-0.98787778071097543	-9.5636191586303615e-005	-1	
5.3800985500810903	-1.0555323154769038	-9.4854452533031511e-005	-1	
5.852395242145132	-0.91534091133059092	-0.00010864138318331393	-1	
5.9863163661103398	-0.80464655080672698	-0.00011439959070595491	-1	
5.2320517380110179	-1.1541456331151707	-8.6822494273120578e-005	-1	
5.0879590433665784	-1.2151914121996876	-8.0055993338053785e-005	-1	
6.9196003562581181	0.7284256658999636	-0.0001471109251960272	-1	
6.8352611322699914	0.69872369267569412	-0.00014697337235116783	-1	
6.8040386023913006	0.61493547426577144	-0.00014650302392652944	-1	
6.7344300602581315	0.54029618951646308	-0.00014597973912480183	-1	
6.6697619659691005	0.46630004309699447	-0.00014537619952467782	-1	
-2.7321373822228545	-0.61099355693929402	0.00064077415706598683	-1	
-2.4370248608326772	-0.87774537797102847	0.00062899346176922247	-1	
-2.5860202326773143	-0.81670002045472023	0.00063300373773017072	-1	
-2.3343226892637414	-0.99982745793245753	0.00062305908174598728	-1	
-2.6823406474988833	-0.75300121748073001	0.00063618075297630031	-1	
-2.7501889463682567	-0.70059779678561207	0.00063849427178166583	-1	
-2.0026762656789918	-1.0991407572975069	0.00061308915663043707	-1	
-2.2144090981488316	-1.0580595303376812	0.00061877124216933499	-1	
-2.1177299678216825	-1.1585173157637936	0.0006128341385785457	-1	
-2.8919835974493333	-0.41267249382280408	0.00064726011117193709	-1	
-2.9692969269287115	-0.28953177066665364	0.00065053002671656382	-1	
-2.9090242069103969	-0.55081955509915448	0.00064409705262379545	-1	
-2.8234264587135254	-0.60640190364092006	0.00064181685081997916	-1	
-3.0508089346764127	-0.22811382085772561	0.00065228951565941644	-1	
-3.0961067956064432	-0.1510202691721384	0.00065399270012251004	-1	
-3.2434009809184339	0.033055872726223567	0.00065768959869920082	-1	
-3.2146011703200181	-0.051937293178497608	0.00065627806807633336	-1	
-3.18432241079649	-0.13641488821249759	0.00065473880813626264	-1	
-3.2707130698904399	0.11853871975998408	0.00065896570760530352	-1	
-1.670896530699205	-1.2116115610656153	0.00060032717442397385	-1	
-1.792480755442591	-1.1549400617436962	0.00060603469841650343	-1	
-1.4539322345950965	-1.374420297739432	0.00058530927077594778	-1	
-1.6360775352102126	-1.3411569974768682	0.00059263898271753814	-1	
-1.2687758481289315	-1.3737345635923168	0.0005791380522652133	-1	
-0.28004549210160834	-1.4039283086837664	0.00052742510242081053	-1	
-0.7609102090254416	-1.4514521457745246	0.00055239302144362962	-1	
-0.91727959427281236	-1.4365316561307022	0.00056095000882779467	-1	
-1.06562319782605	-1.4908148945738586	0.00056397677531004348	-1	
-0.58236363791409684	-1.5264007205991079	0.00053724951108345491	-1	
-0.40720663856134781	-1.581655160103935	0.00052215928768598507	-1	
0.19185619383753927	-1.3456087922177986	0.0004933989317713165	-1	
0.055400470216090014	-1.4575400739166287	0.00049628715236529311	-1	
-0.1044035474228225	-1.381185657933204	0.00051625496547161266	-1	
0.50432655863623443	-1.40239922908314	0.00045451136442504862	-1	
0.22066074013370096	-1.5198669002131102	0.00047572773491063593	-1	
0.37489539994009652	-1.6059323392919815	0.00045319903724195593	-1	
0.51196014688132496	0.089854413934417537	0.0007245650614940846	-1	
0.52767119235915749	0.11444451214694297	0.00073523446739068212	-1	
0.5213310874259276	0.125	0.000738746946328389	-1	
0.5164554171379353	0.13049587334963514	0.00099004977542647391	-1	
0.50384618630081635	0.12884618630081637	0.00091228857035403508	-1	
0.5091419117059468	0.12979628566484125	0.0009566928918524404	-1	
0.5	0.12682840627395833	0.00081950889525828411	-1	
0.49817159372604175	0.125	0.0007358564812031727	-1	
0.49527047507407224	0.12248690299876089	0.00073452068377981381	-1	
0.49657683866025226	0.1168006909840071	0.00073261420676930364	-1	
0.50251416689571193	0.11326974134112891	0.00073206641900149232	-1	
0.50626886105826707	0.10316883509718876	0.00072882254969552961	-1	
2.916086559552745	0.16251320890419549	-0.0019702362730615016	-1	
2.9091186702742085	0.14277856662948818	-0.0010535941808702634	-1	
2.9201608691181642	0.125	-0.00022463828651176948	-1	
0.51851211320368595	0.10914714980748062	0.00073228743923144232	-1	
0.76247971605929754	-1.5679716091113032	0.00040984991906594932	-1	
0.9518063178130981	-1.6935595550172311	0.00037745468291995929	-1	
0.59706786043987436	-1.5120305310656017	0.00043479802729009707	-1	
1.22050041730503	-1.6289971375264325	0.00034203541718214384	-1	
1.4530052167232994	-1.6797951471790347	0.00030523157835623095	-1	
1.6100023043975926	-1.6058417518918113	0.00028181662042840879	-1	
1.3132149868194087	-1.7621298611657239	0.00032404606362188411	-1	
1.1509907435098541	-1.7640294365116624	0.00034691280263305057	-1	
3.0690734711115284	-1.0910488232004332	2.4987246380587895e-005	-1	
3.0255138758075844	-1.2582336890304531	4.7317131224050053e-005	-1	
2.9144007635886879	-1.3887674977507765	7.2577515893022183e-005	-1	
2.8077437451456548	-1.5758959714047884	0.00010002747376053836	-1	
2.7133262158041669	-1.6668764921905674	0.00011763319119492884	-1	
2.5024166547414612	-1.6931907529366725	0.00014707720867352672	-1	
2.2216552281692024	-1.7168723321832051	0.00018791852310496529	-1	
2.3895810274941942	-1.814720387453441	0.00016767488007755725	-1	
2.0575949198004371	-1.7665115818250434	0.00021334171820721655	-1	
1.7758848271452226	-1.7509395422957699	0.00025523460137111568	-1	
1.9143121638661698	-1.8026446836980341	0.0002349044900291575	-1	
2.9494148908461182	0.10894451642815502	-0.00021578703201731951	-1	
2.9396635502701338	0.125	-0.00022322031607199577	-1	
2.9971986721628334	0.080762552007381944	-0.00020134650937827397	-1	
2.9839922387695466	0.086173093932279968	-0.00020440359795063465	-1	
2.9813298166093403	0.10557961094459543	-0.00021160880241956039	-1	
2.9723288076408423	0.11444451214694275	-0.00021588863158297764	-1	
3.0958034149457108	0.039446780519202897	-0.00018215156439398426	-1	
3.0105091448885628	0.085911839599857015	-0.00020175599971381344	-1	
2.5023483315086419	0.48747629666833642	-0.018367262141505504	-1	
2.5095080356662942	0.48661456708014322	-0.018317288096645866	-1	
2.5224305114047456	0.49158980591238116	-0.018541144310432155	-1	
2.5173391308818358	0.5	-0.018988500054041783	-1	
2.5134614497298662	0.50449407448887651	-0.019011566915216868	-1	
2.5094803291357644	0.50917399789536355	-0.019038204265443285	-1	
2.5035294510882564	0.5076449280019123	-0.019064606970638689	-1	
2.5	0.5057060874259276	-0.019078459245858468	-1	
2.4981715937260418	0.5	-0.019006666504655854	-1	
2.5	0.50182840627395831	-0.019062802624154558	-1	
2.4952490484380494	0.4974802220948224	-0.018812457833905664	-1	
2.496579708495168	0.49180375897743811	-0.018545065022658694	-1	
3.0192351181857746	0.11800191391576066	-0.00021112890419190377	-1	
3.0134328808818358	0.125	-0.0002143878856182857	-1	
3.018036119553853	0.10453693908497043	-0.00020688873668177585	-1	
3.0105317622298666	0.13163951004141905	-0.00051478336951827394	-1	
2.9961538136991837	0.49615381369918382	-0.017365628057083068	-1	
2.9858435159698846	0.16642264108692639	-0.0021123322350721807	-1	
2.9810847788629355	0.16044745929741017	-0.0018424389733732098	-1	
3	0.15583959279365234	-0.001617892565971402	-1	
2.9954300977612047	0.15874071144562174	-0.0017536891352269545	-1	
2.9893075705465257	0.15961465297288943	-0.0017984262925701793	-1	
2.9727040383000292	0.16251487841510556	-0.0019430699836644966	-1	
3.0059670951594004	0.14071791400569625	-0.00092733767837617444	-1	
3.00547407263688	0.1343473151476007	-0.00063906890965300626	-1	
3	0.14423511818577472	-0.0010905837674609266	-1	
3	0.15003735548971353	-0.0013541354723171182	-1	
2.9634868271026216	0.15108510836184599	-0.0014220842928053001	-1	
2.9481266611564112	0.14119206097503736	-0.00097111723770779601	-1	
2.929912209694149	0.14040447625631655	-0.00093869324111950652	-1	
3.5637277068156532	-1.305120081848999	-1.581921595770081e-006	-1	
3.427076539335423	-1.399642889451153	1.8574555119360692e-005	-1	
3.1928650746405207	-1.2789953649274124	3.0493342959628108e-005	-1	
3.2743868402537233	-1.4083978173769376	3.3835828975875002e-005	-1	
4.2750613634619645	-1.4599901794496943	-3.4402502783529918e-005	-1	
4.5439787454363261	-1.4806788192910783	-4.5619055456799619e-005	-1	
4.4207247884843683	-1.5467501053148538	-3.5676416503430583e-005	-1	
4.6812260402325885	-1.5075141097172755	-4.9674226143241712e-005	-1	
4.8102864268426098	-1.4625038418902336	-5.7351498585668682e-005	-1	
4.9747334637555811	-1.3764758435300346	-6.7903976134447663e-005	-1	
3.966090994929973	-1.5211625914286704	-1.2318852695038191e-005	-1	
4.0925621235003566	-1.6159429249043	-1.3382375460981367e-005	-1	
4.2505962881281869	-1.6178032436946901	-2.230150033234159e-005	-1	
3.8402254344800748	-1.6023553012677119	2.1027253424528387e-006	-1	
3.6482118147501321	-1.5250846421475848	1.0421729665948975e-005	-1	
6.1639777652673233	-0.41276667852806104	-0.00012811876907956233	-1	
6.2738176878187364	-0.33367219520358737	-0.00013078937648310486	-1	
6.1380043938621771	-0.65572300607002831	-0.00012086161635799662	-1	
6.2052726115137746	-0.59905134476626953	-0.00012317763918099094	-1	
6.324813973552609	-0.23966860620000494	-0.00013330469645290733	-1	
6.6199790291901452	0.11959422812617689	-0.00014103588345990142	-1	
6.553692321460125	-0.0098162080562346071	-0.00013877944609984262	-1	
6.6958279321055834	0.18788270367159957	-0.00014218406527146689	-1	
6.5827083959914345	-0.14595239108223751	-0.00013647093929198227	-1	
6.5022806939399347	-0.20878356732865755	-0.00013482560620412939	-1	
6.4268332236219852	-0.27175237966086163	-0.00013309872662373517	-1	
6.6930593867418651	0.37082951209793058	-0.0001443712391025155	-1	
6.734234275240766	0.26863085983208007	-0.00014327911903792097	-1	
6.1223163999737524	-0.74227112649275839	-0.00011806775550105104	-1	
5.8026230867901454	-1.0778668339486841	-0.00010179669110469046	-1	
5.6287055928364254	-1.137242303021154	-9.6138229854792853e-005	-1	
5.4902428277733923	-1.1394675716020812	-9.318050408264177e-005	-1	
5.338349996062342	-1.2967749614981903	-8.2391985795656603e-005	-1	
6.0216776402324994	-0.93068407493309535	-0.00011068419703431665	-1	
5.9116501223391742	-1.0746544454221205	-0.00010389484811788917	-1	
6.1030161059173205	-0.86395125487335589	-0.0001140338363730571	-1	
5.1960550106506762	-1.3283486198837171	-7.7067811162868198e-005	-1	
5.0997002702979986	-1.418201054219417	-6.9634326690681469e-005	-1	
6.902909585896075	0.64025148869521931	-0.00014669297004823694	-1	
6.8846825060413508	0.55238203495285432	-0.00014613562601524497	-1	
6.8649246688390386	0.46484407055968902	-0.00014545818707015895	-1	
6.7652303987039097	0.44299402552501332	-0.00014515872343018912	-1	
-2.551021447132038	-0.92674657797504501	0.00062900948859983033	-1	
-2.4869349224063289	-0.9913469846650167	0.00062586570762884384	-1	
-2.6997083296298956	-0.83695283317342206	0.00063395001523414043	-1	
-2.7007144402114727	-0.93900850282137038	0.0006309543787218941	-1	
-2.4647097795390089	-1.0795872148350241	0.0006224804351524628	-1	
-2.3813155293110198	-1.1444071166791745	0.00061865080185678116	-1	
-2.7880977244489391	-0.78592649831271899	0.00063661004541103172	-1	
-2.8424532825173188	-0.71492801084002966	0.00063921479802904197	-1	
-1.9971402795876365	-1.2284940832309197	0.00060721666202175073	-1	
-2.2545816934845901	-1.1851673828672178	0.00061464574690274021	-1	
-2.1634916776391808	-1.3813101624337185	0.00060488440411679307	-1	
-2.982732995565351	-0.3907041187929321	0.0006484468629813537	-1	
-2.9595894988418618	-0.47707361847739599	0.00064631871744573162	-1	
-3.1193653854806653	-0.30372059977944255	0.00065130003417414176	-1	
-3.084706906227531	-0.38649775337191716	0.00064937177505390293	-1	
-2.9721395953573948	-0.63102441596791925	0.00064285298256061812	-1	
-3.0110827978575845	-0.55017459024119741	0.00064516401661974469	-1	
-2.9317913000766049	-0.71118227527657529	0.00064040919104815233	-1	
-3.152573925551319	-0.22035117968197615	0.00065309400316210936	-1	
-1.7774074410355043	-1.2813618806499811	0.00059951978766549572	-1	
-1.3609465385796324	-1.4841080350598344	0.00057603793356876358	-1	
-1.6086277564514448	-1.4761682864081052	0.00058493680330862544	-1	
-1.7392536228185587	-1.4323684972691124	0.00059113637506433899	-1	
-1.1859905268518172	-1.5931095708490168	0.00056290402730840416	-1	
-0.19441825400774485	-1.5337132734398331	0.00051082178488854018	-1	
-0.69749888611997268	-1.5957341286628646	0.00053895668019164459	-1	
-0.87588669349824932	-1.5880593216552501	0.0005489661676228838	-1	
-1.0021088846178248	-1.7143489528717777	0.00054740126519712108	-1	
-0.56332207829101399	-1.6784074054797633	0.00052540904349562291	-1	
-0.39855948232800403	-1.7699347011176301	0.00050852156762911695	-1	
-0.26983700444199477	-1.669684494892216	0.00050619888721748472	-1	
0.043118518360738586	-1.6144501991292182	0.00048500681658264759	-1	
0.15590497421447186	-1.7242265586587704	0.0004668199859285796	-1	
0.4651944096988655	-1.7643295458680959	0.00043277305376384875	-1	
0.61106500059699198	-1.6549432719322772	0.00042308113084845453	-1	
0.27471488092994206	-1.8344006914150808	0.0004479426871379281	-1	
0.5164554171379353	0.11952601198138355	0.00073604727172116541	-1	
0.51157974684994301	0.125	0.00073759606128561913	-1	
0.5067040765619506	0.125	0.00073698865122625722	-1	
0.50182840627395831	0.125	0.00073635376518374094	-1	
0.5	0.125	0.00073610618451590032	-1	
0.49908579686302085	0.12206801683616281	0.00073488367280379789	-1	
0.50166517235057795	0.11965524053725084	0.00073432209047745672	-1	
0.50544483330072365	0.11900616759306287	0.00073455321418292529	-1	
0.50892041530505761	0.11361370442521397	0.00073294401863965007	-1	
0.74972554782099432	-1.72105680846909	0.00040231342394410303	-1	
0.82623777952798305	-1.8542620090773259	0.00038584253555983792	-1	
1.0167211137693619	-1.8669779623175531	0.00036109257696708222	-1	
1.450719666651658	-1.8357519551911514	0.00030254909494318709	-1	
1.5850338640004535	-1.7564585374630255	0.00028405368794219517	-1	
1.3108070447249403	-1.9318476384768133	0.00031986471637177012	-1	
1.1467201852403037	-1.9752691154785933	0.00034042086339972462	-1	
3.0855371751765692	-1.4090653189272784	5.3894120776813988e-005	-1	
3.0423440248921425	-1.542187208390281	6.9313810299793496e-005	-1	
2.9293915330698082	-1.6248238847320757	8.8462193660169194e-005	-1	
2.7876341066161165	-1.7716397044441365	0.00011437611836875514	-1	
2.5824846894750819	-1.8384162350531363	0.00014330793132964051	-1	
2.2095093104202683	-1.8878469401491111	0.00019458245111897508	-1	
2.4945733051817589	-1.9520628642013251	0.00015910290746762066	-1	
2.3562388318838599	-1.9908899333993353	0.00017798309296366378	-1	
2.0156175886638099	-1.9022083986871785	0.00022167444122798502	-1	
1.6500934377995875	-1.8945747601479284	0.00027333564955637525	-1	
1.8169574227637686	-1.9138094424301395	0.00024971118076865879	-1	
2.959166231422103	0.125	-0.00022140644633641916	-1	
3.0018328391833546	0.094261009064331686	-0.00020545012262905527	-1	
2.993731138941734	0.10316883509718976	-0.0002094100867678909	-1	
2.9910795846949432	0.11361370442521425	-0.00021346350207423131	-1	
2.9835445828620646	0.11952601198138349	-0.00021657408298130542	-1	
2.9689175719980874	0.125	-0.0002204056893252961	-1	
2.9786689125740722	0.125	-0.00021927601417761835	-1	
2.5016651723505778	0.49465524053725113	-0.018752578757462158	-1	
2.5076449280019126	0.49626766762097546	-0.018831025297703155	-1	
2.5134614497298666	0.49561590239566394	-0.018775157687481246	-1	
2.509583768577897	0.5	-0.019019630652111885	-1	
2.5076449280019126	0.50331035508963051	-0.019034433478755729	-1	
2.5036189984148765	0.50361899841487612	-0.019052822231041815	-1	
2.5	0.5	-0.019050160108805794	-1	
2.4990857968630209	0.49706801683616297	-0.018867458774161412	-1	
2.5018284062739582	0.5	-0.019046125072635617	-1	
3.0102100190654539	0.11909129559452622	-0.00021283503335675825	-1	
3.0087844044595577	0.11211553467093684	-0.00021064813778735311	-1	
3.007630643577897	0.125	-0.00021528177566249002	-1	
3.0061166331776463	0.1055142761655434	-0.00020873341372961435	-1	
3.0038461863008163	0.12884618630081618	-0.00039027897990291611	-1	
2.9744665433698771	0.15406475355983157	-0.0015539009002546612	-1	
2.9888174950906259	0.15136433810050978	-0.0014219482186811629	-1	
2.9809813740600672	0.14757653695954345	-0.0012529414470008559	-1	
2.9947259261396528	0.15337371617523521	-0.0015097042018643047	-1	
3	0.13843288088183592	-0.00082689606491910084	-1	
3	0.13263064357789711	-0.00056318332126548652	-1	
2.9945234187998739	0.14713623683774413	-0.0012256398574699871	-1	
2.9940656706374078	0.14132160145378561	-0.0009609695520727522	-1	
2.9730835245613236	0.14497480127451745	-0.0011370762771945164	-1	
2.9663630425959808	0.14007784533913781	-0.00091429314947443993	-1	
3.4927297751201558	-1.5415412200819283	2.4550311312180435e-005	-1	
3.3887240023528493	-1.6225984656559822	4.0143347160519548e-005	-1	
3.2644666261890745	-1.5610162380264685	4.7216210302855036e-005	-1	
4.5927875605600628	-1.6117309169750431	-3.9695635059736391e-005	-1	
4.3557857010234331	-1.7692213486947885	-1.848125489637079e-005	-1	
4.4937356545936371	-1.7667045384169118	-2.584242609088426e-005	-1	
4.7361890684536787	-1.6326603167335407	-4.4724861074489686e-005	-1	
4.8811031691135032	-1.6340516004458512	-5.0594113317679429e-005	-1	
5.0730908478932824	-1.5472345172581601	-6.2162465912448452e-005	-1	
4.0220487909036322	-1.7573859448866296	5.4433272468004309e-007	-1	
4.2212491055285781	-1.7998224679006316	-9.0439742209759634e-006	-1	
3.8778744177948403	-1.7473275382434117	9.6059387156645826e-006	-1	
3.7378199714807838	-1.7116599973528976	1.7398985608504129e-005	-1	
3.5701016486316464	-1.6774054051864971	2.8206983337789441e-005	-1	
6.2990618080772141	-0.42131344730938769	-0.00012875427058632366	-1	
6.2791837494563953	-0.51032534237832894	-0.00012627598049503433	-1	
6.4349089330412372	-0.36969202955446795	-0.00013094158939356342	-1	
6.2034279521154367	-0.71451457286691666	-0.00011986055404274989	-1	
6.2835305352563946	-0.68396811097419929	-0.00012165324932753871	-1	
6.3700852922391036	-0.62988811458498317	-0.00012406602063683782	-1	
6.7434009809184401	0.033055872726216684	-0.00014019092167606473	-1	
6.7707130698904461	0.11853871975997722	-0.00014150181130227976	-1	
6.6421817206756302	0.01997790187091987	-0.00013957079890435079	-1	
6.6266538898401315	-0.068080024438293266	-0.00013806411269481523	-1	
6.7965291177091656	0.20448520901947978	-0.000142685518917429	-1	
6.6843224107964962	-0.13641488821250425	-0.00013722421717789337	-1	
6.6525739255513239	-0.22035117968198259	-0.00013554086631644178	-1	
6.6193653854806698	-0.30372059977944876	-0.00013372864155282647	-1	
6.517480417137957	-0.30970601468551107	-0.00013286749125771205	-1	
6.8436420927177508	0.37766426042767676	-0.00014465832620830441	-1	
6.8208412605563424	0.29086916037151367	-0.00014372518547971786	-1	
6.1957789851480598	-0.79990194584646979	-0.00011727701272894544	-1	
5.8484489786002856	-1.17684764805152	-9.9010945191881823e-005	-1	
5.7371276272311933	-1.1650881541508948	-9.7199120895698457e-005	-1	
5.6739096249399887	-1.3301115104617409	-8.9279973194532309e-005	-1	
5.4828590136866575	-1.2777512236318513	-8.6862716075013395e-005	-1	
5.2986681325338703	-1.4370251254341364	-7.4724483128435856e-005	-1	
5.4448632082160016	-1.4681223196413551	-7.752890896767376e-005	-1	
6.0253624231927256	-1.0358298672769761	-0.00010723403023227222	-1	
6.1105980964183439	-0.98691900842454439	-0.00011027816475760883	-1	
6.0163084027145191	-1.1336839260435247	-0.00010382993941230269	-1	
5.9321372000314341	-1.2182522897425616	-9.9278155936270834e-005	-1	
6.2007144402114767	-0.93900850282137704	-0.00011322166852627991	-1	
5.1919121636701329	-1.5044775357734832	-6.8230249570869696e-005	-1	
-2.5742782251948575	-1.016870359322771	0.00062650925812914244	-1	
-2.8469290173607193	-0.86932464541516763	0.00063516884793023761	-1	
-2.8024408797990175	-0.94726098454720065	0.00063233039410566429	-1	
-2.7565993413293839	-1.0244090285389258	0.00062938716447719979	-1	
-2.6672176573862743	-1.0219137346025808	0.0006279131640452043	-1	
-2.5597571992635757	-1.1626813557384925	0.00062153131109425499	-1	
-2.4672569146628316	-1.2058098766333099	0.00061823061782426874	-1	
-2.3711128836787818	-1.2495362119300935	0.00061468003406065245	-1	
-2.8900502024968207	-0.79062375130671336	0.000637865193967231	-1	
-1.8642160433439929	-1.3744959113156567	0.00059736534229935388	-1	
-2.0471586458218187	-1.4487750509423465	0.0005991537548364845	-1	
-2.2875587401721793	-1.3141455935648592	0.0006104416583983586	-1	
-2.15973303712709	-1.5223406128279777	0.00059928157048277767	-1	
-2.258693061043902	-1.485427461259293	0.00060336303096558274	-1	
-3.0486090451004415	-0.46865742573653568	0.00064733573784216776	-1	
-1.2913673524112212	-1.6701283418876036	0.00056304686587207076	-1	
-1.4113641601402691	-1.6187772699210983	0.0005705977602896297	-1	
-1.6419552357171094	-1.609850063844583	0.00057948732631153948	-1	
-1.7936256959433818	-1.5588932790813113	0.0005869355203352815	-1	
-1.1193417335361404	-1.8030366640349493	0.00054804202487911786	-1	
-0.10685372490402956	-1.6621991256694122	0.00049410988417946874	-1	
-0.7273278024340738	-1.750487229472959	0.00053065411082407179	-1	
-0.87088942269366743	-1.7793405227719914	0.00053681369347846478	-1	
-1.0162153200324426	-1.9077934958633851	0.00053722769876076359	-1	
-0.6558009490077692	-1.9147348712140548	0.00051640607268402207	-1	
-0.50509535609405187	-1.925414817133011	0.00050608452718094014	-1	
-0.24596289687910816	-1.8331048506234624	0.00049338003298310265	-1	
-0.29787255042853894	-1.9898899696482901	0.00048771033901948759	-1	
-0.11536144127768823	-1.7973412509604287	0.00048546244517934996	-1	
0.019317197781639456	-1.8113925657456988	0.00047320327247814118	-1	
0.14136686482478861	-1.8856043044532804	0.00045759315281000777	-1	
0.41084476802967645	-1.9105197350719136	0.00042975187610738892	-1	
0.57437738377153646	-1.9103523673282257	0.00041226026981856036	-1	
0.37575917708213991	-2.0624883380031749	0.00042513204531198181	-1	
0.20029991797987923	-2.0725106189698326	0.00044143263232464432	-1	
0.5091419117059468	0.12002535543176839	0.00073539016497476913	-1	
0.5042662414179544	0.12265555846809988	0.00073578330155129755	-1	
0.5009142031369791	0.12310643056601314	0.00073551659904768892	-1	
0.71840534182963645	-1.9635708702926629	0.00039328644935529057	-1	
0.88626298759838329	-1.9871980113928305	0.00037254572233249206	-1	
1.0237061795102427	-2.036028077055315	0.00035395781819210767	-1	
1.5310797411276718	-1.9306695710453468	0.00028983688376607234	-1	
1.4955846710586886	-2.0509764143183462	0.00029304395794826893	-1	
1.2739655441684445	-2.1243734462680579	0.00032032199049905608	-1	
1.1385581210627964	-2.1110822477538567	0.00033758059641552681	-1	
3.1463963016317775	-1.6357831986408859	6.5017477962919004e-005	-1	
3.0343282147565027	-1.7009078215413245	8.1577495222985634e-005	-1	
2.9150023807089016	-1.7550772157050512	9.8358911603497437e-005	-1	
2.7168328130417394	-1.9026415700299284	0.00012968461683716425	-1	
2.8632428775141214	-1.8754679618787105	0.00011112923147420317	-1	
2.6759649472671621	-2.035343933213448	0.00014037738473159458	-1	
2.1755281247270983	-2.0792771631440989	0.00020343257346496147	-1	
2.5466687300985655	-2.0859659429853905	0.00015753766302965442	-1	
2.359520845915394	-2.1701568832556801	0.00018264302306681028	-1	
1.9433187077286211	-2.0244728426248546	0.00023309332639855787	-1	
1.6191270221321667	-2.0185033440313149	0.00027692177907450523	-1	
1.8519743866573266	-2.1368540085455265	0.00024592856941366847	-1	
1.7100002597265622	-2.108276767112657	0.0002644432372543672	-1	
2.9974858331042884	0.11326974134112944	-0.00021253747656293476	-1	
2.9945551666992767	0.11900616759306294	-0.00021499325825360675	-1	
2.9908580882940532	0.12002535543176823	-0.00021585443633352177	-1	
2.988420253150057	0.125	-0.00021804480397676464	-1	
2.9761888362439	0.13211086742815664	-0.00054570341746727367	-1	
2.9835445828620646	0.13049587334963517	-0.00047015192034041681	-1	
2.5009142031369791	0.49810643056601328	-0.018941389756823229	-1	
2.503767246849943	0.49789646983433977	-0.018925638404875097	-1	
2.5057060874259278	0.5	-0.019033979582140849	-1	
3.0047295249259278	0.12248690299876097	-0.00021482770432552546	-1	
3.0034231613397475	0.11680069098400767	-0.00021300194684061081	-1	
3.0018284062739582	0.125	-0.00021616177433111803	-1	
3	0.12682840627395833	-0.00029951974844008838	-1	
2.9890306836494145	0.14426582020574047	-0.0010976637391816849	-1	
2.9789756103670886	0.13910723106726416	-0.00086584084051894588	-1	
2.9933604899585804	0.13553176222986651	-0.00069734963351224949	-1	
2.9961538136991837	0.12884618630081618	-0.00039209261449120773	-1	
2.9876291736786862	0.13461870865861039	-0.00065749660046642564	-1	
3.2752808138743048	-1.6898154338768006	5.5714131026003112e-005	-1	
3.387211038033036	-1.7544513714561358	4.9626480934292142e-005	-1	
4.6877473180287224	-1.7692451953115889	-3.5094389042517399e-005	-1	
4.4297197095630327	-1.8857129209447276	-1.5774892399157231e-005	-1	
4.3362093518464988	-1.9832672613390641	-5.1645596163155559e-006	-1	
4.5647990075209774	-1.8895364786122766	-2.2649570433084597e-005	-1	
4.8438694751143228	-1.8414404303466965	-3.8317804935232474e-005	-1	
4.9426918775381576	-1.7521457740965303	-4.6975173318678613e-005	-1	
5.0724751709168441	-1.7222175329949274	-5.3527052258588628e-005	-1	
5.1867598860384412	-1.6351270522690586	-6.1839619575837238e-005	-1	
4.0388776951581642	-1.881521636331744	7.1949578708806157e-006	-1	
4.1618291558149911	-1.9055178908586001	8.2463846505479318e-007	-1	
3.7845429141163986	-1.857675405584083	2.3478836105726183e-005	-1	
3.9145674963540542	-1.9388981907085399	1.9102745051954937e-005	-1	
3.5620240328901307	-1.8483953611129968	4.0436089061603961e-005	-1	
6.3676578815233515	-0.48142029705273109	-0.00012779503485595985	-1	
6.5486090451004451	-0.4686574257365419	-0.00012971698927708892	-1	
6.5847069062275345	-0.38649775337192338	-0.00013179619886972618	-1	
6.4606541204952919	-0.47756371471209469	-0.0001287021242682448	-1	
6.2880977244489413	-0.78592649831272487	-0.00011891397227230938	-1	
6.3900502024968224	-0.79062375130671914	-0.00012016338613526791	-1	
6.4317913000766058	-0.71118227527658107	-0.00012275250059483913	-1	
6.4721395953573966	-0.63102441596792502	-0.00012521063395602432	-1	
6.4219299268907104	-0.55703589585297619	-0.00012643865342585743	-1	
6.7146011703200248	-0.051937293178504478	-0.00013877273703814455	-1	
6.2575146978219545	-0.86995024732851056	-0.00011611192900424889	-1	
5.7755163129956451	-1.270240604301702	-9.3973097088887036e-005	-1	
5.7762411714133783	-1.3887348766089362	-8.9557879322256322e-005	-1	
5.610293732420339	-1.4294164080297458	-8.3704549150758717e-005	-1	
5.3213303274409469	-1.5847629356360586	-6.8646952562110915e-005	-1	
5.5718755046810244	-1.5809641668386103	-7.6581399418887021e-005	-1	
6.1080419025981882	-1.0889476212689191	-0.00010703221832468724	-1	
6.2094183657285145	-1.1007452773487993	-0.00010853955138945888	-1	
6.2565993413293866	-1.0244090285389316	-0.00011164883998345813	-1	
6.1110959938896814	-1.2508896327431631	-0.00010196120726502027	-1	
6.160912324778625	-1.176246478215937	-0.00010532563897757522	-1	
6.0219673980322597	-1.2437198826206679	-0.00010031049188863691	-1	
5.9593644590001178	-1.3075648819618266	-9.6782187073181771e-005	-1	
5.8654153594007257	-1.3474389167496039	-9.3206023281929121e-005	-1	
6.3024408797990192	-0.94726098454720642	-0.0001146245661330266	-1	
-2.6210798965486828	-1.0973239313302616	0.00062477969767608889	-1	
-2.7094183657285127	-1.100745277348794	0.00062631507457932981	-1	
-2.660912324778625	-1.1762464782159316	0.00062311469011032405	-1	
-2.6110959938896823	-1.2508896327431578	0.00061977865510680385	-1	
-2.5599845475986536	-1.3246520039025196	0.00061630624227936319	-1	
-2.4593644590001178	-1.307564881961822	0.0006146207526490779	-1	
-2.4187694744929664	-1.3872351973195434	0.00061093172761426083	-1	
-1.9413147537540369	-1.6388013271253166	0.0005880606212529427	-1	
-2.071875504681024	-1.5809641668386076	0.00059444030879974858	-1	
-2.3539765131358292	-1.4488564929478192	0.00060716715605752414	-1	
-2.2437217606489765	-1.5863840466328012	0.00059925267054932395	-1	
-2.1976681432223515	-1.6630285261356117	0.00059506252159600796	-1	
-2.3990371506796144	-1.5404311123024255	0.00060516650678367652	-1	
-2.3429048063958158	-1.610448447771702	0.00060118891810272319	-1	
-1.2662627754062721	-1.7982139643074282	0.00055511712486338574	-1	
-1.4074862822202208	-1.7640278509414176	0.00056299182706359772	-1	
-1.5923335335284006	-1.7619625521239963	0.00057042174961249533	-1	
-1.7556222834769117	-1.7224570115531079	0.00057827437676915877	-1	
-1.8696486578333682	-1.7086192394378099	0.00058279179438576012	-1	
-1.1838716696393055	-2.0053185242911677	0.00054077924545755936	-1	
-0.80683886011020378	-1.9110218683699975	0.00052567860514843984	-1	
-0.91284726868156496	-1.9950280135100751	0.00052702166918927487	-1	
-0.9711375756234607	-2.1170815068060391	0.00052405668420347888	-1	
-0.7938617140876072	-2.0362876347573362	0.00051801793371362601	-1	
-0.67124854407923285	-2.0650266167851772	0.00050899144271162233	-1	
-0.42458218973967449	-2.0318900055908062	0.00049441258256668744	-1	
-0.49951358469951151	-2.142364535519218	0.00049359421992815791	-1	
-0.094430314043171731	-1.9702613413021746	0.00047296158167857763	-1	
-0.18254296450565727	-2.1211215329553799	0.00047149787216998372	-1	
-0.32728536439288214	-2.1132894070990438	0.0004829596385152353	-1	
0.059445583384621983	-2.0026188635241366	0.00045800975684996069	-1	
0.53572663466437986	-2.1352675262039451	0.00040526563007048469	-1	
0.37802411777513661	-2.2382190062547527	0.00041641083454121834	-1	
0.19000335621644437	-2.2490487939139472	0.00043352186288766228	-1	
0.0035955949823893441	-2.1496072298972075	0.00045482049504681088	-1	
0.79187377140379056	-2.0983991003339608	0.00037909205399538497	-1	
0.96137372291274947	-2.1582523048997104	0.00035730869586337639	-1	
1.5858340969304532	-2.1430841154835591	0.00028030329119069545	-1	
1.4651103402736549	-2.232875932401464	0.00029458952273034289	-1	
1.1956618364626199	-2.2345771540358239	0.00032751403823127963	-1	
1.3017133895543669	-2.3184186469439942	0.00031318716038354394	-1	
1.0348516424524039	-2.3223060613286726	0.00034400784451105854	-1	
3.140396130034774	-1.7754066131578994	7.5059375818118082e-005	-1	
3.017419252098243	-1.8686459893968579	9.3715754730603284e-005	-1	
2.8124723557490614	-2.0099308051687648	0.00012362256019964957	-1	
2.9484871308566212	-2.0563838250747088	0.00011092854643280437	-1	
2.8317570372802767	-2.1758177474404303	0.00012862792026018804	-1	
2.6924929331236349	-2.2679908772096393	0.00014733828485397058	-1	
2.5565722590280435	-2.2274559719756692	0.00016116375625404303	-1	
2.1764576509219249	-2.3090885711157791	0.00020759819891129117	-1	
2.0021729531853363	-2.1656233342244597	0.00022698924208632205	-1	
2.3073456788962723	-2.3706801392276708	0.00019346325028180323	-1	
2.4519452190213782	-2.3666589298196454	0.00017692015891666954	-1	
1.8251409623622366	-2.2791680232674256	0.0002498990647083874	-1	
1.6226153771976115	-2.317175788096705	0.0002746807029118539	-1	
2.9983348276494222	0.1196552405372511	-0.00021472154602365803	-1	
2.9957337585820456	0.12265555846810001	-0.00021617773177373865	-1	
2.9932959234380494	0.125	-0.00021738664299568685	-1	
2.9908580882940532	0.1297962856648413	-0.0004365062717050676	-1	
3.0009142031369791	0.12206801683616297	-0.00021523256092108713	-1	
3	0.125	-0.00021643149198794838	-1	
2.9981715937260418	0.125	-0.00021669969411621282	-1	
3.2683844830475821	-1.8188837108782079	6.4972001668366306e-005	-1	
3.323378540704494	-1.9423621711680108	6.7272058034016844e-005	-1	
4.697045591392067	-1.9410003175271886	-2.6543661018350472e-005	-1	
4.5434951992869568	-2.0298355641978971	-1.4279662074095148e-005	-1	
4.2115756824237209	-2.016096080157376	4.018828111998969e-006	-1	
4.2350130358858165	-2.1700701923017403	1.060760382237401e-005	-1	
4.3691879982732411	-2.1931444593862093	3.6434925892626345e-006	-1	
4.9567735680011431	-2.0166335168586631	-3.503645500001898e-005	-1	
4.8371941467527622	-2.0497560364434326	-2.8031077994509729e-005	-1	
5.0622043108150381	-1.8968999427769151	-4.503893755226677e-005	-1	
5.2336064185911209	-1.7904535636342012	-5.6525643459902167e-005	-1	
4.0839088655482421	-1.9984193506047985	1.106583299274066e-005	-1	
3.7258243556731854	-1.9992934259903914	3.6541292374481127e-005	-1	
4.0062746784235088	-2.0932000395401014	2.1512753281535513e-005	-1	
3.885915569258521	-2.1160939436759016	3.1208539544817058e-005	-1	
3.5731388643164488	-2.0006820912784811	4.8772102989342335e-005	-1	
6.5110827978575871	-0.55017459024120363	-0.00012753565376938028	-1	
6.3469290173607211	-0.8693246454151734	-0.00011746345753747124	-1	
5.8539765131358283	-1.4488564929478229	-8.9331501737244988e-005	-1	
5.7586930610439016	-1.4854274612592964	-8.5488018072838086e-005	-1	
5.6648161300328228	-1.5759428274264058	-7.9484945760668836e-005	-1	
5.3660568768908865	-1.8038602984783916	-6.0720676932747766e-005	-1	
5.5311321217896463	-1.7498152325237188	-6.8534690842095896e-005	-1	
5.6287345299720242	-1.7199799868771009	-7.2873006687782128e-005	-1	
6.0599845475986527	-1.3246520039025245	-9.8502300891773804e-005	-1	
6.0075935549472073	-1.3975111229612134	-9.4895263668664083e-005	-1	
5.9539389747392288	-1.4694447963257629	-9.1152002181472055e-005	-1	
-2.5075935549472081	-1.3975111229612089	0.00061272622399549193	-1	
-2.4539389747392297	-1.4694447963257589	0.00060901072314278556	-1	
-1.9381298361112858	-1.7815637279606142	0.00058211654865927939	-1	
-2.0311321217896476	-1.7498152325237166	0.0005864973549306741	-1	
-2.1287345299720246	-1.7199799868770986	0.00059079935653120737	-1	
-2.2855590403436699	-1.6794754747749323	0.00059710797868551527	-1	
-2.2270173205990358	-1.7474911670110098	0.00059289479450207964	-1	
-1.3661788811117541	-1.903334949962133	0.00055437453743955158	-1	
-1.5081341051776789	-1.9330395651718757	0.00055912375817561151	-1	
-1.7429041125086346	-1.8366136850909056	0.00057279123086385365	-1	
-1.6737928174721546	-1.9089614499669969	0.00056698515598237924	-1	
-1.8372401892816188	-1.8032778964656575	0.00057767944161320553	-1	
-1.1265074469997891	-2.1389190802108482	0.0005313685691098589	-1	
-1.3886427935821453	-2.0466144755088362	0.0005486692601083692	-1	
-1.2581979502669487	-2.2005419163215461	0.00053539785482095671	-1	
-0.82490725836182566	-2.1739442437896623	0.00051282513803078598	-1	
-1.0418615945671763	-2.2571343171604057	0.00052136937360621437	-1	
-0.61099282669160804	-2.2434735233690972	0.00049593896154310178	-1	
-0.73892004166793435	-2.2732253790119787	0.00050274875434629335	-1	
-0.37712083320461842	-2.2299468579402908	0.00048047040952705358	-1	
-0.49082342694360021	-2.2926147600692559	0.00048546279567674816	-1	
-0.25999005989887403	-2.2110110730561785	0.00047278497561714796	-1	
-0.15151757582799011	-2.2930519312407491	0.00046028982909072702	-1	
0.54360706624794286	-2.3633434080869078	0.00039502212482527005	-1	
0.72367295533140874	-2.2647159315489347	0.00038007256213354887	-1	
0.28186720272184529	-2.4001539893970247	0.00041849236679845442	-1	
-0.013158417354999343	-2.2870781220880483	0.00044935789248655493	-1	
0.081195776941603404	-2.388449859509215	0.00043675265999470428	-1	
0.86535169094344444	-2.2624528567629225	0.00036477605356255715	-1	
1.4178271203119837	-2.4111465598915878	0.00029821584401464708	-1	
1.1689634170924759	-2.3671045936450548	0.0003276614359004244	-1	
1.2737355932050229	-2.4474576618585182	0.00031420850263632748	-1	
0.87465121818520708	-2.4038441734170646	0.00035933948955003026	-1	
1.1031018113400393	-2.4922250375482076	0.00033236208875338295	-1	
3.1481506847932579	-1.9506593193740955	8.4761442798071766e-005	-1	
3.1103174866258994	-2.1738915619921659	9.995883135347221e-005	-1	
2.9967426905646994	-2.2996752881778431	0.00011678252880888899	-1	
2.8288431818685451	-2.3227086347233725	0.00013475093608762134	-1	
2.5917204155663858	-2.3648681813345291	0.00016144486803327409	-1	
2.6949417628759011	-2.4591319909803362	0.00015320561644886698	-1	
2.0080349642026927	-2.318439957384121	0.00022790253247265396	-1	
2.138916261099042	-2.4388550207710251	0.00021395331209092392	-1	
2.3808673807915812	-2.4952584538731686	0.00018776282804328762	-1	
2.238208893650754	-2.5304501108518362	0.00020409236049169003	-1	
2.5860204459946194	-2.5653708210602062	0.00016744752563577106	-1	
1.875276776334188	-2.4225020224257827	0.0002444113597196076	-1	
1.7284198806717455	-2.4611192122995749	0.00026165376432639009	-1	
1.5491255777405029	-2.4800056124606997	0.00028231811817103691	-1	
2.9990857968630209	0.12310643056601325	-0.00021587250103051711	-1	
3.2529438715822829	-2.0913434768268915	8.2135296873127818e-005	-1	
3.4172111746421021	-2.1044859726185448	6.7961208163641471e-005	-1	
4.6927662463338278	-2.1543796556914661	-1.6055615179484635e-005	-1	
4.595528515475177	-2.2171470967282896	-8.0320517620445682e-006	-1	
4.1222760976348152	-2.1090308263792332	1.4611291952712571e-005	-1	
4.2746144315615355	-2.3003279052929	1.4445872657352909e-005	-1	
4.1106772640020104	-2.2255315136276002	2.1325266833365946e-005	-1	
4.5170043055634119	-2.3186017824762368	9.4709839548964371e-007	-1	
4.4195053385987855	-2.3803805827181699	9.3226963183815554e-006	-1	
5.0222008850332136	-2.1220640886854634	-3.3368129632752784e-005	-1	
5.0765398517370537	-2.0490738708923426	-3.8896467635389499e-005	-1	
4.9185915843317272	-2.173056957009055	-2.638030546907127e-005	-1	
4.8340885683761767	-2.1974686467368612	-2.1231655750373144e-005	-1	
5.2121690594648724	-1.9218434569924525	-4.9964288924969092e-005	-1	
5.1604876524386798	-2.0139588890001603	-4.3952836750544987e-005	-1	
5.314607449288018	-1.8961024986455901	-5.5017036183619203e-005	-1	
3.7477179085569592	-2.1782916223673818	4.4696380805632308e-005	-1	
3.5986034790420609	-2.1512355404551995	5.5003384901873688e-005	-1	
3.978038151925722	-2.2124189330801296	2.962898693817009e-005	-1	
3.7877608087004959	-2.3244549242118842	4.8921638660529743e-005	-1	
5.8990371506796135	-1.540431112302429	-8.7305781876255897e-005	-1	
5.8429048063958149	-1.6104484477717054	-8.3301853202211038e-005	-1	
5.7556417559623307	-1.5962868527112162	-8.1332288585073671e-005	-1	
5.6976681432223506	-1.6630285261356141	-7.7158591881560604e-005	-1	
5.5091549153331245	-1.8494815476064033	-6.3921822550560826e-005	-1	
5.4578670335818344	-1.9227267870544404	-5.9257301083041208e-005	-1	
5.6672974795368543	-1.8144748062412006	-7.0615485910655205e-005	-1	
5.606417708399233	-1.8804059886001043	-6.6121036392368895e-005	-1	
5.7270173205990353	-1.7474911670110127	-7.4977766715633173e-005	-1	
-2.0091549153331267	-1.8494815476064006	0.00058191146639453742	-1	
-1.9105707288436224	-1.875892343504975	0.00057735833586285579	-1	
-2.1672974795368551	-1.8144748062411979	0.0005885585079199499	-1	
-2.1064177083992344	-1.8804059886001014	0.0005840932606743578	-1	
-1.5370660483805967	-2.0831240573558132	0.00055375117949292563	-1	
-1.617239627798664	-2.0400834676848585	0.00055906192058557123	-1	
-1.8165170911330484	-1.9043757656539109	0.00057273787745268682	-1	
-1.785682750921769	-1.997685119781144	0.00056773552522387295	-1	
-1.3913112687195544	-2.198616067538226	0.0005420512882036814	-1	
-1.4900130920346859	-2.1610106062268373	0.00054830760370175931	-1	
-1.3508176573835697	-2.2961685564205916	0.00053594737374322988	-1	
-1.2520244775181499	-2.3335259479840764	0.00052935430772775593	-1	
-0.91624052245230192	-2.3875981863610862	0.00050833545220444084	-1	
-1.0013402480027302	-2.5044101488853041	0.00050837650288185774	-1	
-1.1743421196377601	-2.4888841048557797	0.00051877485252704565	-1	
-0.6244075781988222	-2.4680035864734111	0.00048648454680841292	-1	
-0.77227301395188863	-2.4002612971045396	0.00049900953487698983	-1	
-0.30192030665009939	-2.32337867695218	0.00047042630978015327	-1	
-0.45166878056721027	-2.4163986824798718	0.00047696002430215806	-1	
-0.27290530496223608	-2.4397520144268809	0.00046289585301462525	-1	
-0.10978638199075956	-2.4511541077754968	0.0004497739180659607	-1	
0.51814442998397336	-2.5186269691534635	0.00039183341697898927	-1	
0.68238684979079622	-2.4658292355070688	0.00037742442339489213	-1	
0.23187830825844788	-2.5782796520342122	0.00041597016388406229	-1	
0.11750257374328986	-2.5143494210221218	0.00042837949844902614	-1	
0.40893850647788532	-2.6319203778505473	0.00039815125971730866	-1	
7.8454620863060986e-007	-2.5723340105147261	0.00043585130280631291	-1	
1.4240511882474363	-2.5596124660397797	0.00029582385948323579	-1	
1.2370816723949691	-2.5743052654934564	0.00031618792314466368	-1	
0.87886617186322302	-2.5448127614766305	0.0003549883303896188	-1	
1.0024060802600057	-2.6128406946168479	0.00034048369205146701	-1	
1.1285616454219305	-2.647272010547892	0.00032657758752364908	-1	
3.1339708072410701	-2.3094976108437848	0.00010380977458797054	-1	
3.2691277379006718	-2.2837947292198675	9.0050206455456945e-005	-1	
2.9099313390143609	-2.4452244871296065	0.00013086468600346065	-1	
3.08525615643644	-2.4511317290118773	0.00011413819119460265	-1	
2.8452061973608203	-2.5799811488294533	0.00014165715136655016	-1	
2.7128324221570232	-2.6494497422573646	0.00015672259359760852	-1	
2.012720932169171	-2.4870569539505452	0.00022892999119044377	-1	
2.0435211103643449	-2.6526624979381581	0.00022695939051396491	-1	
2.4467328115433475	-2.6266039589584134	0.00018333581028483748	-1	
2.3269245974161388	-2.7422455563750869	0.00019792095819726272	-1	
2.1629852014893562	-2.7714150899433969	0.00021543708396136517	-1	
2.6323327027029473	-2.7777739450439656	0.00016773578911410299	-1	
1.8363550994823439	-2.6055253469163375	0.0002495440537044436	-1	
1.6239087973593043	-2.6080225023903902	0.00027314934457061817	-1	
1.5054028582622991	-2.6605119462195765	0.00028593690785820472	-1	
3.4597955858636893	-2.3145384087294527	7.4693357084940973e-005	-1	
4.6980332224994257	-2.2708845417245249	-1.1093628167741561e-005	-1	
4.7845545808546204	-2.2701534070457803	-1.5593078576262699e-005	-1	
4.6321262536830456	-2.3269447903056992	-5.1151164031517136e-006	-1	
4.1445515296250397	-2.359624550534122	2.5498029061931188e-005	-1	
4.2556449487230585	-2.4420057416606489	2.2033024434502663e-005	-1	
3.9396578773319417	-2.3400591631923717	3.8567075694477804e-005	-1	
4.5758713963154314	-2.4178858917027166	1.8720212798436065e-006	-1	
4.4006639161799157	-2.5400740171765266	1.7180910528571931e-005	-1	
4.5034330861005154	-2.5175415298101087	1.0158803239356269e-005	-1	
5.0566130159308864	-2.2682631044998569	-2.8940001813498588e-005	-1	
5.1147827676055373	-2.1316436873012723	-3.7124064151573552e-005	-1	
4.9555449946630725	-2.2824626482531647	-2.3574071874521283e-005	-1	
4.8699432783211245	-2.2777875739938556	-1.9579899920011537e-005	-1	
5.2856827509217688	-1.9976851197811458	-4.9728558075496008e-005	-1	
5.2568067091443664	-2.0955756003043464	-4.464432836199405e-005	-1	
5.3851286060728913	-1.9747309511171456	-5.4519554114183199e-005	-1	
3.5901768087844319	-2.2847178294253472	6.2399886266686352e-005	-1	
3.6557899994357359	-2.4012658429343579	6.2632960350969219e-005	-1	
3.8486980829492614	-2.464465139339628	5.0742327470294123e-005	-1	
5.785559040343669	-1.6794754747749348	-7.921109525076028e-005	-1	
5.5443965517542164	-1.945264630810887	-6.1545200593787262e-005	-1	
5.48125290184693	-2.0090309763028316	-5.6850988253046176e-005	-1	
-2.0443965517542169	-1.9452646308108843	0.00057953903105202478	-1	
-1.98125290184693	-2.0090309763028293	0.00057483103531623305	-1	
-1.8851286060728918	-1.9747309511171445	0.00057252964632623993	-1	
-1.6131305516798207	-2.1330688922616465	0.00055503316003148765	-1	
-1.7568067091443664	-2.0955756003043446	0.00056264786934494824	-1	
-1.851675394978747	-2.133209420384838	0.00056507702397952224	-1	
-1.9170059928448215	-2.0716856012293809	0.00057003335645851045	-1	
-1.4555449946630727	-2.2824626482531651	0.00054164861548764104	-1	
-1.5566130159308869	-2.2682631044998574	0.00054700312082632454	-1	
-1.4182471174046241	-2.3774639130753092	0.0005360318214772924	-1	
-1.3561325947352543	-2.4417841897374242	0.0005303400887037025	-1	
-1.2761544543864327	-2.4817692992493279	0.00052457807364965164	-1	
-0.87522054345931954	-2.5261779799853112	0.00049997731261152518	-1	
-1.130508144898503	-2.5810521829758728	0.0005127315954049789	-1	
-0.98273563627931959	-2.5956079674606265	0.00050365237591409103	-1	
-1.2183216132729915	-2.6330634003990028	0.0005156559944888365	-1	
-1.2924723288062387	-2.5825169986782122	0.00052160439383065543	-1	
-0.66367822093446793	-2.6215488924445558	0.00048269056836418496	-1	
-0.55061891559535769	-2.6082661175992796	0.00047563878122100533	-1	
-0.752255536689316	-2.5616691824863342	0.00049083802315666794	-1	
-0.39355658384962239	-2.5870583757763668	0.00046551067475456709	-1	
-0.18558074853711379	-2.6089569701354618	0.00044915956600747957	-1	
0.58544975459361703	-2.6608638260584603	0.00038083985971959977	-1	
0.75961138716266419	-2.6201002437033507	0.0003650649844577548	-1	
0.11173860836495761	-2.6507160895790327	0.00042365772544756343	-1	
0.19427124752927732	-2.7594242082398077	0.00041288247057347401	-1	
0.4695541627549954	-2.7971068284399152	0.00038752010352531135	-1	
0.30478027739206853	-2.8588351683384055	0.00040022009316984512	-1	
-0.075437579347622408	-2.7627432792589768	0.00043478512068684006	-1	
0.046150526405655562	-2.7718755793594276	0.00042472522724430528	-1	
1.4017638362441847	-2.7458294152000939	0.00029631059270458998	-1	
1.2604227830175772	-2.8109755116092763	0.00031037175422129435	-1	
0.96350542478334489	-2.7521198841812278	0.00034151737548666807	-1	
1.1128468955208455	-2.777094153395768	0.00032594600187194317	-1	
3.2212360389159853	-2.4158593209175745	0.00010012220141164504	-1	
3.3525613291662557	-2.4819749328677911	9.1219391816411532e-005	-1	
2.9922433071377168	-2.6069772630501085	0.00012839712570222769	-1	
3.2256834728818964	-2.5562690482979837	0.00010516647618611286	-1	
3.1288208085015046	-2.6730387002088567	0.00011801398306358572	-1	
2.8424125487408212	-2.7355125130000673	0.00014640718427333751	-1	
1.8680732586213724	-2.7317892047414363	0.0002464403827958129	-1	
1.9747409271864926	-2.8064257366472485	0.00023546218380106476	-1	
2.4809049682582494	-2.7818906298688746	0.00018292047192532314	-1	
2.2988121258985088	-2.9063695222380943	0.0002031768130316202	-1	
2.0817102841072224	-2.9447818687534131	0.00022535238397034332	-1	
2.6716830400465437	-2.9240574260113896	0.00016706173521001955	-1	
2.8265294710461997	-2.8927013978976555	0.00015186119286188999	-1	
2.4840308892789067	-2.9408620583545444	0.00018539210547201826	-1	
1.7323072530400569	-2.7918386621713407	0.00026101670180932591	-1	
1.6056598872854353	-2.7426540635907184	0.00027467031007984892	-1	
1.5194537909372481	-2.84766448660924	0.00028320477721544598	-1	
3.5241204696855961	-2.4339978532503843	7.4653141673107048e-005	-1	
4.7369322666075497	-2.3481719558164755	-9.8332684839073379e-006	-1	
4.8282254258456554	-2.3526817055720524	-1.4389300787124953e-005	-1	
4.6607435301123603	-2.4299784954245651	-2.3371211641924609e-006	-1	
4.0859116382829574	-2.4848833688332825	3.4993141496561438e-005	-1	
4.2372674994507147	-2.6184011087385715	3.0545633841531256e-005	-1	
3.9616564156742493	-2.5402963839181094	4.5908138646076379e-005	-1	
4.6151631945106892	-2.5025866434966408	3.130524545840072e-006	-1	
4.3562118910259917	-2.635432460603429	2.3726189129753958e-005	-1	
4.4543624972167084	-2.6305487521455877	1.7543242343893557e-005	-1	
4.5564076618539486	-2.6287721430293467	1.1437009108499005e-005	-1	
5.079918945078731	-2.3676271102179696	-2.6177070902117321e-005	-1	
5.1493820855674644	-2.3108103921285323	-3.1574045856145215e-005	-1	
5.1336071133076819	-2.222796403657735	-3.4272892225748185e-005	-1	
5.2013076726511729	-2.165945502080076	-3.9492156318166467e-005	-1	
5.0094747957062173	-2.4232228758858243	-2.0653845660461203e-005	-1	
4.9182471174046238	-2.3774639130753079	-1.7943608991747965e-005	-1	
5.3516753949787468	-2.1332094203848397	-4.707087796948928e-005	-1	
5.4170059928448211	-2.0716856012293827	-5.203064433334301e-005	-1	
5.2852810085816877	-2.1935836930178927	-4.2022249799105268e-005	-1	
3.7134095240221199	-2.5382725706640454	6.406074684518504e-005	-1	
3.8386860203428337	-2.6182516462173653	5.79411822205358e-005	-1	
-1.700534432472862	-2.165064756253603	0.00055751886962027424	-1	
-1.6343648645836395	-2.2236905102442153	0.00055231735505522077	-1	
-1.785281008581689	-2.1935836930178909	0.00056003987706996312	-1	
-1.5094747957062187	-2.4232228758858252	0.00053873231411774591	-1	
-1.5799189450787321	-2.3676271102179696	0.0005442444393063472	-1	
-1.6493820855674652	-2.3108103921285315	0.00054962735593274651	-1	
-1.4380710954202311	-2.4775807541233075	0.00053313960326706116	-1	
-1.3657295944795798	-2.5306841869941286	0.00052742821739873707	-1	
-0.85633124144015393	-2.6286124768785215	0.00049472013151767623	-1	
-1.1433000349061038	-2.6823079952328825	0.00050964940712388575	-1	
-1.0640581743942936	-2.6408828886070497	0.00050664432018210966	-1	
-0.98953217522479031	-2.6884356613274836	0.0005004999309305147	-1	
-0.60279682907736754	-2.7094407388044828	0.00047521762153763728	-1	
-0.70545863220821914	-2.7199659527786819	0.00048160810956764463	-1	
-0.49588716985748393	-2.7080823218941594	0.00046795349675612886	-1	
-0.80371988666880667	-2.7185106261011827	0.00048796106031421621	-1	
-0.39574168701721768	-2.7455309907317011	0.00045949645268484755	-1	
-0.25812599926826618	-2.7836536592548966	0.00044800933971174601	-1	
0.62190166497947807	-2.8092867712895839	0.00037325529321923911	-1	
0.74794561942834381	-2.7563217051203628	0.00036266882069635768	-1	
0.14143209930715545	-2.8983587578813599	0.00041281301284147359	-1	
0.45738374363668183	-2.972642301045036	0.00038385340255755952	-1	
0.20451181433163346	-2.9937074272472843	0.00040477062996217931	-1	
0.29893562703538001	-3.0267938863910673	0.00039598911400437795	-1	
-0.16676552583669679	-2.8435286279051502	0.00043900916203391322	-1	
-0.065411564146145962	-2.8842609544547062	0.00042983470373209715	-1	
0.031442468260205955	-2.9295469008138535	0.00042074864326764708	-1	
1.3799380753846444	-2.8999233585186532	0.00029716196642790878	-1	
1.2439700611170696	-2.9608193655760302	0.0003101772355040122	-1	
0.85233899423695614	-2.8446076042406996	0.00035052324526640863	-1	
1.0106580295405014	-2.8888260856017913	0.00033429629217690711	-1	
3.2850564610583284	-2.6885457391287688	0.00010476465231727951	-1	
3.4765163054869164	-2.5610493904897917	8.383321881808138e-005	-1	
2.9886900658569662	-2.7884341314533994	0.00013423426480651071	-1	
3.2008400038885165	-2.8065705797510172	0.00011589091627564554	-1	
1.8498201945235158	-2.8606900544790741	0.00024871984059943755	-1	
1.9435667309593478	-3.0520256160540984	0.00023985265986948729	-1	
2.3679197804740379	-3.0498158707655163	0.00019819208966492845	-1	
2.1233005561149865	-3.1146497935824784	0.00022257960445101521	-1	
2.6251961544444757	-3.065634223786756	0.00017411769732141396	-1	
2.8003172439152824	-3.0913871272309921	0.00015862853503293846	-1	
2.9452961707827909	-2.9968891549811003	0.00014359927365251941	-1	
2.5038080912927341	-3.1520631444416818	0.00018677254742381253	-1	
1.6463549014004697	-2.8978165664632627	0.00026985870000495492	-1	
1.6060763641240858	-3.028188198290735	0.00027357788029775732	-1	
1.4881247292420225	-3.0454289185935313	0.00028526788076791397	-1	
4.7459832577952454	-2.4391272103378738	-6.5773895185626961e-006	-1	
4.8561325947352527	-2.441784189737422	-1.2262857952643222e-005	-1	
4.7037645139425495	-2.5320462591561541	-6.3219551309017374e-007	-1	
4.1345601249114896	-2.6807632001789403	3.9728706454547039e-005	-1	
3.9907580672370551	-2.6731988160352373	4.9225028867819123e-005	-1	
4.1903295622315149	-2.7556486635271802	3.8878953896012177e-005	-1	
4.303719886668806	-2.7185106261011796	3.0182796951438798e-005	-1	
4.6383688538828132	-2.5930275641740521	5.3624436352672631e-006	-1	
4.405764890912911	-2.7202964241339722	2.3879319888724009e-005	-1	
4.5674304460050958	-2.7302357827992196	1.4556883238839603e-005	-1	
4.4907359571817125	-2.7768321638296394	2.0804893147681179e-005	-1	
4.6433000349061029	-2.6823079952328799	8.4283456438792455e-006	-1	
5.2178430580269186	-2.2527900285402382	-3.6855089901128519e-005	-1	
4.9380710954202298	-2.4775807541233057	-1.5059210852897248e-005	-1	
3.6829500986153931	-2.6837479172374414	7.2178598438592666e-005	-1	
3.9325794653677528	-2.7498917612999065	5.6247108624102028e-005	-1	
3.8076984292343585	-2.7976833938968739	6.6998387015818384e-005	-1	
-1.7178430580269199	-2.2527900285402369	0.00055489028907820901	-1	
-0.90576489091291179	-2.7202964241339758	0.0004942523389505389	-1	
-1.0674304460050963	-2.7302357827992232	0.00050354804688883996	-1	
-0.99073595718171326	-2.7768321638296429	0.00049734892548592867	-1	
-0.55184703187108164	-2.7991867365755185	0.00046845026147276768	-1	
-0.65009921839896267	-2.8011615647697381	0.00047497597025351044	-1	
-0.75201973613108952	-2.8065075942317437	0.00048145558832076877	-1	
-0.91323993032020689	-2.8220829446150919	0.00049104393909500936	-1	
-0.83496597146107987	-2.8659743413293883	0.00048461907016648313	-1	
-0.37813295019612048	-2.8610471156898298	0.00045406714861677031	-1	
-0.49368765552801758	-2.8784008707138908	0.00046161546216771064	-1	
-0.27535978372435765	-2.9254084194686802	0.00044440355677535169	-1	
0.67525912092285445	-2.9525037197876949	0.00036483014753147826	-1	
0.1053236231233821	-3.0068327047308574	0.00041249209481168696	-1	
0.50003910429400833	-3.1197818028713766	0.00037655906464350376	-1	
0.40885303834871128	-3.1179498488006927	0.00038441842900903064	-1	
0.58093387619260284	-3.0776594743771977	0.00037044182880249452	-1	
0.16968551093053189	-3.087503476074513	0.00040504428253126831	-1	
0.23952066953842274	-3.1566442218480226	0.00039756205325790813	-1	
-0.16021988429185627	-2.9525648721236473	0.00043492712114195106	-1	
0.0055722633640545305	-3.0332881801082854	0.00041964161267305872	-1	
-0.091706895249172471	-3.0472222176928847	0.00042676480344354362	-1	
1.2764452969664029	-3.1080240926946776	0.00030551527572987146	-1	
1.106397819072179	-3.022445259876132	0.00032287930448081972	-1	
0.80133299720243378	-3.0455982546441032	0.00035125195798454533	-1	
0.93502463501411759	-3.0347705293663378	0.00033901631665435902	-1	
3.4293482901238086	-2.7027634297668568	9.3057513528622187e-005	-1	
3.3813692756987255	-2.844204953996178	0.00010181941245137398	-1	
3.5510588478876306	-2.7893326548432964	8.6307562691273796e-005	-1	
3.1071140951855467	-2.9653868828906869	0.00012858837371475991	-1	
3.3229489936601824	-2.9447608786945114	0.00010974845020167023	-1	
3.2208430063432485	-3.0158862553875716	0.00012029352593945336	-1	
1.8095042094664662	-2.9907839705077954	0.00025312154865688157	-1	
1.8884927532732361	-3.2109500467942067	0.00024576625072605425	-1	
1.801266541040756	-3.1379418436820039	0.00025411851548919626	-1	
1.988577553045441	-3.2140877757317106	0.0002361447008468401	-1	
2.2727800484055285	-3.1774918442637179	0.00020873350759416349	-1	
2.2083658745113897	-3.2420601714825064	0.00021539675025807588	-1	
2.1208772428630773	-3.2678282527188478	0.00022384238684560728	-1	
2.6717225720875342	-3.2071980350614258	0.00017229833077542998	-1	
2.969248398699587	-3.1478484306465266	0.0001449333947953335	-1	
2.8370381432885647	-3.2605034527120433	0.00015864660797918864	-1	
3.0508016380023624	-3.1074830450401278	0.00013700011896618426	-1	
2.4011197431461988	-3.2813029251167403	0.00019790048935594575	-1	
2.5758805059086587	-3.25158232781137	0.00018162011509921834	-1	
2.4927711667804995	-3.3167628835164984	0.0001899988804022172	-1	
1.704993375143099	-3.0947107924898134	0.00026359008923070699	-1	
1.6134192977357737	-3.1471668179410117	0.00027249881655005807	-1	
1.5224615818775746	-3.20313215130852	0.00028113641223894255	-1	
1.4163544661660177	-3.1899915638227689	0.000291377655308675	-1	
4.7924723288062374	-2.5825169986782095	-3.5036723169368375e-006	-1	
4.8657295944795784	-2.5306841869941268	-9.3499433859610904e-006	-1	
4.718321613272991	-2.6330634003990001	2.4077122199517226e-006	-1	
4.1047771522645577	-2.7611527809735281	4.477083116687451e-005	-1	
4.025520548667691	-2.7749619149466276	5.0675657585964866e-005	-1	
4.2588068095014879	-2.8191225114190464	3.6727429386271503e-005	-1	
4.1740421592337187	-2.8475876827924531	4.3264325357509046e-005	-1	
4.4132399303202057	-2.8220829446150884	2.7104387475405236e-005	-1	
4.3349659714610791	-2.8659743413293848	3.3545236295333362e-005	-1	
3.7046662949148295	-2.9152719253112211	7.8760762986293732e-005	-1	
3.9740277088294151	-2.8367744447459136	5.6459202453815827e-005	-1	
3.7897566388545392	-2.952992040084351	7.3663461225020554e-005	-1	
3.9144947131765075	-2.9149614931138941	6.3384421532123174e-005	-1	
-0.59535951229696105	-2.8873006182917025	0.00046828695956939377	-1	
-0.75593792361045775	-2.9084929842279088	0.00047814880557197888	-1	
-0.67617985947727721	-2.9496259217201377	0.00047154128031320843	-1	
-0.43597508576160804	-2.9625770624592458	0.00045476124680896615	-1	
-0.36098364023331786	-3.0112760872329738	0.00044784030260298485	-1	
-0.59571607414050742	-2.9893606243148509	0.00046488956694720941	-1	
-0.51457107764863208	-3.0276849884367198	0.00045810094285116408	-1	
-0.27993628722069375	-3.0465849716002462	0.00044087408055547967	-1	
0.68314791739818137	-3.109025224988931	0.00036073932180370039	-1	
0.072951903051073574	-3.1048240190951448	0.00041230337240312346	-1	
0.45472875135109775	-3.1989349872323736	0.00037868966623611405	-1	
0.57757427378551085	-3.2426944125741319	0.00036729290006163673	-1	
0.30969075932729617	-3.2307558300131061	0.00039003037518048784	-1	
0.67196747509469212	-3.2153573379224731	0.00035964278053951629	-1	
0.14049278929240527	-3.1813393812881632	0.00040492239951575679	-1	
0.24224753809313748	-3.3073572913265412	0.00039371890023689446	-1	
0.15610631976106726	-3.2821986378395458	0.00040119154068277266	-1	
-0.19221619579712648	-3.0649493852374863	0.00043383227397912101	-1	
-0.02687750072139124	-3.1260481117312944	0.0004195236363453334	-1	
-0.099499881483179564	-3.1977583744437061	0.0004230700056224605	-1	
-0.18367628518543233	-3.1666520985372681	0.00043025415489194181	-1	
1.3440031332042335	-3.2455211892217375	0.00029789745753934911	-1	
1.253884273008681	-3.2595513608297835	0.00030626216699841457	-1	
1.1298076874003751	-3.1888672204839272	0.00031855514884176811	-1	
1.0310729812449837	-3.1726799420037715	0.00032794546849823967	-1	
0.76706617093225649	-3.1752766193501354	0.00035199442816841197	-1	
0.93567086205223593	-3.2028296656794266	0.00033628635887475059	-1	
3.5024595604715643	-2.9288560189060995	9.4775820081127423e-005	-1	
3.4328891126935801	-2.9826764898899296	0.0001019671763024913	-1	
3.5903703314299835	-2.9317519903228941	8.8006360581965054e-005	-1	
3.1415415442963566	-3.1143068710700135	0.00012947469481196233	-1	
3.3371263009502163	-3.0601880301945106	0.00011189860956190898	-1	
3.2604793304615782	-3.1566442218480142	0.00012068031422082631	-1	
1.8836704464329526	-3.3109678344375348	0.00024645020384964235	-1	
1.7969851492475628	-3.2516092510880474	0.00025463639502076505	-1	
1.7060948218429699	-3.2002391444825693	0.00026339872730711593	-1	
1.9711132190198768	-3.355813721943727	0.00023832363575190571	-1	
2.3193749768556846	-3.3358481841959291	0.00020594364126666953	-1	
2.1890512755096103	-3.3311960281491544	0.00021788791611966653	-1	
2.0603752284872119	-3.4052977156350872	0.00023019886127343309	-1	
2.760675819620416	-3.3282173175389325	0.00016645010927161395	-1	
2.6761305801299411	-3.357327700494726	0.00017427829526460838	-1	
2.9335368675896332	-3.2937354880704102	0.00015097994043503064	-1	
3.047390413330278	-3.1984152106481538	0.00013935008564976877	-1	
2.9091922879005461	-3.3928501358554635	0.000154843392465677	-1	
2.8211861417797839	-3.4104053512054149	0.00016261230755246835	-1	
2.4118713774609386	-3.3789850343459573	0.00019797735506417048	-1	
2.5867166754372395	-3.3566453780350174	0.00018213576064214144	-1	
2.4665011521042275	-3.4651938487921425	0.00019404145738456224	-1	
2.5555175095948437	-3.4538203954856561	0.00018608762421175123	-1	
1.6165481280581109	-3.2539171576776664	0.00027194250245220723	-1	
1.5299160432226746	-3.3097896688595618	0.00028001731487786442	-1	
1.441703919937755	-3.3531026393126813	0.00028812239831432421	-1	
4.0722304655691017	-2.8404637092568694	4.9837171566899953e-005	-1	
4.2559379236104569	-2.9084929842279044	4.0023990433577911e-005	-1	
4.1761798594772763	-2.9496259217201324	4.6611505684611038e-005	-1	
3.6922161957971262	-3.0649493852374778	8.4395066968826393e-005	-1	
4.0159957628172887	-2.9256343037846091	5.6620965432758182e-005	-1	
3.7794919170619705	-3.045500467683123	7.7341062363440574e-005	-1	
3.8614468699154583	-3.012352670646266	7.0365692538599162e-005	-1	
4.0145710776486316	-3.0276849884367145	6.0068593266504833e-005	-1	
3.932769587553651	-3.0645873401131709	6.6958840875391213e-005	-1	
-0.43276958755365141	-3.0645873401131771	0.00045126319439719531	-1	
-0.3503365213818781	-3.1000564385304203	0.00044433798508453423	-1	
-0.26729698904381416	-3.1340814794574756	0.00043733549780199707	-1	
-0.014793418885058696	-3.2273908319038163	0.00041586550080718285	-1	
0.070417300199852928	-3.2555404445840015	0.0004085387777937353	-1	
0.39137714160842246	-3.2671240423166599	0.00038247456932836006	-1	
0.47695019365225017	-3.28931961641418	0.00037489755371303241	-1	
0.50312135049439477	-3.3737616752187707	0.00037107127051590877	-1	
0.59080771209945393	-3.3928501358554732	0.00036336743908453676	-1	
0.65274319721149854	-3.3117306705605825	0.00035955742502007094	-1	
0.32881471574649135	-3.3310087414754181	0.0003862245717968596	-1	
0.74864724530164017	-3.2768195616449813	0.00035183693584970254	-1	
1.3131259525551635	-3.3313399190740336	0.0003002022387826955	-1	
1.1758170448894987	-3.3878629147592885	0.00031230756605829768	-1	
1.0938436507340219	-3.3270621366686743	0.00032033772464711176	-1	
1.0130632805980311	-3.2710985422112153	0.00032832826577979234	-1	
0.84202889467634301	-3.2462048647827433	0.00034407414270075051	-1	
0.92080695431323167	-3.3049535619917321	0.00033617342426597201	-1	
3.5117395025122033	-3.0163235727570727	9.6728569936556174e-005	-1	
3.4489199076329524	-3.0746605992430367	0.00010335132765242858	-1	
3.5917068952491715	-3.0472222176928767	9.1467379545742867e-005	-1	
3.190309240672704	-3.2307558300130967	0.00012818853767943179	-1	
3.3595072107075943	-3.1813393812881556	0.00011332304310359822	-1	
3.3438936802389319	-3.2821986378395378	0.00011703941734502516	-1	
3.2577524619068625	-3.3073572913265319	0.00012450644937283514	-1	
1.8841526214034803	-3.4092386826642818	0.00024655769525757331	-1	
1.7966719544151908	-3.3566696340798021	0.00025473743246405995	-1	
1.7062915007546557	-3.3046417344206445	0.00026330845641749182	-1	
2.0191894196976015	-3.4986791973118034	0.0002342834445675592	-1	
1.9294718535310806	-3.5006856025968744	0.0002425049789678925	-1	
2.2879407991793763	-3.4832719190474304	0.00021002930443261223	-1	
2.3772998581063169	-3.4750120202161088	0.00020198461504967812	-1	
2.2375097897272602	-3.4106626632238455	0.00021401222149440981	-1	
2.1492279923363107	-3.4153225983132565	0.00022207629988773	-1	
2.1088583048437259	-3.4951073101826724	0.00022614537283214477	-1	
2.7328870186679621	-3.4264219737799597	0.00017038910499005762	-1	
2.6443218153333534	-3.4408951247607038	0.00017821436033849306	-1	
2.996878649505605	-3.3737616752187609	0.00014716510504840603	-1	
3.0227805609131773	-3.2881789497318437	0.00014332491355999847	-1	
3.1089119701973149	-3.2682598362891597	0.00013574914719572889	-1	
1.6161036785664435	-3.3570028409385082	0.00027178221741025991	-1	
1.52771887890554	-3.4080371348465794	0.00027993856946898887	-1	
1.3911416951562758	-3.4951073101826875	0.00029214540618140557	-1	
1.4808105803024003	-3.4986791973118181	0.00028397665590777787	-1	
1.3507049273629732	-3.4164926896846857	0.00029620022896030313	-1	
4.0957160741405065	-2.9893606243148456	5.3318106570566377e-005	-1	
3.7672969890438135	-3.1340814794574685	8.0885877066804406e-005	-1	
3.6836762851854314	-3.1666520985372597	8.7974035434652129e-005	-1	
3.8503365213818781	-3.1000564385304141	7.3875622030008996e-005	-1	
0.41578148352022026	-3.3531457838253433	0.0003786732897082106	-1	
0.67881385822021589	-3.4104053512054251	0.00035566668864347843	-1	
0.76711298133203776	-3.4264219737799699	0.0003478599014388114	-1	
0.82617970850842504	-3.3431904070131253	0.00034399732608523414	-1	
1.2625777012669881	-3.4094939207756987	0.00030425746591137431	-1	
1.212059200820625	-3.4832719190474437	0.00030826032524599483	-1	
1.1227001418936844	-3.4750120202161234	0.0003162619774702461	-1	
1.0334988478957736	-3.4651938487921559	0.00032426240428879528	-1	
1.0006084959373545	-3.3685781320901373	0.00032824813051129362	-1	
0.8556781846666468	-3.4408951247607158	0.00034005984142720404	-1	
0.94448249040515697	-3.4538203954856685	0.0003321572378701998	-1	
3.5268775007213904	-3.1260481117312864	9.8706794867204459e-005	-1	
3.4479270206086303	-3.1680258868783748	0.00010598274595742044	-1	
3.5994998814831787	-3.1977583744436986	9.516216307545728e-005	-1	
3.1711852842535082	-3.3310087414754084	0.00013199862274869265	-1	
3.4295826998001466	-3.2555404445839939	0.0001096698389569444	-1	
1.83973293518393	-3.5011259148674014	0.00025074818006715408	-1	
1.75	-3.5	0.00025914981289357246	-1	
1.7039834257909927	-3.4089019930851503	0.00026347655615206587	-1	
2.1984511949583956	-3.489971029240905	0.00021805801733659197	-1	
3.0842185164797793	-3.3531457838253336	0.00013955144881388552	-1	
1.6602670648160722	-3.5011259148674165	0.00026752895200573673	-1	
1.5705281464689218	-3.5006856025968891	0.00027581210644212368	-1	
1.3015488050416057	-3.4899710292409187	0.00030022003839742274	-1	
3.5147934188850583	-3.2273908319038087	0.00010237762448881927	-1	
14244
3	1	0	9	-1	-1	-1	0
0	2	4	9	-1	-1	-1	0
4	3	0	9	-1	-1	-1	0
1	3	6	9	-1	-1	-1	0
6	5	1	9	-1	-1	-1	0
4	2	8	9	-1	-1	-1	0
3	4	9	9	-1	-1	-1	0
2	7	8	9	-1	-1	-1	0
3	9	6	9	-1	-1	-1	0
4	8	11	9	-1	-1	-1	0
6	14	5	9	-1	-1	-1	0
10	4	11	9	-1	-1	-1	0
9	4	12	9	-1	-1	-1	0
4	10	12	9	-1	-1	-1	0
6	9	14	9	-1	-1	-1	0
8	7	16	9	-1	-1	-1	0
5	14	13	9	-1	-1	-1	0
17	11	8	9	-1	-1	-1	0
16	7	15	9	-1	-1	-1	0
12	18	9	9	-1	-1	-1	0
11	20	10	9	-1	-1	-1	0
14	9	18	9	-1	-1	-1	0
16	17	8	9	-1	-1	-1	0
21	12	10	9	-1	-1	-1	0
19	10	20	9	-1	-1	-1	0
21	10	19	9	-1	-1	-1	0
17	22	11	9	-1	-1	-1	0
14	25	13	9	-1	-1	-1	0
12	23	18	9	-1	-1	-1	0
22	20	11	9	-1	-1	-1	0
23	12	21	9	-1	-1	-1	0
14	18	25	9	-1	-1	-1	0
27	16	15	9	-1	-1	-1	0
16	27	17	9	-1	-1	-1	0
24	13	25	9	-1	-1	-1	0
28	22	17	9	-1	-1	-1	0
27	15	26	9	-1	-1	-1	0
18	23	29	9	-1	-1	-1	0
20	31	19	9	-1	-1	-1	0
19	30	21	9	-1	-1	-1	0
25	18	29	9	-1	-1	-1	0
27	28	17	9	-1	-1	-1	0
20	22	33	9	-1	-1	-1	0
23	21	34	9	-1	-1	-1	0
26	28	27	9	-1	-1	-1	0
19	32	30	9	-1	-1	-1	0
32	19	31	9	-1	-1	-1	0
22	28	33	9	-1	-1	-1	0
20	33	31	9	-1	-1	-1	0
21	30	34	9	-1	-1	-1	0
24	25	38	9	-1	-1	-1	0
23	36	29	9	-1	-1	-1	0
35	23	34	9	-1	-1	-1	0
29	39	25	9	-1	-1	-1	0
28	26	40	9	-1	-1	-1	0
35	36	23	9	-1	-1	-1	0
24	38	37	9	-1	-1	-1	0
28	41	33	9	-1	-1	-1	0
39	38	25	9	-1	-1	-1	0
30	32	44	9	-1	-1	-1	0
44	34	30	9	-1	-1	-1	0
36	43	29	9	-1	-1	-1	0
31	33	45	9	-1	-1	-1	0
46	32	31	9	-1	-1	-1	0
28	40	42	9	-1	-1	-1	0
29	43	39	9	-1	-1	-1	0
42	41	28	9	-1	-1	-1	0
52	35	34	9	-1	-1	-1	0
45	46	31	9	-1	-1	-1	0
35	53	36	9	-1	-1	-1	0
50	33	41	9	-1	-1	-1	0
49	44	32	9	-1	-1	-1	0
46	47	32	9	-1	-1	-1	0
32	47	48	9	-1	-1	-1	0
50	45	33	9	-1	-1	-1	0
48	49	32	9	-1	-1	-1	0
34	44	51	9	-1	-1	-1	0
56	37	38	9	-1	-1	-1	0
56	38	39	9	-1	-1	-1	0
43	36	54	9	-1	-1	-1	0
34	51	52	9	-1	-1	-1	0
43	56	39	9	-1	-1	-1	0
40	57	42	9	-1	-1	-1	0
53	35	52	9	-1	-1	-1	0
41	42	58	9	-1	-1	-1	0
36	53	54	9	-1	-1	-1	0
49	51	44	9	-1	-1	-1	0
56	55	37	9	-1	-1	-1	0
50	41	58	9	-1	-1	-1	0
45	61	46	9	-1	-1	-1	0
62	47	46	9	-1	-1	-1	0
59	43	54	9	-1	-1	-1	0
50	61	45	9	-1	-1	-1	0
42	57	58	9	-1	-1	-1	0
47	64	48	9	-1	-1	-1	0
56	43	60	9	-1	-1	-1	0
65	49	48	9	-1	-1	-1	0
59	60	43	9	-1	-1	-1	0
61	62	46	9	-1	-1	-1	0
47	62	63	9	-1	-1	-1	0
67	51	49	9	-1	-1	-1	0
52	51	71	9	-1	-1	-1	0
63	64	47	9	-1	-1	-1	0
58	69	50	9	-1	-1	-1	0
52	72	53	9	-1	-1	-1	0
66	48	64	9	-1	-1	-1	0
66	65	48	9	-1	-1	-1	0
53	73	54	9	-1	-1	-1	0
70	61	50	9	-1	-1	-1	0
49	65	68	9	-1	-1	-1	0
67	49	68	9	-1	-1	-1	0
74	59	54	9	-1	-1	-1	0
55	56	76	9	-1	-1	-1	0
69	70	50	9	-1	-1	-1	0
67	71	51	9	-1	-1	-1	0
77	58	57	9	-1	-1	-1	0
56	60	76	9	-1	-1	-1	0
52	71	72	9	-1	-1	-1	0
73	53	72	9	-1	-1	-1	0
60	59	79	9	-1	-1	-1	0
73	74	54	9	-1	-1	-1	0
62	61	82	9	-1	-1	-1	0
69	58	78	9	-1	-1	-1	0
75	55	76	9	-1	-1	-1	0
63	62	83	9	-1	-1	-1	0
64	63	84	9	-1	-1	-1	0
79	59	74	9	-1	-1	-1	0
78	58	77	9	-1	-1	-1	0
82	61	70	9	-1	-1	-1	0
64	85	66	9	-1	-1	-1	0
76	60	80	9	-1	-1	-1	0
66	86	65	9	-1	-1	-1	0
86	68	65	9	-1	-1	-1	0
81	60	79	9	-1	-1	-1	0
80	60	81	9	-1	-1	-1	0
68	89	67	9	-1	-1	-1	0
82	83	62	9	-1	-1	-1	0
71	67	89	9	-1	-1	-1	0
84	63	83	9	-1	-1	-1	0
70	69	91	9	-1	-1	-1	0
80	75	76	9	-1	-1	-1	0
85	64	84	9	-1	-1	-1	0
87	66	85	9	-1	-1	-1	0
95	72	71	9	-1	-1	-1	0
92	69	78	9	-1	-1	-1	0
88	86	66	9	-1	-1	-1	0
66	87	88	9	-1	-1	-1	0
72	97	73	9	-1	-1	-1	0
90	68	86	9	-1	-1	-1	0
82	70	94	9	-1	-1	-1	0
74	73	99	9	-1	-1	-1	0
89	68	90	9	-1	-1	-1	0
92	91	69	9	-1	-1	-1	0
74	100	79	9	-1	-1	-1	0
91	93	70	9	-1	-1	-1	0
96	71	89	9	-1	-1	-1	0
75	80	102	9	-1	-1	-1	0
93	94	70	9	-1	-1	-1	0
78	77	103	9	-1	-1	-1	0
71	96	95	9	-1	-1	-1	0
102	80	81	9	-1	-1	-1	0
72	95	98	9	-1	-1	-1	0
105	81	79	9	-1	-1	-1	0
98	97	72	9	-1	-1	-1	0
97	99	73	9	-1	-1	-1	0
108	83	82	9	-1	-1	-1	0
99	101	74	9	-1	-1	-1	0
78	104	92	9	-1	-1	-1	0
100	74	101	9	-1	-1	-1	0
84	83	109	9	-1	-1	-1	0
85	84	109	9	-1	-1	-1	0
111	87	85	9	-1	-1	-1	0
105	79	100	9	-1	-1	-1	0
94	108	82	9	-1	-1	-1	0
103	104	78	9	-1	-1	-1	0
112	86	88	9	-1	-1	-1	0
86	112	90	9	-1	-1	-1	0
88	87	113	9	-1	-1	-1	0
81	106	102	9	-1	-1	-1	0
112	89	90	9	-1	-1	-1	0
105	107	81	9	-1	-1	-1	0
106	81	107	9	-1	-1	-1	0
117	91	92	9	-1	-1	-1	0
83	108	110	9	-1	-1	-1	0
91	117	93	9	-1	-1	-1	0
96	89	116	9	-1	-1	-1	0
110	109	83	9	-1	-1	-1	0
85	109	111	9	-1	-1	-1	0
93	121	94	9	-1	-1	-1	0
113	87	111	9	-1	-1	-1	0
92	104	118	9	-1	-1	-1	0
124	95	96	9	-1	-1	-1	0
88	115	112	9	-1	-1	-1	0
114	88	113	9	-1	-1	-1	0
112	116	89	9	-1	-1	-1	0
95	124	98	9	-1	-1	-1	0
88	114	115	9	-1	-1	-1	0
98	126	97	9	-1	-1	-1	0
99	97	126	9	-1	-1	-1	0
94	122	108	9	-1	-1	-1	0
101	99	126	9	-1	-1	-1	0
118	117	92	9	-1	-1	-1	0
117	119	93	9	-1	-1	-1	0
129	100	101	9	-1	-1	-1	0
119	120	93	9	-1	-1	-1	0
100	129	105	9	-1	-1	-1	0
93	120	121	9	-1	-1	-1	0
116	125	96	9	-1	-1	-1	0
121	123	94	9	-1	-1	-1	0
104	103	132	9	-1	-1	-1	0
122	94	123	9	-1	-1	-1	0
110	108	122	9	-1	-1	-1	0
107	105	133	9	-1	-1	-1	0
124	96	125	9	-1	-1	-1	0
107	134	106	9	-1	-1	-1	0
124	127	98	9	-1	-1	-1	0
128	126	98	9	-1	-1	-1	0
128	98	127	9	-1	-1	-1	0
132	118	104	9	-1	-1	-1	0
136	109	110	9	-1	-1	-1	0
109	136	111	9	-1	-1	-1	0
126	131	101	9	-1	-1	-1	0
130	129	101	9	-1	-1	-1	0
130	101	131	9	-1	-1	-1	0
113	111	141	9	-1	-1	-1	0
129	133	105	9	-1	-1	-1	0
122	137	110	9	-1	-1	-1	0
115	142	112	9	-1	-1	-1	0
116	112	142	9	-1	-1	-1	0
113	144	114	9	-1	-1	-1	0
115	114	145	9	-1	-1	-1	0
133	135	107	9	-1	-1	-1	0
134	107	135	9	-1	-1	-1	0
110	138	136	9	-1	-1	-1	0
149	117	118	9	-1	-1	-1	0
138	110	137	9	-1	-1	-1	0
119	117	151	9	-1	-1	-1	0
111	136	140	9	-1	-1	-1	0
116	148	125	9	-1	-1	-1	0
139	111	140	9	-1	-1	-1	0
139	141	111	9	-1	-1	-1	0
119	152	120	9	-1	-1	-1	0
121	120	154	9	-1	-1	-1	0
113	141	143	9	-1	-1	-1	0
121	155	123	9	-1	-1	-1	0
118	132	149	9	-1	-1	-1	0
144	113	143	9	-1	-1	-1	0
123	156	122	9	-1	-1	-1	0
145	114	144	9	-1	-1	-1	0
146	142	115	9	-1	-1	-1	0
116	142	147	9	-1	-1	-1	0
125	160	124	9	-1	-1	-1	0
115	145	146	9	-1	-1	-1	0
124	159	127	9	-1	-1	-1	0
116	147	148	9	-1	-1	-1	0
136	138	140	9	-1	-1	-1	0
126	128	161	9	-1	-1	-1	0
156	137	122	9	-1	-1	-1	0
117	149	150	9	-1	-1	-1	0
128	127	162	9	-1	-1	-1	0
126	161	131	9	-1	-1	-1	0
117	150	151	9	-1	-1	-1	0
119	151	152	9	-1	-1	-1	0
129	130	164	9	-1	-1	-1	0
152	153	120	9	-1	-1	-1	0
164	133	129	9	-1	-1	-1	0
131	166	130	9	-1	-1	-1	0
153	154	120	9	-1	-1	-1	0
155	121	154	9	-1	-1	-1	0
160	125	148	9	-1	-1	-1	0
157	123	155	9	-1	-1	-1	0
135	133	168	9	-1	-1	-1	0
156	123	158	9	-1	-1	-1	0
134	135	169	9	-1	-1	-1	0
123	157	158	9	-1	-1	-1	0
124	160	159	9	-1	-1	-1	0
170	138	137	9	-1	-1	-1	0
127	159	162	9	-1	-1	-1	0
138	172	140	9	-1	-1	-1	0
163	161	128	9	-1	-1	-1	0
140	173	139	9	-1	-1	-1	0
163	128	162	9	-1	-1	-1	0
174	141	139	9	-1	-1	-1	0
131	161	167	9	-1	-1	-1	0
175	143	141	9	-1	-1	-1	0
165	164	130	9	-1	-1	-1	0
130	166	165	9	-1	-1	-1	0
177	144	143	9	-1	-1	-1	0
167	166	131	9	-1	-1	-1	0
171	137	156	9	-1	-1	-1	0
142	146	176	9	-1	-1	-1	0
176	147	142	9	-1	-1	-1	0
164	168	133	9	-1	-1	-1	0
145	144	178	9	-1	-1	-1	0
145	180	146	9	-1	-1	-1	0
168	169	135	9	-1	-1	-1	0
170	137	171	9	-1	-1	-1	0
148	147	183	9	-1	-1	-1	0
138	170	172	9	-1	-1	-1	0
171	156	158	9	-1	-1	-1	0
172	173	140	9	-1	-1	-1	0
150	185	151	9	-1	-1	-1	0
173	174	139	9	-1	-1	-1	0
152	151	185	9	-1	-1	-1	0
174	175	141	9	-1	-1	-1	0
152	187	153	9	-1	-1	-1	0
184	160	148	9	-1	-1	-1	0
143	175	177	9	-1	-1	-1	0
189	154	153	9	-1	-1	-1	0
154	190	155	9	-1	-1	-1	0
179	144	177	9	-1	-1	-1	0
178	144	179	9	-1	-1	-1	0
157	155	190	9	-1	-1	-1	0
176	146	182	9	-1	-1	-1	0
178	181	145	9	-1	-1	-1	0
158	157	191	9	-1	-1	-1	0
147	176	183	9	-1	-1	-1	0
145	181	180	9	-1	-1	-1	0
180	182	146	9	-1	-1	-1	0
195	159	160	9	-1	-1	-1	0
183	184	148	9	-1	-1	-1	0
159	195	162	9	-1	-1	-1	0
163	196	161	9	-1	-1	-1	0
197	163	162	9	-1	-1	-1	0
186	152	185	9	-1	-1	-1	0
171	158	194	9	-1	-1	-1	0
167	161	196	9	-1	-1	-1	0
152	186	187	9	-1	-1	-1	0
188	153	187	9	-1	-1	-1	0
164	165	199	9	-1	-1	-1	0
188	189	153	9	-1	-1	-1	0
168	164	199	9	-1	-1	-1	0
200	165	166	9	-1	-1	-1	0
154	189	190	9	-1	-1	-1	0
166	167	202	9	-1	-1	-1	0
179	181	178	9	-1	-1	-1	0
195	160	184	9	-1	-1	-1	0
192	157	190	9	-1	-1	-1	0
192	191	157	9	-1	-1	-1	0
169	168	204	9	-1	-1	-1	0
158	191	193	9	-1	-1	-1	0
158	193	194	9	-1	-1	-1	0
171	205	170	9	-1	-1	-1	0
172	170	205	9	-1	-1	-1	0
206	173	172	9	-1	-1	-1	0
197	162	195	9	-1	-1	-1	0
174	173	207	9	-1	-1	-1	0
163	198	196	9	-1	-1	-1	0
208	175	174	9	-1	-1	-1	0
163	197	198	9	-1	-1	-1	0
177	175	210	9	-1	-1	-1	0
199	165	201	9	-1	-1	-1	0
167	196	203	9	-1	-1	-1	0
165	200	201	9	-1	-1	-1	0
202	200	166	9	-1	-1	-1	0
212	179	177	9	-1	-1	-1	0
176	182	211	9	-1	-1	-1	0
194	205	171	9	-1	-1	-1	0
183	176	211	9	-1	-1	-1	0
168	199	204	9	-1	-1	-1	0
167	203	202	9	-1	-1	-1	0
214	181	179	9	-1	-1	-1	0
215	180	181	9	-1	-1	-1	0
182	180	215	9	-1	-1	-1	0
172	205	206	9	-1	-1	-1	0
173	206	207	9	-1	-1	-1	0
184	183	219	9	-1	-1	-1	0
207	209	174	9	-1	-1	-1	0
208	174	209	9	-1	-1	-1	0
175	208	210	9	-1	-1	-1	0
187	186	223	9	-1	-1	-1	0
188	187	224	9	-1	-1	-1	0
184	220	195	9	-1	-1	-1	0
177	210	213	9	-1	-1	-1	0
177	213	212	9	-1	-1	-1	0
189	188	226	9	-1	-1	-1	0
214	179	212	9	-1	-1	-1	0
190	189	228	9	-1	-1	-1	0
182	217	211	9	-1	-1	-1	0
190	229	192	9	-1	-1	-1	0
216	181	214	9	-1	-1	-1	0
195	220	197	9	-1	-1	-1	0
215	181	216	9	-1	-1	-1	0
183	211	219	9	-1	-1	-1	0
230	191	192	9	-1	-1	-1	0
193	191	230	9	-1	-1	-1	0
215	218	182	9	-1	-1	-1	0
217	182	218	9	-1	-1	-1	0
194	193	232	9	-1	-1	-1	0
219	222	184	9	-1	-1	-1	0
184	221	220	9	-1	-1	-1	0
222	221	184	9	-1	-1	-1	0
196	198	234	9	-1	-1	-1	0
197	235	198	9	-1	-1	-1	0
233	205	194	9	-1	-1	-1	0
234	203	196	9	-1	-1	-1	0
187	223	224	9	-1	-1	-1	0
188	224	225	9	-1	-1	-1	0
201	239	199	9	-1	-1	-1	0
225	226	188	9	-1	-1	-1	0
201	200	240	9	-1	-1	-1	0
238	204	199	9	-1	-1	-1	0
240	200	202	9	-1	-1	-1	0
189	226	227	9	-1	-1	-1	0
227	228	189	9	-1	-1	-1	0
228	229	190	9	-1	-1	-1	0
202	203	243	9	-1	-1	-1	0
229	231	192	9	-1	-1	-1	0
197	220	236	9	-1	-1	-1	0
230	192	231	9	-1	-1	-1	0
244	206	205	9	-1	-1	-1	0
230	232	193	9	-1	-1	-1	0
233	194	232	9	-1	-1	-1	0
246	207	206	9	-1	-1	-1	0
247	208	209	9	-1	-1	-1	0
207	246	209	9	-1	-1	-1	0
208	247	210	9	-1	-1	-1	0
235	197	236	9	-1	-1	-1	0
237	234	198	9	-1	-1	-1	0
235	237	198	9	-1	-1	-1	0
210	249	213	9	-1	-1	-1	0
213	251	212	9	-1	-1	-1	0
238	199	239	9	-1	-1	-1	0
251	214	212	9	-1	-1	-1	0
220	221	236	9	-1	-1	-1	0
217	250	211	9	-1	-1	-1	0
211	250	219	9	-1	-1	-1	0
203	234	243	9	-1	-1	-1	0
239	201	241	9	-1	-1	-1	0
233	244	205	9	-1	-1	-1	0
241	201	240	9	-1	-1	-1	0
216	214	253	9	-1	-1	-1	0
240	202	242	9	-1	-1	-1	0
255	215	216	9	-1	-1	-1	0
243	242	202	9	-1	-1	-1	0
218	215	255	9	-1	-1	-1	0
217	218	256	9	-1	-1	-1	0
250	222	219	9	-1	-1	-1	0
244	245	206	9	-1	-1	-1	0
246	206	245	9	-1	-1	-1	0
259	221	222	9	-1	-1	-1	0
209	246	248	9	-1	-1	-1	0
209	248	247	9	-1	-1	-1	0
210	247	249	9	-1	-1	-1	0
223	262	224	9	-1	-1	-1	0
224	262	225	9	-1	-1	-1	0
263	226	225	9	-1	-1	-1	0
213	249	252	9	-1	-1	-1	0
251	213	252	9	-1	-1	-1	0
221	260	236	9	-1	-1	-1	0
251	254	214	9	-1	-1	-1	0
227	226	266	9	-1	-1	-1	0
254	253	214	9	-1	-1	-1	0
228	227	267	9	-1	-1	-1	0
253	255	216	9	-1	-1	-1	0
228	267	229	9	-1	-1	-1	0
250	217	257	9	-1	-1	-1	0
229	268	231	9	-1	-1	-1	0
250	257	222	9	-1	-1	-1	0
231	269	230	9	-1	-1	-1	0
257	217	256	9	-1	-1	-1	0
258	218	255	9	-1	-1	-1	0
218	258	256	9	-1	-1	-1	0
270	232	230	9	-1	-1	-1	0
232	274	233	9	-1	-1	-1	0
222	257	261	9	-1	-1	-1	0
260	221	259	9	-1	-1	-1	0
261	259	222	9	-1	-1	-1	0
237	277	234	9	-1	-1	-1	0
235	236	278	9	-1	-1	-1	0
225	262	263	9	-1	-1	-1	0
235	279	237	9	-1	-1	-1	0
275	244	233	9	-1	-1	-1	0
263	264	226	9	-1	-1	-1	0
276	243	234	9	-1	-1	-1	0
226	264	265	9	-1	-1	-1	0
266	226	265	9	-1	-1	-1	0
238	239	280	9	-1	-1	-1	0
266	267	227	9	-1	-1	-1	0
241	280	239	9	-1	-1	-1	0
240	281	241	9	-1	-1	-1	0
267	268	229	9	-1	-1	-1	0
282	240	242	9	-1	-1	-1	0
245	244	275	9	-1	-1	-1	0
230	269	270	9	-1	-1	-1	0
231	268	271	9	-1	-1	-1	0
286	242	243	9	-1	-1	-1	0
231	273	269	9	-1	-1	-1	0
278	236	260	9	-1	-1	-1	0
231	271	272	9	-1	-1	-1	0
232	270	274	9	-1	-1	-1	0
231	272	273	9	-1	-1	-1	0
246	245	287	9	-1	-1	-1	0
233	274	275	9	-1	-1	-1	0
289	248	246	9	-1	-1	-1	0
290	247	248	9	-1	-1	-1	0
276	234	277	9	-1	-1	-1	0
291	249	247	9	-1	-1	-1	0
235	278	279	9	-1	-1	-1	0
279	277	237	9	-1	-1	-1	0
249	292	252	9	-1	-1	-1	0
251	252	293	9	-1	-1	-1	0
254	295	253	9	-1	-1	-1	0
251	294	254	9	-1	-1	-1	0
281	240	282	9	-1	-1	-1	0
255	253	296	9	-1	-1	-1	0
241	283	280	9	-1	-1	-1	0
243	276	286	9	-1	-1	-1	0
284	241	281	9	-1	-1	-1	0
275	287	245	9	-1	-1	-1	0
283	241	284	9	-1	-1	-1	0
296	258	255	9	-1	-1	-1	0
298	257	256	9	-1	-1	-1	0
242	285	282	9	-1	-1	-1	0
285	242	286	9	-1	-1	-1	0
256	258	299	9	-1	-1	-1	0
261	257	300	9	-1	-1	-1	0
246	287	288	9	-1	-1	-1	0
261	302	259	9	-1	-1	-1	0
259	303	260	9	-1	-1	-1	0
288	289	246	9	-1	-1	-1	0
289	290	248	9	-1	-1	-1	0
247	290	291	9	-1	-1	-1	0
291	292	249	9	-1	-1	-1	0
306	265	264	9	-1	-1	-1	0
292	293	252	9	-1	-1	-1	0
266	265	307	9	-1	-1	-1	0
251	293	294	9	-1	-1	-1	0
267	266	308	9	-1	-1	-1	0
304	278	260	9	-1	-1	-1	0
267	308	268	9	-1	-1	-1	0
296	253	295	9	-1	-1	-1	0
254	294	297	9	-1	-1	-1	0
295	254	297	9	-1	-1	-1	0
309	271	268	9	-1	-1	-1	0
270	269	310	9	-1	-1	-1	0
310	269	273	9	-1	-1	-1	0
256	299	298	9	-1	-1	-1	0
298	300	257	9	-1	-1	-1	0
274	270	311	9	-1	-1	-1	0
301	258	296	9	-1	-1	-1	0
313	272	271	9	-1	-1	-1	0
299	258	301	9	-1	-1	-1	0
273	272	315	9	-1	-1	-1	0
259	302	303	9	-1	-1	-1	0
305	261	300	9	-1	-1	-1	0
275	274	317	9	-1	-1	-1	0
304	260	303	9	-1	-1	-1	0
261	305	302	9	-1	-1	-1	0
277	320	276	9	-1	-1	-1	0
277	279	321	9	-1	-1	-1	0
307	265	306	9	-1	-1	-1	0
323	279	278	9	-1	-1	-1	0
307	308	266	9	-1	-1	-1	0
275	319	287	9	-1	-1	-1	0
320	286	276	9	-1	-1	-1	0
308	309	268	9	-1	-1	-1	0
281	282	326	9	-1	-1	-1	0
281	325	284	9	-1	-1	-1	0
311	270	310	9	-1	-1	-1	0
309	312	271	9	-1	-1	-1	0
327	282	285	9	-1	-1	-1	0
284	328	283	9	-1	-1	-1	0
313	271	312	9	-1	-1	-1	0
314	272	313	9	-1	-1	-1	0
310	273	316	9	-1	-1	-1	0
315	272	314	9	-1	-1	-1	0
330	285	286	9	-1	-1	-1	0
318	274	311	9	-1	-1	-1	0
316	273	315	9	-1	-1	-1	0
304	322	278	9	-1	-1	-1	0
288	287	332	9	-1	-1	-1	0
274	318	317	9	-1	-1	-1	0
333	289	288	9	-1	-1	-1	0
317	319	275	9	-1	-1	-1	0
335	290	289	9	-1	-1	-1	0
291	290	337	9	-1	-1	-1	0
320	277	321	9	-1	-1	-1	0
292	291	338	9	-1	-1	-1	0
278	322	323	9	-1	-1	-1	0
321	279	324	9	-1	-1	-1	0
293	292	341	9	-1	-1	-1	0
279	323	324	9	-1	-1	-1	0
294	293	341	9	-1	-1	-1	0
281	326	325	9	-1	-1	-1	0
294	342	297	9	-1	-1	-1	0
343	296	295	9	-1	-1	-1	0
282	327	326	9	-1	-1	-1	0
297	343	295	9	-1	-1	-1	0
328	284	325	9	-1	-1	-1	0
286	320	331	9	-1	-1	-1	0
319	332	287	9	-1	-1	-1	0
285	329	327	9	-1	-1	-1	0
344	301	296	9	-1	-1	-1	0
298	299	347	9	-1	-1	-1	0
285	330	329	9	-1	-1	-1	0
298	347	300	9	-1	-1	-1	0
286	331	330	9	-1	-1	-1	0
301	348	299	9	-1	-1	-1	0
288	332	334	9	-1	-1	-1	0
288	334	333	9	-1	-1	-1	0
350	305	300	9	-1	-1	-1	0
351	303	302	9	-1	-1	-1	0
302	305	351	9	-1	-1	-1	0
289	333	336	9	-1	-1	-1	0
353	304	303	9	-1	-1	-1	0
335	289	336	9	-1	-1	-1	0
290	335	337	9	-1	-1	-1	0
338	291	337	9	-1	-1	-1	0
307	306	355	9	-1	-1	-1	0
292	338	340	9	-1	-1	-1	0
308	307	356	9	-1	-1	-1	0
292	340	339	9	-1	-1	-1	0
292	339	341	9	-1	-1	-1	0
309	308	356	9	-1	-1	-1	0
341	342	294	9	-1	-1	-1	0
309	356	312	9	-1	-1	-1	0
311	310	357	9	-1	-1	-1	0
304	353	322	9	-1	-1	-1	0
344	296	343	9	-1	-1	-1	0
316	358	310	9	-1	-1	-1	0
360	313	312	9	-1	-1	-1	0
343	297	345	9	-1	-1	-1	0
346	297	342	9	-1	-1	-1	0
357	318	311	9	-1	-1	-1	0
346	345	297	9	-1	-1	-1	0
314	313	362	9	-1	-1	-1	0
315	314	363	9	-1	-1	-1	0
301	344	348	9	-1	-1	-1	0
299	349	347	9	-1	-1	-1	0
299	348	349	9	-1	-1	-1	0
316	315	365	9	-1	-1	-1	0
350	300	347	9	-1	-1	-1	0
317	318	369	9	-1	-1	-1	0
317	368	319	9	-1	-1	-1	0
351	352	303	9	-1	-1	-1	0
352	353	303	9	-1	-1	-1	0
354	305	350	9	-1	-1	-1	0
305	354	351	9	-1	-1	-1	0
320	321	372	9	-1	-1	-1	0
356	307	355	9	-1	-1	-1	0
324	374	321	9	-1	-1	-1	0
368	332	319	9	-1	-1	-1	0
323	322	375	9	-1	-1	-1	0
376	324	323	9	-1	-1	-1	0
331	320	373	9	-1	-1	-1	0
357	310	358	9	-1	-1	-1	0
359	312	356	9	-1	-1	-1	0
326	378	325	9	-1	-1	-1	0
328	325	378	9	-1	-1	-1	0
359	360	312	9	-1	-1	-1	0
379	326	327	9	-1	-1	-1	0
313	360	361	9	-1	-1	-1	0
313	361	362	9	-1	-1	-1	0
329	381	327	9	-1	-1	-1	0
316	366	358	9	-1	-1	-1	0
364	314	362	9	-1	-1	-1	0
364	363	314	9	-1	-1	-1	0
382	329	330	9	-1	-1	-1	0
363	365	315	9	-1	-1	-1	0
383	330	331	9	-1	-1	-1	0
370	318	357	9	-1	-1	-1	0
367	316	365	9	-1	-1	-1	0
366	316	367	9	-1	-1	-1	0
322	353	375	9	-1	-1	-1	0
317	369	368	9	-1	-1	-1	0
388	334	332	9	-1	-1	-1	0
389	333	334	9	-1	-1	-1	0
389	336	333	9	-1	-1	-1	0
369	318	371	9	-1	-1	-1	0
318	370	371	9	-1	-1	-1	0
391	335	336	9	-1	-1	-1	0
391	337	335	9	-1	-1	-1	0
373	320	372	9	-1	-1	-1	0
372	321	374	9	-1	-1	-1	0
394	338	337	9	-1	-1	-1	0
340	338	394	9	-1	-1	-1	0
375	376	323	9	-1	-1	-1	0
374	324	377	9	-1	-1	-1	0
341	339	395	9	-1	-1	-1	0
339	340	397	9	-1	-1	-1	0
376	377	324	9	-1	-1	-1	0
326	379	378	9	-1	-1	-1	0
400	342	341	9	-1	-1	-1	0
370	357	358	9	-1	-1	-1	0
380	379	327	9	-1	-1	-1	0
368	387	332	9	-1	-1	-1	0
381	380	327	9	-1	-1	-1	0
342	400	346	9	-1	-1	-1	0
344	343	402	9	-1	-1	-1	0
331	373	385	9	-1	-1	-1	0
403	343	345	9	-1	-1	-1	0
382	381	329	9	-1	-1	-1	0
348	344	402	9	-1	-1	-1	0
404	345	346	9	-1	-1	-1	0
382	330	384	9	-1	-1	-1	0
383	384	330	9	-1	-1	-1	0
331	386	383	9	-1	-1	-1	0
347	349	406	9	-1	-1	-1	0
386	331	385	9	-1	-1	-1	0
406	350	347	9	-1	-1	-1	0
348	407	349	9	-1	-1	-1	0
387	388	332	9	-1	-1	-1	0
390	334	388	9	-1	-1	-1	0
350	409	354	9	-1	-1	-1	0
390	389	334	9	-1	-1	-1	0
411	352	351	9	-1	-1	-1	0
411	351	354	9	-1	-1	-1	0
353	352	412	9	-1	-1	-1	0
336	389	393	9	-1	-1	-1	0
336	392	391	9	-1	-1	-1	0
392	336	393	9	-1	-1	-1	0
394	337	391	9	-1	-1	-1	0
369	387	368	9	-1	-1	-1	0
356	355	416	9	-1	-1	-1	0
339	396	395	9	-1	-1	-1	0
356	416	359	9	-1	-1	-1	0
397	396	339	9	-1	-1	-1	0
399	340	394	9	-1	-1	-1	0
340	398	397	9	-1	-1	-1	0
395	400	341	9	-1	-1	-1	0
340	399	398	9	-1	-1	-1	0
418	360	359	9	-1	-1	-1	0
419	361	360	9	-1	-1	-1	0
417	358	366	9	-1	-1	-1	0
414	375	353	9	-1	-1	-1	0
420	362	361	9	-1	-1	-1	0
417	370	358	9	-1	-1	-1	0
343	401	402	9	-1	-1	-1	0
403	401	343	9	-1	-1	-1	0
422	364	362	9	-1	-1	-1	0
423	363	364	9	-1	-1	-1	0
423	365	363	9	-1	-1	-1	0
405	346	400	9	-1	-1	-1	0
404	403	345	9	-1	-1	-1	0
365	423	367	9	-1	-1	-1	0
404	346	405	9	-1	-1	-1	0
348	402	407	9	-1	-1	-1	0
367	426	366	9	-1	-1	-1	0
406	349	408	9	-1	-1	-1	0
349	407	408	9	-1	-1	-1	0
410	350	406	9	-1	-1	-1	0
371	429	369	9	-1	-1	-1	0
409	350	410	9	-1	-1	-1	0
430	371	370	9	-1	-1	-1	0
390	393	389	9	-1	-1	-1	0
413	352	411	9	-1	-1	-1	0
413	412	352	9	-1	-1	-1	0
373	372	432	9	-1	-1	-1	0
354	409	415	9	-1	-1	-1	0
372	374	432	9	-1	-1	-1	0
414	353	412	9	-1	-1	-1	0
415	411	354	9	-1	-1	-1	0
429	387	369	9	-1	-1	-1	0
436	374	377	9	-1	-1	-1	0
376	375	437	9	-1	-1	-1	0
377	376	438	9	-1	-1	-1	0
418	359	416	9	-1	-1	-1	0
373	435	385	9	-1	-1	-1	0
360	418	419	9	-1	-1	-1	0
420	361	419	9	-1	-1	-1	0
439	380	381	9	-1	-1	-1	0
382	439	381	9	-1	-1	-1	0
421	362	420	9	-1	-1	-1	0
422	362	421	9	-1	-1	-1	0
386	385	435	9	-1	-1	-1	0
382	384	441	9	-1	-1	-1	0
417	366	425	9	-1	-1	-1	0
442	384	383	9	-1	-1	-1	0
364	422	424	9	-1	-1	-1	0
442	383	386	9	-1	-1	-1	0
364	424	423	9	-1	-1	-1	0
430	370	417	9	-1	-1	-1	0
425	366	426	9	-1	-1	-1	0
367	423	427	9	-1	-1	-1	0
446	388	387	9	-1	-1	-1	0
426	367	428	9	-1	-1	-1	0
367	427	428	9	-1	-1	-1	0
410	406	408	9	-1	-1	-1	0
390	388	447	9	-1	-1	-1	0
414	437	375	9	-1	-1	-1	0
390	448	393	9	-1	-1	-1	0
371	431	429	9	-1	-1	-1	0
392	449	391	9	-1	-1	-1	0
371	430	431	9	-1	-1	-1	0
450	394	391	9	-1	-1	-1	0
392	393	451	9	-1	-1	-1	0
413	411	415	9	-1	-1	-1	0
373	432	434	9	-1	-1	-1	0
373	434	433	9	-1	-1	-1	0
435	373	433	9	-1	-1	-1	0
432	374	436	9	-1	-1	-1	0
394	450	399	9	-1	-1	-1	0
454	395	396	9	-1	-1	-1	0
456	396	397	9	-1	-1	-1	0
400	395	454	9	-1	-1	-1	0
376	437	438	9	-1	-1	-1	0
438	436	377	9	-1	-1	-1	0
398	457	397	9	-1	-1	-1	0
398	399	458	9	-1	-1	-1	0
405	400	454	9	-1	-1	-1	0
439	382	440	9	-1	-1	-1	0
429	446	387	9	-1	-1	-1	0
402	401	460	9	-1	-1	-1	0
440	382	441	9	-1	-1	-1	0
459	401	403	9	-1	-1	-1	0
435	445	386	9	-1	-1	-1	0
443	441	384	9	-1	-1	-1	0
462	403	404	9	-1	-1	-1	0
384	442	443	9	-1	-1	-1	0
407	402	460	9	-1	-1	-1	0
442	386	444	9	-1	-1	-1	0
417	425	430	9	-1	-1	-1	0
404	405	464	9	-1	-1	-1	0
445	444	386	9	-1	-1	-1	0
447	388	446	9	-1	-1	-1	0
467	408	407	9	-1	-1	-1	0
448	390	447	9	-1	-1	-1	0
408	469	410	9	-1	-1	-1	0
470	409	410	9	-1	-1	-1	0
449	450	391	9	-1	-1	-1	0
449	392	452	9	-1	-1	-1	0
393	448	453	9	-1	-1	-1	0
470	415	409	9	-1	-1	-1	0
392	451	452	9	-1	-1	-1	0
393	453	451	9	-1	-1	-1	0
413	473	412	9	-1	-1	-1	0
414	412	472	9	-1	-1	-1	0
415	474	413	9	-1	-1	-1	0
454	396	455	9	-1	-1	-1	0
458	399	450	9	-1	-1	-1	0
396	456	455	9	-1	-1	-1	0
456	397	457	9	-1	-1	-1	0
457	398	458	9	-1	-1	-1	0
476	422	421	9	-1	-1	-1	0
460	401	459	9	-1	-1	-1	0
476	424	422	9	-1	-1	-1	0
423	424	477	9	-1	-1	-1	0
405	454	466	9	-1	-1	-1	0
403	463	459	9	-1	-1	-1	0
414	475	437	9	-1	-1	-1	0
403	462	461	9	-1	-1	-1	0
463	403	461	9	-1	-1	-1	0
477	427	423	9	-1	-1	-1	0
404	465	462	9	-1	-1	-1	0
426	481	425	9	-1	-1	-1	0
465	404	464	9	-1	-1	-1	0
460	467	407	9	-1	-1	-1	0
425	480	430	9	-1	-1	-1	0
405	466	464	9	-1	-1	-1	0
428	482	426	9	-1	-1	-1	0
427	483	428	9	-1	-1	-1	0
408	467	468	9	-1	-1	-1	0
429	431	484	9	-1	-1	-1	0
408	468	469	9	-1	-1	-1	0
430	486	431	9	-1	-1	-1	0
469	471	410	9	-1	-1	-1	0
470	410	471	9	-1	-1	-1	0
488	434	432	9	-1	-1	-1	0
433	434	489	9	-1	-1	-1	0
432	436	488	9	-1	-1	-1	0
472	412	473	9	-1	-1	-1	0
433	490	435	9	-1	-1	-1	0
470	474	415	9	-1	-1	-1	0
413	474	473	9	-1	-1	-1	0
429	485	446	9	-1	-1	-1	0
414	472	475	9	-1	-1	-1	0
436	438	494	9	-1	-1	-1	0
495	438	437	9	-1	-1	-1	0
445	435	493	9	-1	-1	-1	0
454	455	466	9	-1	-1	-1	0
478	424	476	9	-1	-1	-1	0
441	497	440	9	-1	-1	-1	0
479	477	424	9	-1	-1	-1	0
478	479	424	9	-1	-1	-1	0
497	441	443	9	-1	-1	-1	0
443	442	498	9	-1	-1	-1	0
444	498	442	9	-1	-1	-1	0
480	425	481	9	-1	-1	-1	0
483	427	477	9	-1	-1	-1	0
482	481	426	9	-1	-1	-1	0
500	444	445	9	-1	-1	-1	0
482	428	483	9	-1	-1	-1	0
501	447	446	9	-1	-1	-1	0
486	430	480	9	-1	-1	-1	0
429	484	485	9	-1	-1	-1	0
503	448	447	9	-1	-1	-1	0
484	431	487	9	-1	-1	-1	0
449	504	450	9	-1	-1	-1	0
448	503	453	9	-1	-1	-1	0
487	431	486	9	-1	-1	-1	0
504	449	452	9	-1	-1	-1	0
437	475	495	9	-1	-1	-1	0
505	451	453	9	-1	-1	-1	0
452	451	506	9	-1	-1	-1	0
458	450	504	9	-1	-1	-1	0
491	433	489	9	-1	-1	-1	0
492	434	488	9	-1	-1	-1	0
433	491	490	9	-1	-1	-1	0
434	492	489	9	-1	-1	-1	0
490	493	435	9	-1	-1	-1	0
436	494	488	9	-1	-1	-1	0
456	511	455	9	-1	-1	-1	0
456	457	513	9	-1	-1	-1	0
496	494	438	9	-1	-1	-1	0
458	513	457	9	-1	-1	-1	0
495	496	438	9	-1	-1	-1	0
511	466	455	9	-1	-1	-1	0
446	485	501	9	-1	-1	-1	0
515	460	459	9	-1	-1	-1	0
459	463	515	9	-1	-1	-1	0
493	500	445	9	-1	-1	-1	0
443	499	497	9	-1	-1	-1	0
443	498	499	9	-1	-1	-1	0
518	461	462	9	-1	-1	-1	0
463	461	517	9	-1	-1	-1	0
500	498	444	9	-1	-1	-1	0
516	467	460	9	-1	-1	-1	0
518	462	465	9	-1	-1	-1	0
502	447	501	9	-1	-1	-1	0
465	464	520	9	-1	-1	-1	0
464	466	521	9	-1	-1	-1	0
447	502	503	9	-1	-1	-1	0
467	525	468	9	-1	-1	-1	0
487	485	484	9	-1	-1	-1	0
506	451	505	9	-1	-1	-1	0
526	469	468	9	-1	-1	-1	0
452	509	504	9	-1	-1	-1	0
506	508	452	9	-1	-1	-1	0
453	503	510	9	-1	-1	-1	0
471	469	527	9	-1	-1	-1	0
507	452	508	9	-1	-1	-1	0
509	452	507	9	-1	-1	-1	0
510	505	453	9	-1	-1	-1	0
470	471	528	9	-1	-1	-1	0
528	474	470	9	-1	-1	-1	0
472	473	530	9	-1	-1	-1	0
458	504	514	9	-1	-1	-1	0
530	475	472	9	-1	-1	-1	0
473	474	531	9	-1	-1	-1	0
512	511	456	9	-1	-1	-1	0
512	456	513	9	-1	-1	-1	0
513	458	514	9	-1	-1	-1	0
534	477	479	9	-1	-1	-1	0
516	460	515	9	-1	-1	-1	0
478	536	479	9	-1	-1	-1	0
535	483	477	9	-1	-1	-1	0
518	517	461	9	-1	-1	-1	0
463	519	515	9	-1	-1	-1	0
480	481	537	9	-1	-1	-1	0
511	521	466	9	-1	-1	-1	0
463	517	519	9	-1	-1	-1	0
495	475	533	9	-1	-1	-1	0
481	482	540	9	-1	-1	-1	0
480	538	486	9	-1	-1	-1	0
464	521	520	9	-1	-1	-1	0
482	483	541	9	-1	-1	-1	0
523	518	465	9	-1	-1	-1	0
465	520	522	9	-1	-1	-1	0
516	525	467	9	-1	-1	-1	0
465	522	524	9	-1	-1	-1	0
465	524	523	9	-1	-1	-1	0
487	543	485	9	-1	-1	-1	0
487	486	545	9	-1	-1	-1	0
468	525	526	9	-1	-1	-1	0
527	469	526	9	-1	-1	-1	0
547	492	488	9	-1	-1	-1	0
527	529	471	9	-1	-1	-1	0
491	489	548	9	-1	-1	-1	0
528	471	529	9	-1	-1	-1	0
494	547	488	9	-1	-1	-1	0
548	489	492	9	-1	-1	-1	0
501	485	544	9	-1	-1	-1	0
550	490	491	9	-1	-1	-1	0
549	493	490	9	-1	-1	-1	0
532	474	528	9	-1	-1	-1	0
531	530	473	9	-1	-1	-1	0
547	494	496	9	-1	-1	-1	0
474	532	531	9	-1	-1	-1	0
530	533	475	9	-1	-1	-1	0
495	555	496	9	-1	-1	-1	0
535	477	534	9	-1	-1	-1	0
493	554	500	9	-1	-1	-1	0
501	544	502	9	-1	-1	-1	0
479	536	534	9	-1	-1	-1	0
480	537	538	9	-1	-1	-1	0
558	499	498	9	-1	-1	-1	0
481	539	537	9	-1	-1	-1	0
500	559	498	9	-1	-1	-1	0
483	535	542	9	-1	-1	-1	0
539	481	540	9	-1	-1	-1	0
541	540	482	9	-1	-1	-1	0
542	541	483	9	-1	-1	-1	0
503	502	561	9	-1	-1	-1	0
486	538	545	9	-1	-1	-1	0
544	485	543	9	-1	-1	-1	0
506	505	563	9	-1	-1	-1	0
503	561	510	9	-1	-1	-1	0
509	562	504	9	-1	-1	-1	0
546	543	487	9	-1	-1	-1	0
505	510	563	9	-1	-1	-1	0
564	508	506	9	-1	-1	-1	0
545	546	487	9	-1	-1	-1	0
514	504	562	9	-1	-1	-1	0
565	509	507	9	-1	-1	-1	0
508	566	507	9	-1	-1	-1	0
533	555	495	9	-1	-1	-1	0
550	549	490	9	-1	-1	-1	0
491	548	551	9	-1	-1	-1	0
552	492	547	9	-1	-1	-1	0
491	551	550	9	-1	-1	-1	0
492	552	548	9	-1	-1	-1	0
512	571	511	9	-1	-1	-1	0
549	553	493	9	-1	-1	-1	0
512	513	572	9	-1	-1	-1	0
514	572	513	9	-1	-1	-1	0
493	553	554	9	-1	-1	-1	0
557	547	496	9	-1	-1	-1	0
570	521	511	9	-1	-1	-1	0
515	574	516	9	-1	-1	-1	0
560	502	544	9	-1	-1	-1	0
496	555	556	9	-1	-1	-1	0
515	519	575	9	-1	-1	-1	0
496	556	557	9	-1	-1	-1	0
517	518	576	9	-1	-1	-1	0
554	559	500	9	-1	-1	-1	0
519	517	577	9	-1	-1	-1	0
558	498	559	9	-1	-1	-1	0
516	574	525	9	-1	-1	-1	0
518	523	576	9	-1	-1	-1	0
520	521	578	9	-1	-1	-1	0
520	578	522	9	-1	-1	-1	0
502	560	561	9	-1	-1	-1	0
522	579	524	9	-1	-1	-1	0
524	580	523	9	-1	-1	-1	0
564	506	563	9	-1	-1	-1	0
525	582	526	9	-1	-1	-1	0
583	527	526	9	-1	-1	-1	0
507	566	565	9	-1	-1	-1	0
509	567	562	9	-1	-1	-1	0
508	564	566	9	-1	-1	-1	0
510	561	568	9	-1	-1	-1	0
527	584	529	9	-1	-1	-1	0
567	509	565	9	-1	-1	-1	0
510	569	563	9	-1	-1	-1	0
528	529	585	9	-1	-1	-1	0
585	532	528	9	-1	-1	-1	0
568	569	510	9	-1	-1	-1	0
530	531	587	9	-1	-1	-1	0
562	573	514	9	-1	-1	-1	0
588	533	530	9	-1	-1	-1	0
570	511	571	9	-1	-1	-1	0
531	532	589	9	-1	-1	-1	0
572	571	512	9	-1	-1	-1	0
552	547	557	9	-1	-1	-1	0
573	572	514	9	-1	-1	-1	0
592	535	534	9	-1	-1	-1	0
592	534	536	9	-1	-1	-1	0
574	515	575	9	-1	-1	-1	0
521	570	578	9	-1	-1	-1	0
517	576	577	9	-1	-1	-1	0
538	537	595	9	-1	-1	-1	0
537	539	595	9	-1	-1	-1	0
542	535	594	9	-1	-1	-1	0
575	519	577	9	-1	-1	-1	0
539	540	598	9	-1	-1	-1	0
579	522	578	9	-1	-1	-1	0
523	580	576	9	-1	-1	-1	0
596	545	538	9	-1	-1	-1	0
533	591	555	9	-1	-1	-1	0
600	540	541	9	-1	-1	-1	0
582	525	574	9	-1	-1	-1	0
524	579	581	9	-1	-1	-1	0
580	524	581	9	-1	-1	-1	0
602	541	542	9	-1	-1	-1	0
546	545	596	9	-1	-1	-1	0
603	544	543	9	-1	-1	-1	0
582	583	526	9	-1	-1	-1	0
603	543	546	9	-1	-1	-1	0
527	583	584	9	-1	-1	-1	0
569	564	563	9	-1	-1	-1	0
584	586	529	9	-1	-1	-1	0
529	586	585	9	-1	-1	-1	0
555	591	556	9	-1	-1	-1	0
548	605	551	9	-1	-1	-1	0
588	530	587	9	-1	-1	-1	0
549	550	606	9	-1	-1	-1	0
605	548	552	9	-1	-1	-1	0
532	585	589	9	-1	-1	-1	0
603	560	544	9	-1	-1	-1	0
590	587	531	9	-1	-1	-1	0
553	549	607	9	-1	-1	-1	0
609	550	551	9	-1	-1	-1	0
531	589	590	9	-1	-1	-1	0
591	533	588	9	-1	-1	-1	0
535	592	593	9	-1	-1	-1	0
552	557	612	9	-1	-1	-1	0
614	554	553	9	-1	-1	-1	0
593	594	535	9	-1	-1	-1	0
554	615	559	9	-1	-1	-1	0
538	595	597	9	-1	-1	-1	0
618	557	556	9	-1	-1	-1	0
596	538	597	9	-1	-1	-1	0
558	559	615	9	-1	-1	-1	0
595	539	598	9	-1	-1	-1	0
540	599	598	9	-1	-1	-1	0
542	594	602	9	-1	-1	-1	0
600	599	540	9	-1	-1	-1	0
619	561	560	9	-1	-1	-1	0
601	600	541	9	-1	-1	-1	0
601	541	602	9	-1	-1	-1	0
604	546	596	9	-1	-1	-1	0
621	568	561	9	-1	-1	-1	0
567	622	562	9	-1	-1	-1	0
546	604	603	9	-1	-1	-1	0
564	624	566	9	-1	-1	-1	0
565	566	625	9	-1	-1	-1	0
569	623	564	9	-1	-1	-1	0
562	622	573	9	-1	-1	-1	0
567	565	626	9	-1	-1	-1	0
607	549	606	9	-1	-1	-1	0
591	617	556	9	-1	-1	-1	0
550	608	606	9	-1	-1	-1	0
608	550	609	9	-1	-1	-1	0
630	569	568	9	-1	-1	-1	0
605	611	551	9	-1	-1	-1	0
572	573	622	9	-1	-1	-1	0
605	552	612	9	-1	-1	-1	0
609	551	610	9	-1	-1	-1	0
551	611	610	9	-1	-1	-1	0
607	613	553	9	-1	-1	-1	0
570	571	632	9	-1	-1	-1	0
571	572	634	9	-1	-1	-1	0
570	632	578	9	-1	-1	-1	0
613	614	553	9	-1	-1	-1	0
620	560	603	9	-1	-1	-1	0
616	554	614	9	-1	-1	-1	0
575	635	574	9	-1	-1	-1	0
554	616	615	9	-1	-1	-1	0
618	612	557	9	-1	-1	-1	0
638	577	576	9	-1	-1	-1	0
636	575	577	9	-1	-1	-1	0
556	617	618	9	-1	-1	-1	0
635	582	574	9	-1	-1	-1	0
638	576	580	9	-1	-1	-1	0
579	578	640	9	-1	-1	-1	0
620	619	560	9	-1	-1	-1	0
561	619	621	9	-1	-1	-1	0
579	641	581	9	-1	-1	-1	0
642	580	581	9	-1	-1	-1	0
582	645	583	9	-1	-1	-1	0
624	564	623	9	-1	-1	-1	0
645	584	583	9	-1	-1	-1	0
565	625	626	9	-1	-1	-1	0
586	584	646	9	-1	-1	-1	0
567	628	622	9	-1	-1	-1	0
627	566	624	9	-1	-1	-1	0
586	647	585	9	-1	-1	-1	0
566	627	625	9	-1	-1	-1	0
630	568	621	9	-1	-1	-1	0
567	626	629	9	-1	-1	-1	0
585	648	589	9	-1	-1	-1	0
631	623	569	9	-1	-1	-1	0
567	629	628	9	-1	-1	-1	0
588	587	650	9	-1	-1	-1	0
587	590	650	9	-1	-1	-1	0
572	622	634	9	-1	-1	-1	0
591	588	651	9	-1	-1	-1	0
630	631	569	9	-1	-1	-1	0
589	652	590	9	-1	-1	-1	0
632	571	633	9	-1	-1	-1	0
633	571	634	9	-1	-1	-1	0
593	655	594	9	-1	-1	-1	0
637	635	575	9	-1	-1	-1	0
656	597	595	9	-1	-1	-1	0
575	636	637	9	-1	-1	-1	0
595	598	656	9	-1	-1	-1	0
578	632	639	9	-1	-1	-1	0
657	596	597	9	-1	-1	-1	0
655	602	594	9	-1	-1	-1	0
638	636	577	9	-1	-1	-1	0
639	640	578	9	-1	-1	-1	0
596	657	604	9	-1	-1	-1	0
598	599	660	9	-1	-1	-1	0
579	640	641	9	-1	-1	-1	0
642	638	580	9	-1	-1	-1	0
600	662	599	9	-1	-1	-1	0
582	635	644	9	-1	-1	-1	0
591	654	617	9	-1	-1	-1	0
601	663	600	9	-1	-1	-1	0
581	641	643	9	-1	-1	-1	0
581	643	642	9	-1	-1	-1	0
664	601	602	9	-1	-1	-1	0
644	645	582	9	-1	-1	-1	0
604	666	603	9	-1	-1	-1	0
646	584	645	9	-1	-1	-1	0
585	647	648	9	-1	-1	-1	0
586	646	649	9	-1	-1	-1	0
586	649	647	9	-1	-1	-1	0
671	607	606	9	-1	-1	-1	0
668	611	605	9	-1	-1	-1	0
672	606	608	9	-1	-1	-1	0
670	605	612	9	-1	-1	-1	0
666	620	603	9	-1	-1	-1	0
589	648	652	9	-1	-1	-1	0
588	650	651	9	-1	-1	-1	0
675	608	609	9	-1	-1	-1	0
653	650	590	9	-1	-1	-1	0
673	613	607	9	-1	-1	-1	0
676	609	610	9	-1	-1	-1	0
652	653	590	9	-1	-1	-1	0
591	651	654	9	-1	-1	-1	0
610	611	677	9	-1	-1	-1	0
618	670	612	9	-1	-1	-1	0
614	613	680	9	-1	-1	-1	0
614	680	616	9	-1	-1	-1	0
597	656	658	9	-1	-1	-1	0
597	659	657	9	-1	-1	-1	0
658	659	597	9	-1	-1	-1	0
661	656	598	9	-1	-1	-1	0
637	644	635	9	-1	-1	-1	0
618	617	681	9	-1	-1	-1	0
598	660	661	9	-1	-1	-1	0
662	660	599	9	-1	-1	-1	0
655	665	602	9	-1	-1	-1	0
620	683	619	9	-1	-1	-1	0
621	619	684	9	-1	-1	-1	0
600	663	662	9	-1	-1	-1	0
667	604	657	9	-1	-1	-1	0
601	664	663	9	-1	-1	-1	0
665	664	602	9	-1	-1	-1	0
630	621	684	9	-1	-1	-1	0
624	623	688	9	-1	-1	-1	0
628	687	622	9	-1	-1	-1	0
666	604	667	9	-1	-1	-1	0
689	627	624	9	-1	-1	-1	0
625	690	626	9	-1	-1	-1	0
690	625	627	9	-1	-1	-1	0
669	668	605	9	-1	-1	-1	0
688	623	631	9	-1	-1	-1	0
634	622	687	9	-1	-1	-1	0
605	670	669	9	-1	-1	-1	0
691	629	626	9	-1	-1	-1	0
671	606	672	9	-1	-1	-1	0
694	628	629	9	-1	-1	-1	0
674	607	671	9	-1	-1	-1	0
617	654	681	9	-1	-1	-1	0
674	673	607	9	-1	-1	-1	0
672	608	675	9	-1	-1	-1	0
630	696	631	9	-1	-1	-1	0
668	679	611	9	-1	-1	-1	0
609	676	675	9	-1	-1	-1	0
678	676	610	9	-1	-1	-1	0
632	633	700	9	-1	-1	-1	0
677	678	610	9	-1	-1	-1	0
613	673	680	9	-1	-1	-1	0
611	679	677	9	-1	-1	-1	0
702	633	634	9	-1	-1	-1	0
699	639	632	9	-1	-1	-1	0
618	682	670	9	-1	-1	-1	0
666	685	620	9	-1	-1	-1	0
638	703	636	9	-1	-1	-1	0
636	704	637	9	-1	-1	-1	0
618	681	682	9	-1	-1	-1	0
637	705	644	9	-1	-1	-1	0
619	683	684	9	-1	-1	-1	0
642	706	638	9	-1	-1	-1	0
639	707	640	9	-1	-1	-1	0
686	683	620	9	-1	-1	-1	0
641	640	709	9	-1	-1	-1	0
686	620	685	9	-1	-1	-1	0
709	643	641	9	-1	-1	-1	0
642	643	710	9	-1	-1	-1	0
624	688	689	9	-1	-1	-1	0
645	644	713	9	-1	-1	-1	0
715	646	645	9	-1	-1	-1	0
626	690	691	9	-1	-1	-1	0
627	689	692	9	-1	-1	-1	0
628	694	687	9	-1	-1	-1	0
693	690	627	9	-1	-1	-1	0
716	649	646	9	-1	-1	-1	0
630	684	698	9	-1	-1	-1	0
627	692	693	9	-1	-1	-1	0
717	648	647	9	-1	-1	-1	0
717	647	649	9	-1	-1	-1	0
629	691	695	9	-1	-1	-1	0
688	631	696	9	-1	-1	-1	0
718	652	648	9	-1	-1	-1	0
694	629	695	9	-1	-1	-1	0
720	651	650	9	-1	-1	-1	0
630	697	696	9	-1	-1	-1	0
720	650	653	9	-1	-1	-1	0
634	687	702	9	-1	-1	-1	0
630	698	697	9	-1	-1	-1	0
651	721	654	9	-1	-1	-1	0
653	652	723	9	-1	-1	-1	0
632	700	699	9	-1	-1	-1	0
701	700	633	9	-1	-1	-1	0
702	701	633	9	-1	-1	-1	0
725	658	656	9	-1	-1	-1	0
661	725	656	9	-1	-1	-1	0
727	657	659	9	-1	-1	-1	0
704	636	703	9	-1	-1	-1	0
659	658	728	9	-1	-1	-1	0
707	639	699	9	-1	-1	-1	0
637	704	705	9	-1	-1	-1	0
638	706	703	9	-1	-1	-1	0
661	660	729	9	-1	-1	-1	0
726	667	657	9	-1	-1	-1	0
730	660	662	9	-1	-1	-1	0
708	640	707	9	-1	-1	-1	0
708	709	640	9	-1	-1	-1	0
663	733	662	9	-1	-1	-1	0
706	642	710	9	-1	-1	-1	0
724	681	654	9	-1	-1	-1	0
734	663	664	9	-1	-1	-1	0
644	705	713	9	-1	-1	-1	0
734	664	665	9	-1	-1	-1	0
710	643	711	9	-1	-1	-1	0
709	712	643	9	-1	-1	-1	0
683	698	684	9	-1	-1	-1	0
712	711	643	9	-1	-1	-1	0
698	683	686	9	-1	-1	-1	0
666	667	736	9	-1	-1	-1	0
713	714	645	9	-1	-1	-1	0
645	714	715	9	-1	-1	-1	0
669	737	668	9	-1	-1	-1	0
693	691	690	9	-1	-1	-1	0
715	716	646	9	-1	-1	-1	0
738	669	670	9	-1	-1	-1	0
702	687	694	9	-1	-1	-1	0
718	648	717	9	-1	-1	-1	0
737	679	668	9	-1	-1	-1	0
672	741	671	9	-1	-1	-1	0
716	719	649	9	-1	-1	-1	0
740	674	671	9	-1	-1	-1	0
719	717	649	9	-1	-1	-1	0
666	736	685	9	-1	-1	-1	0
675	742	672	9	-1	-1	-1	0
738	670	682	9	-1	-1	-1	0
652	718	723	9	-1	-1	-1	0
720	722	651	9	-1	-1	-1	0
675	676	743	9	-1	-1	-1	0
721	651	722	9	-1	-1	-1	0
723	720	653	9	-1	-1	-1	0
676	678	744	9	-1	-1	-1	0
724	654	721	9	-1	-1	-1	0
678	677	745	9	-1	-1	-1	0
679	745	677	9	-1	-1	-1	0
726	657	727	9	-1	-1	-1	0
728	658	725	9	-1	-1	-1	0
681	750	682	9	-1	-1	-1	0
659	728	727	9	-1	-1	-1	0
725	661	732	9	-1	-1	-1	0
660	730	729	9	-1	-1	-1	0
729	731	661	9	-1	-1	-1	0
686	685	751	9	-1	-1	-1	0
661	731	732	9	-1	-1	-1	0
662	733	730	9	-1	-1	-1	0
667	726	736	9	-1	-1	-1	0
733	663	735	9	-1	-1	-1	0
688	755	689	9	-1	-1	-1	0
663	734	735	9	-1	-1	-1	0
692	689	756	9	-1	-1	-1	0
698	686	753	9	-1	-1	-1	0
688	696	754	9	-1	-1	-1	0
693	758	691	9	-1	-1	-1	0
695	691	757	9	-1	-1	-1	0
760	693	692	9	-1	-1	-1	0
739	737	669	9	-1	-1	-1	0
669	738	739	9	-1	-1	-1	0
696	697	754	9	-1	-1	-1	0
671	741	740	9	-1	-1	-1	0
694	695	763	9	-1	-1	-1	0
681	724	749	9	-1	-1	-1	0
741	672	742	9	-1	-1	-1	0
761	702	694	9	-1	-1	-1	0
698	765	697	9	-1	-1	-1	0
743	742	675	9	-1	-1	-1	0
744	743	676	9	-1	-1	-1	0
702	761	701	9	-1	-1	-1	0
747	679	737	9	-1	-1	-1	0
766	699	700	9	-1	-1	-1	0
746	744	678	9	-1	-1	-1	0
700	701	767	9	-1	-1	-1	0
746	678	745	9	-1	-1	-1	0
738	682	750	9	-1	-1	-1	0
745	679	747	9	-1	-1	-1	0
699	766	707	9	-1	-1	-1	0
736	752	685	9	-1	-1	-1	0
703	769	704	9	-1	-1	-1	0
748	681	749	9	-1	-1	-1	0
770	703	706	9	-1	-1	-1	0
681	748	750	9	-1	-1	-1	0
771	705	704	9	-1	-1	-1	0
751	685	752	9	-1	-1	-1	0
774	708	707	9	-1	-1	-1	0
710	773	706	9	-1	-1	-1	0
686	751	753	9	-1	-1	-1	0
772	713	705	9	-1	-1	-1	0
708	776	709	9	-1	-1	-1	0
688	754	755	9	-1	-1	-1	0
776	712	709	9	-1	-1	-1	0
710	711	777	9	-1	-1	-1	0
772	714	713	9	-1	-1	-1	0
755	756	689	9	-1	-1	-1	0
778	711	712	9	-1	-1	-1	0
757	691	758	9	-1	-1	-1	0
692	756	759	9	-1	-1	-1	0
780	715	714	9	-1	-1	-1	0
692	759	760	9	-1	-1	-1	0
758	693	760	9	-1	-1	-1	0
782	716	715	9	-1	-1	-1	0
695	757	763	9	-1	-1	-1	0
754	697	764	9	-1	-1	-1	0
765	698	753	9	-1	-1	-1	0
694	762	761	9	-1	-1	-1	0
762	694	763	9	-1	-1	-1	0
719	716	783	9	-1	-1	-1	0
717	719	785	9	-1	-1	-1	0
718	717	786	9	-1	-1	-1	0
765	764	697	9	-1	-1	-1	0
718	786	723	9	-1	-1	-1	0
788	722	720	9	-1	-1	-1	0
701	761	768	9	-1	-1	-1	0
787	720	723	9	-1	-1	-1	0
789	721	722	9	-1	-1	-1	0
767	766	700	9	-1	-1	-1	0
789	724	721	9	-1	-1	-1	0
701	768	767	9	-1	-1	-1	0
770	769	703	9	-1	-1	-1	0
769	771	704	9	-1	-1	-1	0
728	725	792	9	-1	-1	-1	0
727	794	726	9	-1	-1	-1	0
707	766	775	9	-1	-1	-1	0
771	772	705	9	-1	-1	-1	0
770	706	773	9	-1	-1	-1	0
792	725	732	9	-1	-1	-1	0
728	797	727	9	-1	-1	-1	0
736	726	793	9	-1	-1	-1	0
775	774	707	9	-1	-1	-1	0
798	729	730	9	-1	-1	-1	0
776	708	774	9	-1	-1	-1	0
731	729	799	9	-1	-1	-1	0
777	773	710	9	-1	-1	-1	0
724	791	749	9	-1	-1	-1	0
801	730	733	9	-1	-1	-1	0
802	732	731	9	-1	-1	-1	0
772	780	714	9	-1	-1	-1	0
711	778	777	9	-1	-1	-1	0
712	776	779	9	-1	-1	-1	0
735	801	733	9	-1	-1	-1	0
712	779	778	9	-1	-1	-1	0
780	781	715	9	-1	-1	-1	0
782	715	781	9	-1	-1	-1	0
739	805	737	9	-1	-1	-1	0
782	783	716	9	-1	-1	-1	0
752	736	793	9	-1	-1	-1	0
739	738	806	9	-1	-1	-1	0
784	717	785	9	-1	-1	-1	0
783	785	719	9	-1	-1	-1	0
784	786	717	9	-1	-1	-1	0
740	741	808	9	-1	-1	-1	0
805	747	737	9	-1	-1	-1	0
761	762	768	9	-1	-1	-1	0
742	809	741	9	-1	-1	-1	0
750	806	738	9	-1	-1	-1	0
720	787	788	9	-1	-1	-1	0
743	810	742	9	-1	-1	-1	0
723	786	787	9	-1	-1	-1	0
743	744	811	9	-1	-1	-1	0
722	788	790	9	-1	-1	-1	0
790	789	722	9	-1	-1	-1	0
746	812	744	9	-1	-1	-1	0
745	813	746	9	-1	-1	-1	0
789	791	724	9	-1	-1	-1	0
745	747	814	9	-1	-1	-1	0
748	749	817	9	-1	-1	-1	0
793	726	795	9	-1	-1	-1	0
816	750	748	9	-1	-1	-1	0
726	794	795	9	-1	-1	-1	0
727	796	794	9	-1	-1	-1	0
728	792	797	9	-1	-1	-1	0
797	796	727	9	-1	-1	-1	0
751	752	819	9	-1	-1	-1	0
819	753	751	9	-1	-1	-1	0
798	799	729	9	-1	-1	-1	0
792	732	804	9	-1	-1	-1	0
800	798	730	9	-1	-1	-1	0
801	800	730	9	-1	-1	-1	0
802	731	799	9	-1	-1	-1	0
755	754	824	9	-1	-1	-1	0
755	825	756	9	-1	-1	-1	0
732	802	803	9	-1	-1	-1	0
732	803	804	9	-1	-1	-1	0
756	825	759	9	-1	-1	-1	0
753	822	765	9	-1	-1	-1	0
758	826	757	9	-1	-1	-1	0
824	754	764	9	-1	-1	-1	0
827	758	760	9	-1	-1	-1	0
826	763	757	9	-1	-1	-1	0
759	830	760	9	-1	-1	-1	0
807	805	739	9	-1	-1	-1	0
807	739	806	9	-1	-1	-1	0
791	818	749	9	-1	-1	-1	0
808	741	809	9	-1	-1	-1	0
834	762	763	9	-1	-1	-1	0
810	809	742	9	-1	-1	-1	0
833	768	762	9	-1	-1	-1	0
743	811	810	9	-1	-1	-1	0
835	764	765	9	-1	-1	-1	0
752	793	821	9	-1	-1	-1	0
812	811	744	9	-1	-1	-1	0
746	813	812	9	-1	-1	-1	0
815	747	805	9	-1	-1	-1	0
767	838	766	9	-1	-1	-1	0
816	806	750	9	-1	-1	-1	0
813	745	814	9	-1	-1	-1	0
838	767	768	9	-1	-1	-1	0
747	815	814	9	-1	-1	-1	0
775	766	838	9	-1	-1	-1	0
840	769	770	9	-1	-1	-1	0
748	817	816	9	-1	-1	-1	0
841	771	769	9	-1	-1	-1	0
772	771	841	9	-1	-1	-1	0
749	818	817	9	-1	-1	-1	0
770	773	843	9	-1	-1	-1	0
820	819	752	9	-1	-1	-1	0
820	752	821	9	-1	-1	-1	0
777	843	773	9	-1	-1	-1	0
775	845	774	9	-1	-1	-1	0
819	823	753	9	-1	-1	-1	0
776	774	846	9	-1	-1	-1	0
780	772	844	9	-1	-1	-1	0
753	823	822	9	-1	-1	-1	0
779	776	846	9	-1	-1	-1	0
755	824	825	9	-1	-1	-1	0
778	849	777	9	-1	-1	-1	0
779	850	778	9	-1	-1	-1	0
793	795	821	9	-1	-1	-1	0
828	826	758	9	-1	-1	-1	0
781	780	853	9	-1	-1	-1	0
758	827	829	9	-1	-1	-1	0
828	758	829	9	-1	-1	-1	0
831	759	825	9	-1	-1	-1	0
854	782	781	9	-1	-1	-1	0
832	827	760	9	-1	-1	-1	0
830	759	831	9	-1	-1	-1	0
856	783	782	9	-1	-1	-1	0
830	832	760	9	-1	-1	-1	0
763	826	834	9	-1	-1	-1	0
836	824	764	9	-1	-1	-1	0
765	822	837	9	-1	-1	-1	0
857	785	783	9	-1	-1	-1	0
858	786	784	9	-1	-1	-1	0
833	762	834	9	-1	-1	-1	0
785	860	784	9	-1	-1	-1	0
786	861	787	9	-1	-1	-1	0
764	835	836	9	-1	-1	-1	0
787	862	788	9	-1	-1	-1	0
835	765	837	9	-1	-1	-1	0
833	839	768	9	-1	-1	-1	0
790	788	863	9	-1	-1	-1	0
789	790	864	9	-1	-1	-1	0
838	768	839	9	-1	-1	-1	0
865	791	789	9	-1	-1	-1	0
840	841	769	9	-1	-1	-1	0
770	842	840	9	-1	-1	-1	0
770	843	842	9	-1	-1	-1	0
797	792	866	9	-1	-1	-1	0
795	794	867	9	-1	-1	-1	0
794	796	867	9	-1	-1	-1	0
772	841	844	9	-1	-1	-1	0
775	838	848	9	-1	-1	-1	0
804	866	792	9	-1	-1	-1	0
796	797	869	9	-1	-1	-1	0
774	845	846	9	-1	-1	-1	0
845	775	847	9	-1	-1	-1	0
798	800	871	9	-1	-1	-1	0
799	798	872	9	-1	-1	-1	0
777	849	843	9	-1	-1	-1	0
848	847	775	9	-1	-1	-1	0
818	791	865	9	-1	-1	-1	0
802	799	874	9	-1	-1	-1	0
779	846	852	9	-1	-1	-1	0
844	853	780	9	-1	-1	-1	0
849	778	851	9	-1	-1	-1	0
778	850	851	9	-1	-1	-1	0
875	803	802	9	-1	-1	-1	0
852	850	779	9	-1	-1	-1	0
823	837	822	9	-1	-1	-1	0
804	803	876	9	-1	-1	-1	0
795	868	821	9	-1	-1	-1	0
824	836	825	9	-1	-1	-1	0
853	854	781	9	-1	-1	-1	0
879	805	807	9	-1	-1	-1	0
854	855	782	9	-1	-1	-1	0
782	855	856	9	-1	-1	-1	0
880	807	806	9	-1	-1	-1	0
783	856	857	9	-1	-1	-1	0
808	809	881	9	-1	-1	-1	0
879	815	805	9	-1	-1	-1	0
810	881	809	9	-1	-1	-1	0
784	859	858	9	-1	-1	-1	0
880	806	816	9	-1	-1	-1	0
857	860	785	9	-1	-1	-1	0
810	811	882	9	-1	-1	-1	0
860	859	784	9	-1	-1	-1	0
861	786	858	9	-1	-1	-1	0
812	884	811	9	-1	-1	-1	0
862	787	861	9	-1	-1	-1	0
885	812	813	9	-1	-1	-1	0
814	886	813	9	-1	-1	-1	0
862	863	788	9	-1	-1	-1	0
863	864	790	9	-1	-1	-1	0
865	789	864	9	-1	-1	-1	0
815	889	814	9	-1	-1	-1	0
891	816	817	9	-1	-1	-1	0
839	848	838	9	-1	-1	-1	0
817	818	893	9	-1	-1	-1	0
868	795	867	9	-1	-1	-1	0
796	869	867	9	-1	-1	-1	0
819	820	894	9	-1	-1	-1	0
866	870	797	9	-1	-1	-1	0
869	797	870	9	-1	-1	-1	0
819	894	823	9	-1	-1	-1	0
820	821	896	9	-1	-1	-1	0
871	872	798	9	-1	-1	-1	0
799	872	873	9	-1	-1	-1	0
873	874	799	9	-1	-1	-1	0
804	878	866	9	-1	-1	-1	0
802	874	875	9	-1	-1	-1	0
826	828	899	9	-1	-1	-1	0
831	825	898	9	-1	-1	-1	0
875	876	803	9	-1	-1	-1	0
900	829	827	9	-1	-1	-1	0
897	837	823	9	-1	-1	-1	0
804	876	877	9	-1	-1	-1	0
828	829	901	9	-1	-1	-1	0
898	825	836	9	-1	-1	-1	0
877	878	804	9	-1	-1	-1	0
826	899	834	9	-1	-1	-1	0
900	827	832	9	-1	-1	-1	0
904	830	831	9	-1	-1	-1	0
832	830	904	9	-1	-1	-1	0
880	879	807	9	-1	-1	-1	0
882	881	810	9	-1	-1	-1	0
834	907	833	9	-1	-1	-1	0
893	818	865	9	-1	-1	-1	0
883	882	811	9	-1	-1	-1	0
859	861	858	9	-1	-1	-1	0
883	811	884	9	-1	-1	-1	0
833	908	839	9	-1	-1	-1	0
884	812	885	9	-1	-1	-1	0
836	835	911	9	-1	-1	-1	0
879	890	815	9	-1	-1	-1	0
837	912	835	9	-1	-1	-1	0
813	887	885	9	-1	-1	-1	0
821	868	896	9	-1	-1	-1	0
886	887	813	9	-1	-1	-1	0
880	816	891	9	-1	-1	-1	0
888	886	814	9	-1	-1	-1	0
814	889	888	9	-1	-1	-1	0
815	890	889	9	-1	-1	-1	0
916	841	840	9	-1	-1	-1	0
842	917	840	9	-1	-1	-1	0
817	892	891	9	-1	-1	-1	0
915	848	839	9	-1	-1	-1	0
893	892	817	9	-1	-1	-1	0
844	841	918	9	-1	-1	-1	0
843	919	842	9	-1	-1	-1	0
894	820	895	9	-1	-1	-1	0
820	896	895	9	-1	-1	-1	0
843	849	921	9	-1	-1	-1	0
845	922	846	9	-1	-1	-1	0
866	878	870	9	-1	-1	-1	0
823	894	897	9	-1	-1	-1	0
918	853	844	9	-1	-1	-1	0
845	847	923	9	-1	-1	-1	0
924	847	848	9	-1	-1	-1	0
852	846	922	9	-1	-1	-1	0
851	926	849	9	-1	-1	-1	0
850	927	851	9	-1	-1	-1	0
828	902	899	9	-1	-1	-1	0
850	852	928	9	-1	-1	-1	0
901	902	828	9	-1	-1	-1	0
903	829	900	9	-1	-1	-1	0
903	901	829	9	-1	-1	-1	0
905	831	898	9	-1	-1	-1	0
854	853	931	9	-1	-1	-1	0
906	900	832	9	-1	-1	-1	0
904	831	905	9	-1	-1	-1	0
855	854	933	9	-1	-1	-1	0
832	904	906	9	-1	-1	-1	0
910	834	899	9	-1	-1	-1	0
898	836	913	9	-1	-1	-1	0
936	856	855	9	-1	-1	-1	0
897	914	837	9	-1	-1	-1	0
833	907	909	9	-1	-1	-1	0
909	908	833	9	-1	-1	-1	0
937	857	856	9	-1	-1	-1	0
907	834	910	9	-1	-1	-1	0
860	857	938	9	-1	-1	-1	0
911	835	912	9	-1	-1	-1	0
860	939	859	9	-1	-1	-1	0
911	913	836	9	-1	-1	-1	0
861	859	940	9	-1	-1	-1	0
915	839	908	9	-1	-1	-1	0
914	912	837	9	-1	-1	-1	0
861	942	862	9	-1	-1	-1	0
862	944	863	9	-1	-1	-1	0
863	944	864	9	-1	-1	-1	0
840	917	916	9	-1	-1	-1	0
864	945	865	9	-1	-1	-1	0
841	916	918	9	-1	-1	-1	0
920	917	842	9	-1	-1	-1	0
842	919	920	9	-1	-1	-1	0
948	868	867	9	-1	-1	-1	0
843	921	919	9	-1	-1	-1	0
948	867	869	9	-1	-1	-1	0
915	925	848	9	-1	-1	-1	0
923	922	845	9	-1	-1	-1	0
951	869	870	9	-1	-1	-1	0
847	924	923	9	-1	-1	-1	0
872	871	952	9	-1	-1	-1	0
849	926	921	9	-1	-1	-1	0
848	925	924	9	-1	-1	-1	0
952	873	872	9	-1	-1	-1	0
870	878	951	9	-1	-1	-1	0
953	874	873	9	-1	-1	-1	0
853	918	932	9	-1	-1	-1	0
874	954	875	9	-1	-1	-1	0
852	922	930	9	-1	-1	-1	0
947	893	865	9	-1	-1	-1	0
928	927	850	9	-1	-1	-1	0
926	851	929	9	-1	-1	-1	0
851	927	929	9	-1	-1	-1	0
956	876	875	9	-1	-1	-1	0
852	930	928	9	-1	-1	-1	0
877	876	957	9	-1	-1	-1	0
896	868	950	9	-1	-1	-1	0
877	959	878	9	-1	-1	-1	0
932	931	853	9	-1	-1	-1	0
934	854	931	9	-1	-1	-1	0
880	962	879	9	-1	-1	-1	0
854	935	933	9	-1	-1	-1	0
854	934	935	9	-1	-1	-1	0
855	933	936	9	-1	-1	-1	0
937	856	936	9	-1	-1	-1	0
883	884	963	9	-1	-1	-1	0
962	890	879	9	-1	-1	-1	0
885	963	884	9	-1	-1	-1	0
937	938	857	9	-1	-1	-1	0
880	891	962	9	-1	-1	-1	0
911	912	913	9	-1	-1	-1	0
965	885	887	9	-1	-1	-1	0
859	939	940	9	-1	-1	-1	0
938	941	860	9	-1	-1	-1	0
887	886	967	9	-1	-1	-1	0
966	886	888	9	-1	-1	-1	0
939	860	941	9	-1	-1	-1	0
940	942	861	9	-1	-1	-1	0
862	942	943	9	-1	-1	-1	0
970	888	889	9	-1	-1	-1	0
944	862	943	9	-1	-1	-1	0
971	889	890	9	-1	-1	-1	0
864	944	946	9	-1	-1	-1	0
946	945	864	9	-1	-1	-1	0
892	973	891	9	-1	-1	-1	0
865	945	947	9	-1	-1	-1	0
974	892	893	9	-1	-1	-1	0
976	894	895	9	-1	-1	-1	0
868	948	949	9	-1	-1	-1	0
975	897	894	9	-1	-1	-1	0
868	949	950	9	-1	-1	-1	0
869	951	948	9	-1	-1	-1	0
977	895	896	9	-1	-1	-1	0
873	952	953	9	-1	-1	-1	0
874	953	954	9	-1	-1	-1	0
979	905	898	9	-1	-1	-1	0
902	981	899	9	-1	-1	-1	0
875	954	955	9	-1	-1	-1	0
903	900	983	9	-1	-1	-1	0
956	875	955	9	-1	-1	-1	0
906	982	900	9	-1	-1	-1	0
985	902	901	9	-1	-1	-1	0
903	984	901	9	-1	-1	-1	0
876	956	957	9	-1	-1	-1	0
897	978	914	9	-1	-1	-1	0
960	951	878	9	-1	-1	-1	0
981	910	899	9	-1	-1	-1	0
980	898	913	9	-1	-1	-1	0
877	957	958	9	-1	-1	-1	0
877	958	959	9	-1	-1	-1	0
988	904	905	9	-1	-1	-1	0
934	931	932	9	-1	-1	-1	0
959	961	878	9	-1	-1	-1	0
906	904	988	9	-1	-1	-1	0
878	961	960	9	-1	-1	-1	0
913	912	980	9	-1	-1	-1	0
990	909	907	9	-1	-1	-1	0
910	990	907	9	-1	-1	-1	0
909	992	908	9	-1	-1	-1	0
885	964	963	9	-1	-1	-1	0
974	893	947	9	-1	-1	-1	0
964	885	965	9	-1	-1	-1	0
908	991	915	9	-1	-1	-1	0
967	886	966	9	-1	-1	-1	0
887	968	965	9	-1	-1	-1	0
914	995	912	9	-1	-1	-1	0
887	967	968	9	-1	-1	-1	0
977	896	950	9	-1	-1	-1	0
969	966	888	9	-1	-1	-1	0
890	962	972	9	-1	-1	-1	0
962	891	973	9	-1	-1	-1	0
969	888	970	9	-1	-1	-1	0
970	889	971	9	-1	-1	-1	0
917	1000	916	9	-1	-1	-1	0
972	971	890	9	-1	-1	-1	0
916	1000	918	9	-1	-1	-1	0
915	998	925	9	-1	-1	-1	0
917	920	1001	9	-1	-1	-1	0
974	973	892	9	-1	-1	-1	0
1003	920	919	9	-1	-1	-1	0
921	1003	919	9	-1	-1	-1	0
975	894	976	9	-1	-1	-1	0
951	949	948	9	-1	-1	-1	0
976	895	977	9	-1	-1	-1	0
926	1003	921	9	-1	-1	-1	0
975	978	897	9	-1	-1	-1	0
923	1005	922	9	-1	-1	-1	0
918	1002	932	9	-1	-1	-1	0
1006	923	924	9	-1	-1	-1	0
1007	924	925	9	-1	-1	-1	0
930	922	1005	9	-1	-1	-1	0
979	898	980	9	-1	-1	-1	0
926	929	1009	9	-1	-1	-1	0
900	982	983	9	-1	-1	-1	0
1011	927	928	1	-1	-1	-1	0
927	1012	929	1	-1	-1	-1	0
902	986	981	9	-1	-1	-1	0
901	984	985	9	-1	-1	-1	0
930	1013	928	1	-1	-1	-1	0
989	905	979	9	-1	-1	-1	0
983	987	903	9	-1	-1	-1	0
985	986	902	9	-1	-1	-1	0
903	987	984	9	-1	-1	-1	0
982	906	988	9	-1	-1	-1	0
989	988	905	9	-1	-1	-1	0
932	1018	934	9	-1	-1	-1	0
994	910	981	9	-1	-1	-1	0
935	1020	933	9	-1	-1	-1	0
936	933	1019	9	-1	-1	-1	0
912	996	980	9	-1	-1	-1	0
997	914	978	9	-1	-1	-1	0
934	1021	935	9	-1	-1	-1	0
991	908	992	9	-1	-1	-1	0
993	909	990	9	-1	-1	-1	0
990	910	994	9	-1	-1	-1	0
909	993	992	9	-1	-1	-1	0
937	936	1024	9	-1	-1	-1	0
1025	938	937	9	-1	-1	-1	0
912	995	996	9	-1	-1	-1	0
941	938	1025	9	-1	-1	-1	0
999	915	991	9	-1	-1	-1	0
939	1026	940	9	-1	-1	-1	0
1026	939	941	9	-1	-1	-1	0
997	995	914	9	-1	-1	-1	0
942	940	1027	9	-1	-1	-1	0
999	998	915	9	-1	-1	-1	0
1029	943	942	9	-1	-1	-1	0
1000	917	1001	9	-1	-1	-1	0
1031	944	943	9	-1	-1	-1	0
918	1000	1002	9	-1	-1	-1	0
946	944	1031	9	-1	-1	-1	0
1033	945	946	9	-1	-1	-1	0
1001	920	1004	9	-1	-1	-1	0
945	1034	947	9	-1	-1	-1	0
920	1003	1004	9	-1	-1	-1	0
1008	925	998	9	-1	-1	-1	0
923	1006	1005	9	-1	-1	-1	0
1007	1006	924	9	-1	-1	-1	0
951	1038	949	9	-1	-1	-1	0
949	1039	950	9	-1	-1	-1	0
926	1010	1003	9	-1	-1	-1	0
925	1008	1007	9	-1	-1	-1	0
1010	926	1009	9	-1	-1	-1	0
930	1005	1015	1	-1	-1	-1	0
1011	1012	927	1	-1	-1	-1	0
1017	932	1002	9	-1	-1	-1	0
951	960	1041	9	-1	-1	-1	0
1013	1011	928	1	-1	-1	-1	0
929	1014	1009	1	-1	-1	-1	0
955	1042	956	9	-1	-1	-1	0
957	956	1042	9	-1	-1	-1	0
1014	929	1012	1	-1	-1	-1	0
947	1037	974	9	-1	-1	-1	0
1043	958	957	9	-1	-1	-1	0
1013	930	1016	1	-1	-1	-1	0
930	1015	1016	1	-1	-1	-1	0
1044	959	958	9	-1	-1	-1	0
961	959	1046	9	-1	-1	-1	0
1017	1018	932	9	-1	-1	-1	0
1040	977	950	9	-1	-1	-1	0
1047	960	961	9	-1	-1	-1	0
1020	1019	933	9	-1	-1	-1	0
934	1018	1021	9	-1	-1	-1	0
935	1023	1020	9	-1	-1	-1	0
1021	1022	935	9	-1	-1	-1	0
1019	1024	936	9	-1	-1	-1	0
965	1050	964	9	-1	-1	-1	0
935	1022	1023	9	-1	-1	-1	0
972	962	1049	9	-1	-1	-1	0
965	968	1050	9	-1	-1	-1	0
1051	967	966	9	-1	-1	-1	0
962	973	1049	9	-1	-1	-1	0
1024	1025	937	9	-1	-1	-1	0
969	1052	966	9	-1	-1	-1	0
1053	968	967	9	-1	-1	-1	0
1026	1027	940	9	-1	-1	-1	0
1028	941	1025	9	-1	-1	-1	0
1055	969	970	9	-1	-1	-1	0
941	1028	1026	9	-1	-1	-1	0
942	1027	1030	9	-1	-1	-1	0
971	1056	970	9	-1	-1	-1	0
1030	1029	942	9	-1	-1	-1	0
972	1058	971	9	-1	-1	-1	0
1032	943	1029	9	-1	-1	-1	0
1032	1031	943	9	-1	-1	-1	0
973	974	1060	9	-1	-1	-1	0
976	1061	975	9	-1	-1	-1	0
945	1033	1034	9	-1	-1	-1	0
1031	1035	946	9	-1	-1	-1	0
1061	978	975	9	-1	-1	-1	0
1036	1033	946	9	-1	-1	-1	0
976	977	1063	9	-1	-1	-1	0
1036	946	1035	9	-1	-1	-1	0
947	1034	1037	9	-1	-1	-1	0
980	1065	979	9	-1	-1	-1	0
1038	1039	949	9	-1	-1	-1	0
1040	950	1039	9	-1	-1	-1	0
951	1041	1038	9	-1	-1	-1	0
983	982	1068	9	-1	-1	-1	0
981	986	1067	9	-1	-1	-1	0
979	1066	989	9	-1	-1	-1	0
988	1069	982	9	-1	-1	-1	0
1064	997	978	9	-1	-1	-1	0
985	984	1072	9	-1	-1	-1	0
1071	987	983	9	-1	-1	-1	0
980	996	1065	9	-1	-1	-1	0
981	1067	994	9	-1	-1	-1	0
957	1042	1043	9	-1	-1	-1	0
1073	984	987	9	-1	-1	-1	0
986	985	1074	9	-1	-1	-1	0
958	1043	1044	9	-1	-1	-1	0
1041	960	1047	9	-1	-1	-1	0
1044	1045	959	9	-1	-1	-1	0
959	1045	1046	9	-1	-1	-1	0
1046	1048	961	9	-1	-1	-1	0
1078	988	989	9	-1	-1	-1	0
1048	1047	961	9	-1	-1	-1	0
1080	993	990	9	-1	-1	-1	0
1080	990	994	9	-1	-1	-1	0
1082	991	992	9	-1	-1	-1	0
1083	992	993	9	-1	-1	-1	0
1052	1051	966	9	-1	-1	-1	0
968	1053	1050	9	-1	-1	-1	0
974	1037	1060	9	-1	-1	-1	0
991	1081	999	9	-1	-1	-1	0
1054	967	1051	9	-1	-1	-1	0
967	1054	1053	9	-1	-1	-1	0
1055	1052	969	9	-1	-1	-1	0
995	1087	996	9	-1	-1	-1	0
997	1087	995	9	-1	-1	-1	0
1058	972	1049	9	-1	-1	-1	0
977	1040	1063	9	-1	-1	-1	0
970	1057	1055	9	-1	-1	-1	0
1049	973	1060	9	-1	-1	-1	0
1057	970	1056	9	-1	-1	-1	0
1056	971	1059	9	-1	-1	-1	0
971	1058	1059	9	-1	-1	-1	0
1091	998	999	9	-1	-1	-1	0
1093	1000	1001	9	-1	-1	-1	0
1093	1002	1000	9	-1	-1	-1	0
1008	998	1091	9	-1	-1	-1	0
1031	1032	1035	9	-1	-1	-1	0
1001	1004	1094	9	-1	-1	-1	0
1062	1061	976	9	-1	-1	-1	0
1062	976	1063	9	-1	-1	-1	0
1003	1095	1004	9	-1	-1	-1	0
978	1061	1064	9	-1	-1	-1	0
1003	1010	1095	9	-1	-1	-1	0
1005	1006	1098	1	-1	-1	-1	0
979	1065	1066	9	-1	-1	-1	0
1099	1006	1007	1	-1	-1	-1	0
1093	1017	1002	9	-1	-1	-1	0
1008	1101	1007	1	-1	-1	-1	0
1015	1005	1097	1	-1	-1	-1	0
1069	1068	982	9	-1	-1	-1	0
983	1068	1070	9	-1	-1	-1	0
1009	1103	1010	1	-1	-1	-1	0
1071	983	1070	9	-1	-1	-1	0
1009	1014	1103	1	-1	-1	-1	0
1105	1012	1011	1	-1	-1	-1	0
1067	986	1075	9	-1	-1	-1	0
984	1073	1072	9	-1	-1	-1	0
1011	1013	1106	1	-1	-1	-1	0
1072	1074	985	9	-1	-1	-1	0
1079	989	1066	9	-1	-1	-1	0
1012	1108	1014	1	-1	-1	-1	0
988	1078	1069	9	-1	-1	-1	0
1075	986	1074	9	-1	-1	-1	0
1077	987	1071	9	-1	-1	-1	0
1076	1073	987	9	-1	-1	-1	0
1013	1016	1109	1	-1	-1	-1	0
1076	987	1077	9	-1	-1	-1	0
1015	1112	1016	1	-1	-1	-1	0
1078	989	1079	9	-1	-1	-1	0
994	1067	1086	9	-1	-1	-1	0
1088	1065	996	9	-1	-1	-1	0
1064	1090	997	9	-1	-1	-1	0
1017	1117	1018	9	-1	-1	-1	0
1081	991	1082	9	-1	-1	-1	0
1018	1118	1021	9	-1	-1	-1	0
1020	1119	1019	9	-1	-1	-1	0
993	1080	1085	9	-1	-1	-1	0
992	1084	1082	9	-1	-1	-1	0
1083	1084	992	9	-1	-1	-1	0
1086	1080	994	9	-1	-1	-1	0
993	1085	1083	9	-1	-1	-1	0
1024	1019	1119	9	-1	-1	-1	0
1020	1023	1120	9	-1	-1	-1	0
1021	1123	1022	9	-1	-1	-1	0
1124	1023	1022	9	-1	-1	-1	0
999	1081	1092	9	-1	-1	-1	0
996	1087	1089	9	-1	-1	-1	0
1088	996	1089	9	-1	-1	-1	0
997	1090	1087	9	-1	-1	-1	0
1025	1024	1129	9	-1	-1	-1	0
1091	999	1092	9	-1	-1	-1	0
1028	1025	1131	9	-1	-1	-1	0
1026	1132	1027	9	-1	-1	-1	0
1132	1026	1028	9	-1	-1	-1	0
1093	1001	1094	9	-1	-1	-1	0
1027	1132	1030	9	-1	-1	-1	0
1134	1029	1030	9	-1	-1	-1	0
1096	1094	1004	9	-1	-1	-1	0
1095	1096	1004	9	-1	-1	-1	0
1134	1032	1029	9	-1	-1	-1	0
1005	1098	1097	1	-1	-1	-1	0
1102	1008	1091	1	-1	-1	-1	0
1032	1136	1035	9	-1	-1	-1	0
1099	1098	1006	1	-1	-1	-1	0
1137	1034	1033	9	-1	-1	-1	0
1137	1033	1036	9	-1	-1	-1	0
1099	1007	1100	1	-1	-1	-1	0
1007	1101	1100	1	-1	-1	-1	0
1095	1010	1104	1	-1	-1	-1	0
1034	1138	1037	9	-1	-1	-1	0
1035	1139	1036	9	-1	-1	-1	0
1101	1008	1102	1	-1	-1	-1	0
1103	1104	1010	1	-1	-1	-1	0
1065	1088	1066	9	-1	-1	-1	0
1144	1039	1038	9	-1	-1	-1	0
1106	1105	1011	1	-1	-1	-1	0
1144	1038	1041	9	-1	-1	-1	0
1040	1039	1145	9	-1	-1	-1	0
1105	1107	1012	1	-1	-1	-1	0
1097	1113	1015	1	-1	-1	-1	0
1093	1116	1017	9	-1	-1	-1	0
1108	1012	1107	1	-1	-1	-1	0
1103	1014	1111	1	-1	-1	-1	0
1109	1106	1013	1	-1	-1	-1	0
1108	1110	1014	1	-1	-1	-1	0
1111	1014	1110	1	-1	-1	-1	0
1041	1047	1148	9	-1	-1	-1	0
1046	1045	1149	9	-1	-1	-1	0
1113	1112	1015	1	-1	-1	-1	0
1016	1115	1109	1	-1	-1	-1	0
1037	1143	1060	9	-1	-1	-1	0
1016	1112	1114	1	-1	-1	-1	0
1048	1046	1150	9	-1	-1	-1	0
1016	1114	1115	1	-1	-1	-1	0
1048	1151	1047	9	-1	-1	-1	0
1147	1063	1040	9	-1	-1	-1	0
1117	1017	1116	9	-1	-1	-1	0
1118	1018	1117	9	-1	-1	-1	0
1052	1155	1051	9	-1	-1	-1	0
1154	1054	1051	9	-1	-1	-1	0
1058	1049	1153	9	-1	-1	-1	0
1020	1121	1119	9	-1	-1	-1	0
1120	1121	1020	9	-1	-1	-1	0
1021	1118	1122	9	-1	-1	-1	0
1060	1153	1049	9	-1	-1	-1	0
1055	1156	1052	9	-1	-1	-1	0
1021	1122	1123	9	-1	-1	-1	0
1090	1089	1087	9	-1	-1	-1	0
1055	1057	1157	9	-1	-1	-1	0
1153	1059	1058	9	-1	-1	-1	0
1023	1128	1120	9	-1	-1	-1	0
1022	1125	1124	9	-1	-1	-1	0
1126	1022	1123	9	-1	-1	-1	0
1158	1057	1056	9	-1	-1	-1	0
1158	1056	1059	9	-1	-1	-1	0
1126	1125	1022	9	-1	-1	-1	0
1024	1119	1130	9	-1	-1	-1	0
1023	1124	1127	9	-1	-1	-1	0
1127	1128	1023	9	-1	-1	-1	0
1024	1130	1129	9	-1	-1	-1	0
1161	1061	1062	9	-1	-1	-1	0
1025	1129	1131	9	-1	-1	-1	0
1161	1064	1061	9	-1	-1	-1	0
1063	1162	1062	9	-1	-1	-1	0
1133	1028	1131	9	-1	-1	-1	0
1133	1132	1028	9	-1	-1	-1	0
1132	1135	1030	9	-1	-1	-1	0
1134	1030	1135	9	-1	-1	-1	0
1136	1032	1134	9	-1	-1	-1	0
1068	1069	1168	9	-1	-1	-1	0
1169	1070	1068	9	-1	-1	-1	0
1137	1138	1034	9	-1	-1	-1	0
1167	1067	1075	9	-1	-1	-1	0
1035	1136	1139	9	-1	-1	-1	0
1166	1079	1066	9	-1	-1	-1	0
1071	1070	1171	9	-1	-1	-1	0
1036	1140	1137	9	-1	-1	-1	0
1139	1141	1036	9	-1	-1	-1	0
1141	1140	1036	9	-1	-1	-1	0
1142	1037	1138	9	-1	-1	-1	0
1069	1078	1170	9	-1	-1	-1	0
1064	1165	1090	9	-1	-1	-1	0
1174	1072	1073	9	-1	-1	-1	0
1086	1067	1167	9	-1	-1	-1	0
1166	1066	1088	9	-1	-1	-1	0
1175	1074	1072	9	-1	-1	-1	0
1077	1071	1173	9	-1	-1	-1	0
1037	1142	1143	9	-1	-1	-1	0
1074	1175	1075	9	-1	-1	-1	0
1076	1176	1073	9	-1	-1	-1	0
1144	1146	1039	9	-1	-1	-1	0
1146	1145	1039	9	-1	-1	-1	0
1178	1076	1077	9	-1	-1	-1	0
1147	1040	1145	9	-1	-1	-1	0
1041	1148	1144	9	-1	-1	-1	0
1078	1079	1180	9	-1	-1	-1	0
1149	1150	1046	9	-1	-1	-1	0
1183	1081	1082	9	-1	-1	-1	0
1151	1148	1047	9	-1	-1	-1	0
1080	1182	1085	9	-1	-1	-1	0
1080	1086	1182	9	-1	-1	-1	0
1048	1150	1152	9	-1	-1	-1	0
1048	1152	1151	9	-1	-1	-1	0
1082	1084	1185	9	-1	-1	-1	0
1083	1187	1084	9	-1	-1	-1	0
1153	1060	1143	9	-1	-1	-1	0
1085	1188	1083	9	-1	-1	-1	0
1184	1092	1081	9	-1	-1	-1	0
1154	1051	1155	9	-1	-1	-1	0
1155	1052	1156	9	-1	-1	-1	0
1157	1156	1055	9	-1	-1	-1	0
1121	1130	1119	9	-1	-1	-1	0
1089	1194	1088	9	-1	-1	-1	0
1153	1160	1059	9	-1	-1	-1	0
1159	1157	1057	9	-1	-1	-1	0
1164	1063	1147	9	-1	-1	-1	0
1089	1090	1195	9	-1	-1	-1	0
1057	1158	1159	9	-1	-1	-1	0
1059	1160	1158	9	-1	-1	-1	0
1092	1197	1091	1	-1	-1	-1	0
1161	1062	1163	9	-1	-1	-1	0
1199	1093	1094	9	-1	-1	-1	0
1062	1162	1163	9	-1	-1	-1	0
1063	1164	1162	9	-1	-1	-1	0
1161	1165	1064	9	-1	-1	-1	0
1201	1094	1096	9	-1	-1	-1	0
1091	1197	1102	1	-1	-1	-1	0
1095	1203	1096	1	-1	-1	-1	0
1132	1133	1135	9	-1	-1	-1	0
1098	1205	1097	1	-1	-1	-1	0
1104	1202	1095	1	-1	-1	-1	0
1099	1207	1098	1	-1	-1	-1	0
1169	1068	1168	9	-1	-1	-1	0
1170	1168	1069	9	-1	-1	-1	0
1099	1100	1209	1	-1	-1	-1	0
1093	1200	1116	9	-1	-1	-1	0
1070	1169	1171	9	-1	-1	-1	0
1211	1100	1101	1	-1	-1	-1	0
1172	1071	1171	9	-1	-1	-1	0
1097	1206	1113	1	-1	-1	-1	0
1071	1172	1173	9	-1	-1	-1	0
1101	1102	1213	1	-1	-1	-1	0
1075	1177	1167	9	-1	-1	-1	0
1103	1214	1104	1	-1	-1	-1	0
1072	1174	1175	9	-1	-1	-1	0
1176	1174	1073	9	-1	-1	-1	0
1079	1166	1181	9	-1	-1	-1	0
1216	1105	1106	1	-1	-1	-1	0
1177	1075	1175	9	-1	-1	-1	0
1214	1103	1111	1	-1	-1	-1	0
1105	1216	1107	1	-1	-1	-1	0
1170	1078	1180	9	-1	-1	-1	0
1077	1173	1179	9	-1	-1	-1	0
1176	1076	1178	9	-1	-1	-1	0
1217	1106	1109	1	-1	-1	-1	0
1218	1108	1107	1	-1	-1	-1	0
1179	1178	1077	9	-1	-1	-1	0
1110	1108	1219	1	-1	-1	-1	0
1181	1180	1079	9	-1	-1	-1	0
1110	1221	1111	1	-1	-1	-1	0
1109	1115	1220	1	-1	-1	-1	0
1193	1086	1167	9	-1	-1	-1	0
1166	1088	1194	9	-1	-1	-1	0
1184	1081	1183	9	-1	-1	-1	0
1112	1113	1225	1	-1	-1	-1	0
1165	1196	1090	9	-1	-1	-1	0
1082	1186	1183	9	-1	-1	-1	0
1225	1114	1112	1	-1	-1	-1	0
1082	1185	1186	9	-1	-1	-1	0
1085	1182	1191	9	-1	-1	-1	0
1114	1229	1115	1	-1	-1	-1	0
1188	1187	1083	9	-1	-1	-1	0
1185	1084	1190	9	-1	-1	-1	0
1187	1189	1084	9	-1	-1	-1	0
1182	1086	1193	9	-1	-1	-1	0
1084	1189	1190	9	-1	-1	-1	0
1231	1117	1116	9	-1	-1	-1	0
1085	1192	1188	9	-1	-1	-1	0
1232	1118	1117	9	-1	-1	-1	0
1191	1192	1085	9	-1	-1	-1	0
1092	1184	1198	1	-1	-1	-1	0
1118	1234	1122	9	-1	-1	-1	0
1120	1235	1121	9	-1	-1	-1	0
1089	1195	1194	9	-1	-1	-1	0
1196	1195	1090	9	-1	-1	-1	0
1123	1122	1237	9	-1	-1	-1	0
1235	1120	1128	9	-1	-1	-1	0
1238	1126	1123	9	-1	-1	-1	0
1198	1197	1092	1	-1	-1	-1	0
1236	1130	1121	9	-1	-1	-1	0
1124	1125	1239	9	-1	-1	-1	0
1127	1124	1239	9	-1	-1	-1	0
1199	1200	1093	9	-1	-1	-1	0
1126	1241	1125	9	-1	-1	-1	0
1199	1094	1201	9	-1	-1	-1	0
1128	1127	1244	9	-1	-1	-1	0
1202	1203	1095	1	-1	-1	-1	0
1201	1096	1204	1	-1	-1	-1	0
1203	1204	1096	1	-1	-1	-1	0
1247	1129	1130	9	-1	-1	-1	0
1247	1131	1129	9	-1	-1	-1	0
1205	1206	1097	1	-1	-1	-1	0
1205	1098	1207	1	-1	-1	-1	0
1131	1247	1133	9	-1	-1	-1	0
1213	1102	1197	1	-1	-1	-1	0
1208	1099	1209	1	-1	-1	-1	0
1099	1210	1207	1	-1	-1	-1	0
1133	1249	1135	9	-1	-1	-1	0
1099	1208	1210	1	-1	-1	-1	0
1209	1100	1211	1	-1	-1	-1	0
1251	1134	1135	9	-1	-1	-1	0
1215	1202	1104	1	-1	-1	-1	0
1134	1251	1136	9	-1	-1	-1	0
1101	1212	1211	1	-1	-1	-1	0
1213	1212	1101	1	-1	-1	-1	0
1139	1136	1252	9	-1	-1	-1	0
1253	1138	1137	9	-1	-1	-1	0
1253	1137	1140	9	-1	-1	-1	0
1104	1214	1215	1	-1	-1	-1	0
1138	1254	1142	9	-1	-1	-1	0
1139	1255	1141	9	-1	-1	-1	0
1140	1141	1257	9	-1	-1	-1	0
1106	1217	1216	1	-1	-1	-1	0
1216	1218	1107	1	-1	-1	-1	0
1218	1219	1108	1	-1	-1	-1	0
1142	1260	1143	9	-1	-1	-1	0
1227	1113	1206	1	-1	-1	-1	0
1109	1220	1217	1	-1	-1	-1	0
1200	1231	1116	9	-1	-1	-1	0
1214	1111	1223	1	-1	-1	-1	0
1222	1110	1219	1	-1	-1	-1	0
1146	1144	1263	9	-1	-1	-1	0
1222	1221	1110	1	-1	-1	-1	0
1148	1262	1144	9	-1	-1	-1	0
1146	1265	1145	9	-1	-1	-1	0
1224	1111	1221	1	-1	-1	-1	0
1153	1143	1261	9	-1	-1	-1	0
1265	1147	1145	9	-1	-1	-1	0
1224	1223	1111	1	-1	-1	-1	0
1226	1225	1113	1	-1	-1	-1	0
1115	1230	1220	1	-1	-1	-1	0
1227	1226	1113	1	-1	-1	-1	0
1228	1114	1225	1	-1	-1	-1	0
1148	1151	1269	9	-1	-1	-1	0
1150	1149	1270	9	-1	-1	-1	0
1229	1114	1228	1	-1	-1	-1	0
1270	1152	1150	9	-1	-1	-1	0
1115	1229	1230	1	-1	-1	-1	0
1261	1160	1153	9	-1	-1	-1	0
1271	1151	1152	9	-1	-1	-1	0
1267	1164	1147	9	-1	-1	-1	0
1232	1117	1231	9	-1	-1	-1	0
1154	1155	1273	9	-1	-1	-1	0
1232	1233	1118	9	-1	-1	-1	0
1234	1118	1233	9	-1	-1	-1	0
1156	1274	1155	9	-1	-1	-1	0
1157	1275	1156	9	-1	-1	-1	0
1235	1236	1121	9	-1	-1	-1	0
1157	1159	1276	9	-1	-1	-1	0
1234	1237	1122	9	-1	-1	-1	0
1164	1267	1162	9	-1	-1	-1	0
1277	1159	1158	9	-1	-1	-1	0
1158	1160	1277	9	-1	-1	-1	0
1238	1123	1237	9	-1	-1	-1	0
1125	1240	1239	9	-1	-1	-1	0
1161	1163	1282	9	-1	-1	-1	0
1238	1242	1126	9	-1	-1	-1	0
1125	1241	1240	9	-1	-1	-1	0
1235	1128	1245	9	-1	-1	-1	0
1161	1282	1165	9	-1	-1	-1	0
1163	1162	1283	9	-1	-1	-1	0
1239	1243	1127	9	-1	-1	-1	0
1126	1242	1241	9	-1	-1	-1	0
1127	1243	1244	9	-1	-1	-1	0
1130	1236	1248	9	-1	-1	-1	0
1246	1128	1244	9	-1	-1	-1	0
1128	1246	1245	9	-1	-1	-1	0
1247	1130	1248	9	-1	-1	-1	0
1168	1290	1169	9	-1	-1	-1	0
1290	1168	1170	9	-1	-1	-1	0
1247	1250	1133	9	-1	-1	-1	0
1169	1291	1171	9	-1	-1	-1	0
1177	1288	1167	9	-1	-1	-1	0
1133	1250	1249	9	-1	-1	-1	0
1286	1181	1166	9	-1	-1	-1	0
1135	1249	1251	9	-1	-1	-1	0
1172	1171	1295	9	-1	-1	-1	0
1252	1136	1251	9	-1	-1	-1	0
1296	1173	1172	9	-1	-1	-1	0
1170	1180	1293	9	-1	-1	-1	0
1253	1254	1138	9	-1	-1	-1	0
1165	1285	1196	9	-1	-1	-1	0
1256	1139	1252	9	-1	-1	-1	0
1287	1166	1194	9	-1	-1	-1	0
1175	1174	1299	9	-1	-1	-1	0
1176	1299	1174	9	-1	-1	-1	0
1289	1193	1167	9	-1	-1	-1	0
1298	1179	1173	9	-1	-1	-1	0
1255	1139	1256	9	-1	-1	-1	0
1253	1140	1258	9	-1	-1	-1	0
1175	1300	1177	9	-1	-1	-1	0
1293	1180	1181	9	-1	-1	-1	0
1140	1257	1258	9	-1	-1	-1	0
1141	1255	1259	9	-1	-1	-1	0
1301	1176	1178	9	-1	-1	-1	0
1260	1142	1254	9	-1	-1	-1	0
1259	1257	1141	9	-1	-1	-1	0
1302	1178	1179	9	-1	-1	-1	0
1143	1260	1261	9	-1	-1	-1	0
1262	1264	1144	9	-1	-1	-1	0
1264	1263	1144	9	-1	-1	-1	0
1263	1266	1146	9	-1	-1	-1	0
1309	1184	1183	9	-1	-1	-1	0
1195	1287	1194	9	-1	-1	-1	0
1146	1266	1265	9	-1	-1	-1	0
1268	1262	1148	9	-1	-1	-1	0
1309	1183	1186	9	-1	-1	-1	0
1226	1228	1225	1	-1	-1	-1	0
1267	1147	1265	9	-1	-1	-1	0
1307	1191	1182	9	-1	-1	-1	0
1185	1311	1186	9	-1	-1	-1	0
1182	1193	1308	9	-1	-1	-1	0
1269	1268	1148	9	-1	-1	-1	0
1190	1311	1185	9	-1	-1	-1	0
1188	1313	1187	9	-1	-1	-1	0
1314	1189	1187	9	-1	-1	-1	0
1271	1269	1151	9	-1	-1	-1	0
1310	1198	1184	1	-1	-1	-1	0
1152	1270	1272	9	-1	-1	-1	0
1272	1271	1152	9	-1	-1	-1	0
1190	1189	1317	9	-1	-1	-1	0
1316	1188	1192	9	-1	-1	-1	0
1160	1261	1279	9	-1	-1	-1	0
1274	1273	1155	9	-1	-1	-1	0
1275	1274	1156	9	-1	-1	-1	0
1191	1322	1192	9	-1	-1	-1	0
1275	1157	1276	9	-1	-1	-1	0
1267	1283	1162	9	-1	-1	-1	0
1159	1278	1276	9	-1	-1	-1	0
1277	1278	1159	9	-1	-1	-1	0
1196	1325	1195	9	-1	-1	-1	0
1160	1281	1277	9	-1	-1	-1	0
1280	1160	1279	9	-1	-1	-1	0
1281	1160	1280	9	-1	-1	-1	0
1197	1198	1326	1	-1	-1	-1	0
1330	1200	1199	9	-1	-1	-1	0
1282	1163	1284	9	-1	-1	-1	0
1284	1163	1283	9	-1	-1	-1	0
1199	1201	1331	9	-1	-1	-1	0
1282	1285	1165	9	-1	-1	-1	0
1213	1197	1327	1	-1	-1	-1	0
1204	1334	1201	1	-1	-1	-1	0
1287	1286	1166	9	-1	-1	-1	0
1203	1202	1335	1	-1	-1	-1	0
1204	1203	1336	1	-1	-1	-1	0
1289	1167	1288	9	-1	-1	-1	0
1339	1206	1205	1	-1	-1	-1	0
1207	1339	1205	1	-1	-1	-1	0
1292	1169	1290	9	-1	-1	-1	0
1202	1215	1335	1	-1	-1	-1	0
1292	1291	1169	9	-1	-1	-1	0
1290	1170	1294	9	-1	-1	-1	0
1339	1207	1210	1	-1	-1	-1	0
1293	1294	1170	9	-1	-1	-1	0
1291	1295	1171	9	-1	-1	-1	0
1340	1208	1209	1	-1	-1	-1	0
1208	1341	1210	1	-1	-1	-1	0
1340	1209	1211	1	-1	-1	-1	0
1200	1333	1231	9	-1	-1	-1	0
1295	1297	1172	9	-1	-1	-1	0
1297	1296	1172	9	-1	-1	-1	0
1300	1288	1177	9	-1	-1	-1	0
1298	1173	1296	9	-1	-1	-1	0
1211	1212	1345	1	-1	-1	-1	0
1213	1346	1212	1	-1	-1	-1	0
1206	1339	1227	1	-1	-1	-1	0
1286	1305	1181	9	-1	-1	-1	0
1299	1300	1175	9	-1	-1	-1	0
1299	1176	1301	9	-1	-1	-1	0
1215	1214	1349	1	-1	-1	-1	0
1293	1181	1306	9	-1	-1	-1	0
1298	1304	1179	9	-1	-1	-1	0
1178	1303	1301	9	-1	-1	-1	0
1303	1178	1302	9	-1	-1	-1	0
1302	1179	1304	9	-1	-1	-1	0
1214	1223	1349	1	-1	-1	-1	0
1217	1353	1216	7	-1	-1	-1	0
1216	1354	1218	7	-1	-1	-1	0
1289	1308	1193	9	-1	-1	-1	0
1220	1355	1217	7	-1	-1	-1	0
1305	1306	1181	9	-1	-1	-1	0
1218	1356	1219	7	-1	-1	-1	0
1222	1219	1356	7	-1	-1	-1	0
1307	1182	1308	9	-1	-1	-1	0
1358	1221	1222	1	-1	-1	-1	0
1310	1184	1309	1	-1	-1	-1	0
1221	1359	1224	1	-1	-1	-1	0
1325	1196	1285	9	-1	-1	-1	0
1220	1230	1357	7	-1	-1	-1	0
1287	1195	1325	9	-1	-1	-1	0
1186	1312	1309	9	-1	-1	-1	0
1223	1224	1361	1	-1	-1	-1	0
1312	1186	1311	9	-1	-1	-1	0
1314	1187	1313	9	-1	-1	-1	0
1362	1228	1226	1	-1	-1	-1	0
1227	1363	1226	1	-1	-1	-1	0
1315	1313	1188	9	-1	-1	-1	0
1316	1315	1188	9	-1	-1	-1	0
1307	1322	1191	9	-1	-1	-1	0
1314	1318	1189	9	-1	-1	-1	0
1364	1229	1228	1	-1	-1	-1	0
1311	1190	1321	9	-1	-1	-1	0
1229	1365	1230	1	-1	-1	-1	0
1189	1319	1317	9	-1	-1	-1	0
1189	1318	1319	9	-1	-1	-1	0
1320	1190	1317	9	-1	-1	-1	0
1323	1316	1192	9	-1	-1	-1	0
1190	1320	1321	9	-1	-1	-1	0
1368	1232	1231	9	-1	-1	-1	0
1232	1369	1233	9	-1	-1	-1	0
1310	1328	1198	1	-1	-1	-1	0
1277	1281	1278	9	-1	-1	-1	0
1370	1234	1233	9	-1	-1	-1	0
1192	1322	1324	9	-1	-1	-1	0
1323	1192	1324	9	-1	-1	-1	0
1372	1237	1234	9	-1	-1	-1	0
1374	1236	1235	9	-1	-1	-1	0
1326	1327	1197	1	-1	-1	-1	0
1237	1376	1238	9	-1	-1	-1	0
1245	1374	1235	9	-1	-1	-1	0
1198	1329	1326	1	-1	-1	-1	0
1329	1198	1328	1	-1	-1	-1	0
1377	1242	1238	9	-1	-1	-1	0
1239	1240	1378	9	-1	-1	-1	0
1236	1375	1248	9	-1	-1	-1	0
1379	1240	1241	9	-1	-1	-1	0
1378	1243	1239	9	-1	-1	-1	0
1331	1330	1199	9	-1	-1	-1	0
1332	1200	1330	9	-1	-1	-1	0
1381	1241	1242	9	-1	-1	-1	0
1200	1332	1333	9	-1	-1	-1	0
1201	1334	1331	1	-1	-1	-1	0
1243	1384	1244	9	-1	-1	-1	0
1203	1335	1336	1	-1	-1	-1	0
1204	1337	1334	1	-1	-1	-1	0
1386	1246	1244	9	-1	-1	-1	0
1245	1246	1387	9	-1	-1	-1	0
1204	1336	1338	1	-1	-1	-1	0
1337	1204	1338	1	-1	-1	-1	0
1247	1248	1391	9	-1	-1	-1	0
1347	1213	1327	1	-1	-1	-1	0
1391	1250	1247	9	-1	-1	-1	0
1208	1340	1341	1	-1	-1	-1	0
1339	1210	1342	1	-1	-1	-1	0
1249	1250	1392	9	-1	-1	-1	0
1251	1249	1392	9	-1	-1	-1	0
1306	1294	1293	9	-1	-1	-1	0
1210	1341	1343	1	-1	-1	-1	0
1344	1340	1211	1	-1	-1	-1	0
1343	1342	1210	1	-1	-1	-1	0
1394	1252	1251	9	-1	-1	-1	0
1345	1344	1211	1	-1	-1	-1	0
1351	1335	1215	1	-1	-1	-1	0
1394	1256	1252	9	-1	-1	-1	0
1395	1254	1253	9	-1	-1	-1	0
1346	1345	1212	1	-1	-1	-1	0
1253	1258	1395	9	-1	-1	-1	0
1346	1213	1348	1	-1	-1	-1	0
1397	1255	1256	9	-1	-1	-1	0
1348	1213	1347	1	-1	-1	-1	0
1339	1342	1227	1	-1	-1	-1	0
1254	1396	1260	9	-1	-1	-1	0
1259	1255	1398	9	-1	-1	-1	0
1215	1349	1350	1	-1	-1	-1	0
1350	1351	1215	1	-1	-1	-1	0
1257	1259	1401	9	-1	-1	-1	0
1402	1258	1257	9	-1	-1	-1	0
1352	1216	1353	7	-1	-1	-1	0
1216	1352	1354	7	-1	-1	-1	0
1355	1353	1217	7	-1	-1	-1	0
1404	1261	1260	9	-1	-1	-1	0
1354	1356	1218	7	-1	-1	-1	0
1333	1367	1231	9	-1	-1	-1	0
1264	1262	1405	9	-1	-1	-1	0
1355	1220	1357	7	-1	-1	-1	0
1363	1227	1342	1	-1	-1	-1	0
1264	1406	1263	9	-1	-1	-1	0
1223	1361	1349	1	-1	-1	-1	0
1263	1406	1266	9	-1	-1	-1	0
1262	1268	1405	9	-1	-1	-1	0
1359	1221	1358	1	-1	-1	-1	0
1356	1360	1222	7	-1	-1	-1	0
1266	1408	1265	9	-1	-1	-1	0
1358	1222	1360	7	-1	-1	-1	0
1265	1408	1267	9	-1	-1	-1	0
1359	1361	1224	1	-1	-1	-1	0
1404	1279	1261	9	-1	-1	-1	0
1312	1311	1321	9	-1	-1	-1	0
1269	1411	1268	9	-1	-1	-1	0
1362	1226	1363	1	-1	-1	-1	0
1230	1366	1357	7	-1	-1	-1	0
1362	1364	1228	1	-1	-1	-1	0
1271	1414	1269	9	-1	-1	-1	0
1271	1272	1414	9	-1	-1	-1	0
1229	1364	1365	1	-1	-1	-1	0
1283	1267	1410	9	-1	-1	-1	0
1365	1366	1230	7	-1	-1	-1	0
1273	1274	1415	9	-1	-1	-1	0
1275	1415	1274	9	-1	-1	-1	0
1231	1367	1368	9	-1	-1	-1	0
1275	1276	1416	9	-1	-1	-1	0
1368	1369	1232	9	-1	-1	-1	0
1278	1418	1276	9	-1	-1	-1	0
1233	1369	1371	9	-1	-1	-1	0
1233	1371	1370	9	-1	-1	-1	0
1234	1370	1373	9	-1	-1	-1	0
1419	1278	1281	9	-1	-1	-1	0
1234	1373	1372	9	-1	-1	-1	0
1420	1280	1279	9	-1	-1	-1	0
1422	1281	1280	9	-1	-1	-1	0
1237	1372	1376	9	-1	-1	-1	0
1236	1374	1375	9	-1	-1	-1	0
1284	1424	1282	9	-1	-1	-1	0
1238	1376	1377	9	-1	-1	-1	0
1282	1424	1285	9	-1	-1	-1	0
1283	1425	1284	9	-1	-1	-1	0
1378	1240	1380	9	-1	-1	-1	0
1379	1380	1240	9	-1	-1	-1	0
1287	1428	1286	9	-1	-1	-1	0
1379	1241	1381	9	-1	-1	-1	0
1383	1242	1377	9	-1	-1	-1	0
1382	1381	1242	9	-1	-1	-1	0
1385	1243	1378	9	-1	-1	-1	0
1388	1374	1245	9	-1	-1	-1	0
1242	1383	1382	9	-1	-1	-1	0
1289	1288	1431	9	-1	-1	-1	0
1385	1384	1243	9	-1	-1	-1	0
1391	1248	1375	9	-1	-1	-1	0
1244	1384	1386	9	-1	-1	-1	0
1434	1292	1290	9	-1	-1	-1	0
1290	1294	1434	9	-1	-1	-1	0
1435	1291	1292	9	-1	-1	-1	0
1388	1245	1387	9	-1	-1	-1	0
1286	1429	1305	9	-1	-1	-1	0
1300	1432	1288	9	-1	-1	-1	0
1246	1389	1387	9	-1	-1	-1	0
1291	1435	1295	9	-1	-1	-1	0
1246	1386	1390	9	-1	-1	-1	0
1389	1246	1390	9	-1	-1	-1	0
1289	1433	1308	9	-1	-1	-1	0
1295	1438	1297	9	-1	-1	-1	0
1439	1296	1297	9	-1	-1	-1	0
1296	1440	1298	9	-1	-1	-1	0
1250	1391	1393	9	-1	-1	-1	0
1392	1250	1393	9	-1	-1	-1	0
1294	1306	1436	9	-1	-1	-1	0
1251	1392	1394	9	-1	-1	-1	0
1285	1427	1325	9	-1	-1	-1	0
1300	1299	1443	9	-1	-1	-1	0
1325	1430	1287	9	-1	-1	-1	0
1301	1443	1299	9	-1	-1	-1	0
1298	1442	1304	9	-1	-1	-1	0
1254	1395	1396	9	-1	-1	-1	0
1445	1301	1303	9	-1	-1	-1	0
1399	1256	1394	9	-1	-1	-1	0
1255	1397	1398	9	-1	-1	-1	0
1302	1447	1303	9	-1	-1	-1	0
1397	1256	1400	9	-1	-1	-1	0
1447	1302	1304	9	-1	-1	-1	0
1256	1399	1400	9	-1	-1	-1	0
1403	1395	1258	9	-1	-1	-1	0
1259	1398	1401	9	-1	-1	-1	0
1404	1260	1396	9	-1	-1	-1	0
1257	1401	1402	9	-1	-1	-1	0
1305	1450	1306	9	-1	-1	-1	0
1258	1402	1403	9	-1	-1	-1	0
1307	1308	1453	9	-1	-1	-1	0
1310	1309	1454	1	-1	-1	-1	0
1312	1454	1309	1	-1	-1	-1	0
1405	1407	1264	9	-1	-1	-1	0
1406	1264	1407	9	-1	-1	-1	0
1452	1322	1307	9	-1	-1	-1	0
1409	1266	1406	9	-1	-1	-1	0
1409	1408	1266	9	-1	-1	-1	0
1457	1314	1313	9	-1	-1	-1	0
1408	1410	1267	9	-1	-1	-1	0
1405	1268	1412	9	-1	-1	-1	0
1315	1457	1313	9	-1	-1	-1	0
1312	1321	1456	1	-1	-1	-1	0
1314	1458	1318	9	-1	-1	-1	0
1316	1459	1315	9	-1	-1	-1	0
1268	1411	1412	9	-1	-1	-1	0
1310	1455	1328	1	-1	-1	-1	0
1269	1413	1411	9	-1	-1	-1	0
1414	1413	1269	9	-1	-1	-1	0
1317	1319	1461	9	-1	-1	-1	0
1317	1461	1320	9	-1	-1	-1	0
1460	1316	1323	9	-1	-1	-1	0
1319	1318	1463	9	-1	-1	-1	0
1420	1279	1404	9	-1	-1	-1	0
1416	1415	1275	9	-1	-1	-1	0
1320	1467	1321	1	-1	-1	-1	0
1276	1417	1416	9	-1	-1	-1	0
1417	1276	1418	9	-1	-1	-1	0
1322	1468	1324	9	-1	-1	-1	0
1419	1418	1278	9	-1	-1	-1	0
1324	1470	1323	9	-1	-1	-1	0
1283	1410	1425	9	-1	-1	-1	0
1420	1421	1280	9	-1	-1	-1	0
1421	1422	1280	9	-1	-1	-1	0
1281	1423	1419	9	-1	-1	-1	0
1423	1281	1422	9	-1	-1	-1	0
1474	1327	1326	1	-1	-1	-1	0
1326	1329	1473	1	-1	-1	-1	0
1329	1328	1476	1	-1	-1	-1	0
1426	1424	1284	9	-1	-1	-1	0
1426	1284	1425	9	-1	-1	-1	0
1427	1285	1424	9	-1	-1	-1	0
1331	1478	1330	9	-1	-1	-1	0
1478	1332	1330	9	-1	-1	-1	0
1334	1479	1331	1	-1	-1	-1	0
1429	1286	1428	9	-1	-1	-1	0
1287	1430	1428	9	-1	-1	-1	0
1480	1333	1332	9	-1	-1	-1	0
1327	1475	1347	1	-1	-1	-1	0
1288	1432	1431	9	-1	-1	-1	0
1431	1433	1289	9	-1	-1	-1	0
1484	1334	1337	1	-1	-1	-1	0
1336	1335	1486	1	-1	-1	-1	0
1338	1336	1487	1	-1	-1	-1	0
1292	1434	1435	9	-1	-1	-1	0
1337	1338	1488	1	-1	-1	-1	0
1294	1436	1434	9	-1	-1	-1	0
1435	1437	1295	9	-1	-1	-1	0
1437	1438	1295	9	-1	-1	-1	0
1341	1340	1490	1	-1	-1	-1	0
1351	1486	1335	1	-1	-1	-1	0
1340	1344	1490	1	-1	-1	-1	0
1440	1296	1439	9	-1	-1	-1	0
1491	1343	1341	1	-1	-1	-1	0
1432	1300	1444	9	-1	-1	-1	0
1441	1297	1438	9	-1	-1	-1	0
1439	1297	1441	9	-1	-1	-1	0
1493	1342	1343	1	-1	-1	-1	0
1442	1298	1440	9	-1	-1	-1	0
1333	1483	1367	9	-1	-1	-1	0
1305	1429	1450	9	-1	-1	-1	0
1392	1393	1399	9	-1	-1	-1	0
1392	1399	1394	9	-1	-1	-1	0
1496	1344	1345	1	-1	-1	-1	0
1443	1444	1300	9	-1	-1	-1	0
1345	1346	1497	1	-1	-1	-1	0
1446	1443	1301	9	-1	-1	-1	0
1348	1497	1346	1	-1	-1	-1	0
1446	1301	1445	9	-1	-1	-1	0
1347	1498	1348	1	-1	-1	-1	0
1436	1306	1451	9	-1	-1	-1	0
1433	1453	1308	9	-1	-1	-1	0
1403	1396	1395	9	-1	-1	-1	0
1442	1449	1304	9	-1	-1	-1	0
1448	1445	1303	9	-1	-1	-1	0
1447	1448	1303	9	-1	-1	-1	0
1363	1342	1493	1	-1	-1	-1	0
1449	1447	1304	9	-1	-1	-1	0
1349	1502	1350	1	-1	-1	-1	0
1350	1503	1351	1	-1	-1	-1	0
1451	1306	1450	9	-1	-1	-1	0
1353	1506	1352	7	-1	-1	-1	0
1505	1354	1352	7	-1	-1	-1	0
1502	1349	1361	1	-1	-1	-1	0
1452	1307	1453	9	-1	-1	-1	0
1353	1355	1507	7	-1	-1	-1	0
1508	1356	1354	7	-1	-1	-1	0
1454	1455	1310	1	-1	-1	-1	0
1355	1357	1509	7	-1	-1	-1	0
1454	1312	1456	1	-1	-1	-1	0
1472	1325	1427	9	-1	-1	-1	0
1356	1510	1360	7	-1	-1	-1	0
1430	1325	1472	9	-1	-1	-1	0
1458	1314	1457	9	-1	-1	-1	0
1513	1359	1358	1	-1	-1	-1	0
1512	1358	1360	7	-1	-1	-1	0
1457	1315	1459	9	-1	-1	-1	0
1514	1361	1359	1	-1	-1	-1	0
1511	1357	1366	7	-1	-1	-1	0
1316	1460	1459	9	-1	-1	-1	0
1462	1318	1458	9	-1	-1	-1	0
1362	1363	1516	1	-1	-1	-1	0
1468	1322	1452	9	-1	-1	-1	0
1364	1362	1517	1	-1	-1	-1	0
1318	1462	1463	9	-1	-1	-1	0
1321	1467	1456	1	-1	-1	-1	0
1461	1319	1464	9	-1	-1	-1	0
1466	1320	1461	1	-1	-1	-1	0
1465	1319	1463	9	-1	-1	-1	0
1364	1518	1365	1	-1	-1	-1	0
1464	1319	1465	9	-1	-1	-1	0
1519	1366	1365	7	-1	-1	-1	0
1460	1323	1469	9	-1	-1	-1	0
1320	1466	1467	1	-1	-1	-1	0
1368	1367	1521	9	-1	-1	-1	0
1368	1522	1369	9	-1	-1	-1	0
1476	1328	1455	1	-1	-1	-1	0
1470	1469	1323	9	-1	-1	-1	0
1523	1371	1369	9	-1	-1	-1	0
1324	1468	1471	9	-1	-1	-1	0
1371	1524	1370	9	-1	-1	-1	0
1470	1324	1471	9	-1	-1	-1	0
1524	1373	1370	9	-1	-1	-1	0
1373	1526	1372	9	-1	-1	-1	0
1473	1474	1326	1	-1	-1	-1	0
1526	1376	1372	9	-1	-1	-1	0
1474	1475	1327	1	-1	-1	-1	0
1529	1375	1374	9	-1	-1	-1	0
1477	1473	1329	1	-1	-1	-1	0
1329	1476	1477	1	-1	-1	-1	0
1377	1376	1533	9	-1	-1	-1	0
1478	1331	1479	1	-1	-1	-1	0
1528	1374	1388	9	-1	-1	-1	0
1481	1332	1478	9	-1	-1	-1	0
1380	1534	1378	9	-1	-1	-1	0
1383	1377	1533	9	-1	-1	-1	0
1480	1332	1481	9	-1	-1	-1	0
1535	1379	1381	9	-1	-1	-1	0
1536	1380	1379	9	-1	-1	-1	0
1482	1333	1480	9	-1	-1	-1	0
1534	1385	1378	9	-1	-1	-1	0
1391	1375	1531	9	-1	-1	-1	0
1479	1334	1485	1	-1	-1	-1	0
1333	1482	1483	9	-1	-1	-1	0
1381	1382	1538	9	-1	-1	-1	0
1485	1334	1484	1	-1	-1	-1	0
1383	1540	1382	2	-1	-1	-1	0
1337	1488	1484	1	-1	-1	-1	0
1336	1486	1487	1	-1	-1	-1	0
1384	1385	1542	9	-1	-1	-1	0
1542	1386	1384	9	-1	-1	-1	0
1487	1489	1338	1	-1	-1	-1	0
1489	1488	1338	1	-1	-1	-1	0
1393	1391	1531	9	-1	-1	-1	0
1388	1387	1545	9	-1	-1	-1	0
1390	1386	1544	9	-1	-1	-1	0
1475	1499	1347	1	-1	-1	-1	0
1387	1389	1545	9	-1	-1	-1	0
1492	1341	1490	1	-1	-1	-1	0
1491	1341	1492	1	-1	-1	-1	0
1390	1547	1389	9	-1	-1	-1	0
1343	1491	1494	1	-1	-1	-1	0
1496	1490	1344	1	-1	-1	-1	0
1495	1493	1343	1	-1	-1	-1	0
1494	1495	1343	1	-1	-1	-1	0
1345	1497	1496	1	-1	-1	-1	0
1504	1486	1351	1	-1	-1	-1	0
1347	1499	1498	1	-1	-1	-1	0
1393	1552	1399	9	-1	-1	-1	0
1500	1497	1348	1	-1	-1	-1	0
1348	1498	1501	1	-1	-1	-1	0
1500	1348	1501	1	-1	-1	-1	0
1397	1555	1398	9	-1	-1	-1	0
1400	1399	1552	9	-1	-1	-1	0
1396	1553	1404	9	-1	-1	-1	0
1556	1397	1400	9	-1	-1	-1	0
1403	1554	1396	9	-1	-1	-1	0
1503	1350	1502	1	-1	-1	-1	0
1557	1401	1398	9	-1	-1	-1	0
1503	1504	1351	1	-1	-1	-1	0
1505	1352	1506	7	-1	-1	-1	0
1560	1402	1401	9	-1	-1	-1	0
1456	1455	1454	1	-1	-1	-1	0
1561	1403	1402	9	-1	-1	-1	0
1507	1506	1353	7	-1	-1	-1	0
1505	1508	1354	7	-1	-1	-1	0
1367	1483	1521	9	-1	-1	-1	0
1355	1509	1507	7	-1	-1	-1	0
1516	1363	1493	1	-1	-1	-1	0
1508	1510	1356	7	-1	-1	-1	0
1564	1407	1405	9	-1	-1	-1	0
1509	1357	1511	7	-1	-1	-1	0
1502	1361	1514	1	-1	-1	-1	0
1407	1565	1406	9	-1	-1	-1	0
1566	1409	1406	9	-1	-1	-1	0
1564	1405	1412	9	-1	-1	-1	0
1358	1512	1513	7	-1	-1	-1	0
1567	1408	1409	9	-1	-1	-1	0
1567	1410	1408	9	-1	-1	-1	0
1360	1510	1515	7	-1	-1	-1	0
1514	1359	1513	1	-1	-1	-1	0
1515	1512	1360	7	-1	-1	-1	0
1563	1420	1404	9	-1	-1	-1	0
1411	1570	1412	9	-1	-1	-1	0
1570	1411	1413	9	-1	-1	-1	0
1362	1516	1517	1	-1	-1	-1	0
1520	1511	1366	7	-1	-1	-1	0
1364	1517	1518	1	-1	-1	-1	0
1365	1518	1519	7	-1	-1	-1	0
1567	1425	1410	9	-1	-1	-1	0
1519	1520	1366	7	-1	-1	-1	0
1417	1418	1573	9	-1	-1	-1	0
1573	1418	1419	9	-1	-1	-1	0
1521	1522	1368	9	-1	-1	-1	0
1523	1369	1522	9	-1	-1	-1	0
1421	1420	1576	9	-1	-1	-1	0
1575	1419	1423	9	-1	-1	-1	0
1523	1525	1371	9	-1	-1	-1	0
1525	1524	1371	9	-1	-1	-1	0
1579	1422	1421	9	-1	-1	-1	0
1524	1527	1373	9	-1	-1	-1	0
1423	1422	1580	9	-1	-1	-1	0
1373	1527	1526	9	-1	-1	-1	0
1374	1528	1529	9	-1	-1	-1	0
1583	1424	1426	9	-1	-1	-1	0
1376	1526	1532	9	-1	-1	-1	0
1529	1530	1375	9	-1	-1	-1	0
1427	1424	1584	9	-1	-1	-1	0
1585	1426	1425	9	-1	-1	-1	0
1531	1375	1530	9	-1	-1	-1	0
1376	1532	1533	9	-1	-1	-1	0
1429	1428	1589	9	-1	-1	-1	0
1590	1428	1430	9	-1	-1	-1	0
1535	1536	1379	9	-1	-1	-1	0
1537	1534	1380	9	-1	-1	-1	0
1536	1537	1380	9	-1	-1	-1	0
1538	1535	1381	9	-1	-1	-1	0
1593	1431	1432	9	-1	-1	-1	0
1431	1593	1433	9	-1	-1	-1	0
1541	1383	1533	2	-1	-1	-1	0
1539	1538	1382	2	-1	-1	-1	0
1539	1382	1540	2	-1	-1	-1	0
1388	1546	1528	9	-1	-1	-1	0
1543	1385	1534	9	-1	-1	-1	0
1540	1383	1541	2	-1	-1	-1	0
1434	1597	1435	9	-1	-1	-1	0
1434	1436	1598	9	-1	-1	-1	0
1543	1542	1385	9	-1	-1	-1	0
1429	1591	1450	9	-1	-1	-1	0
1437	1435	1599	9	-1	-1	-1	0
1444	1595	1432	9	-1	-1	-1	0
1542	1544	1386	9	-1	-1	-1	0
1393	1531	1551	9	-1	-1	-1	0
1438	1437	1602	9	-1	-1	-1	0
1545	1546	1388	9	-1	-1	-1	0
1548	1545	1389	9	-1	-1	-1	0
1603	1441	1438	9	-1	-1	-1	0
1433	1596	1453	9	-1	-1	-1	0
1440	1439	1604	9	-1	-1	-1	0
1584	1472	1427	9	-1	-1	-1	0
1544	1550	1390	9	-1	-1	-1	0
1548	1389	1547	9	-1	-1	-1	0
1390	1549	1547	9	-1	-1	-1	0
1441	1605	1439	9	-1	-1	-1	0
1606	1442	1440	9	-1	-1	-1	0
1436	1451	1601	9	-1	-1	-1	0
1549	1390	1550	9	-1	-1	-1	0
1430	1472	1592	9	-1	-1	-1	0
1393	1551	1552	9	-1	-1	-1	0
1443	1610	1444	9	-1	-1	-1	0
1443	1446	1610	9	-1	-1	-1	0
1442	1609	1449	9	-1	-1	-1	0
1396	1554	1553	9	-1	-1	-1	0
1612	1446	1445	9	-1	-1	-1	0
1495	1516	1493	1	-1	-1	-1	0
1445	1448	1613	9	-1	-1	-1	0
1556	1555	1397	9	-1	-1	-1	0
1398	1555	1557	9	-1	-1	-1	0
1400	1552	1558	9	-1	-1	-1	0
1448	1447	1616	9	-1	-1	-1	0
1449	1616	1447	9	-1	-1	-1	0
1400	1559	1556	9	-1	-1	-1	0
1558	1559	1400	9	-1	-1	-1	0
1560	1401	1557	9	-1	-1	-1	0
1618	1451	1450	9	-1	-1	-1	0
1403	1562	1554	9	-1	-1	-1	0
1563	1404	1553	9	-1	-1	-1	0
1402	1560	1561	9	-1	-1	-1	0
1453	1620	1452	9	-1	-1	-1	0
1562	1403	1561	9	-1	-1	-1	0
1456	1622	1455	1	-1	-1	-1	0
1564	1565	1407	9	-1	-1	-1	0
1565	1566	1406	9	-1	-1	-1	0
1457	1623	1458	9	-1	-1	-1	0
1457	1459	1623	9	-1	-1	-1	0
1620	1468	1452	9	-1	-1	-1	0
1566	1569	1409	9	-1	-1	-1	0
1624	1462	1458	9	-1	-1	-1	0
1567	1409	1568	9	-1	-1	-1	0
1467	1622	1456	1	-1	-1	-1	0
1626	1459	1460	9	-1	-1	-1	0
1409	1569	1568	9	-1	-1	-1	0
1412	1572	1564	9	-1	-1	-1	0
1571	1412	1570	9	-1	-1	-1	0
1455	1622	1476	1	-1	-1	-1	0
1466	1461	1628	1	-1	-1	-1	0
1461	1464	1628	1	-1	-1	-1	0
1412	1571	1572	9	-1	-1	-1	0
1630	1463	1462	9	-1	-1	-1	0
1627	1460	1469	9	-1	-1	-1	0
1465	1463	1631	9	-1	-1	-1	0
1420	1563	1577	9	-1	-1	-1	0
1464	1465	1632	1	-1	-1	-1	0
1419	1574	1573	9	-1	-1	-1	0
1574	1419	1575	9	-1	-1	-1	0
1466	1635	1467	1	-1	-1	-1	0
1577	1576	1420	9	-1	-1	-1	0
1468	1636	1471	9	-1	-1	-1	0
1578	1421	1576	9	-1	-1	-1	0
1470	1638	1469	4	-1	-1	-1	0
1421	1578	1579	9	-1	-1	-1	0
1586	1425	1567	9	-1	-1	-1	0
1423	1581	1575	9	-1	-1	-1	0
1639	1470	1471	4	-1	-1	-1	0
1579	1580	1422	9	-1	-1	-1	0
1423	1580	1581	9	-1	-1	-1	0
1582	1424	1583	9	-1	-1	-1	0
1582	1584	1424	9	-1	-1	-1	0
1643	1474	1473	1	-1	-1	-1	0
1473	1477	1642	1	-1	-1	-1	0
1474	1645	1475	1	-1	-1	-1	0
1425	1587	1585	9	-1	-1	-1	0
1588	1583	1426	9	-1	-1	-1	0
1425	1586	1587	9	-1	-1	-1	0
1588	1426	1585	9	-1	-1	-1	0
1476	1647	1477	1	-1	-1	-1	0
1649	1478	1479	1	-1	-1	-1	0
1590	1589	1428	9	-1	-1	-1	0
1478	1649	1481	1	-1	-1	-1	0
1429	1589	1591	9	-1	-1	-1	0
1480	1481	1651	9	-1	-1	-1	0
1592	1590	1430	9	-1	-1	-1	0
1480	1651	1482	9	-1	-1	-1	0
1479	1485	1650	1	-1	-1	-1	0
1482	1654	1483	9	-1	-1	-1	0
1645	1499	1475	1	-1	-1	-1	0
1593	1432	1594	9	-1	-1	-1	0
1595	1594	1432	9	-1	-1	-1	0
1433	1593	1596	9	-1	-1	-1	0
1484	1657	1485	1	-1	-1	-1	0
1656	1484	1488	1	-1	-1	-1	0
1542	1543	1544	9	-1	-1	-1	0
1597	1434	1598	9	-1	-1	-1	0
1597	1600	1435	9	-1	-1	-1	0
1660	1487	1486	1	-1	-1	-1	0
1599	1435	1600	9	-1	-1	-1	0
1601	1598	1436	9	-1	-1	-1	0
1661	1489	1487	1	-1	-1	-1	0
1437	1599	1602	9	-1	-1	-1	0
1663	1488	1489	1	-1	-1	-1	0
1438	1602	1603	9	-1	-1	-1	0
1605	1604	1439	9	-1	-1	-1	0
1490	1666	1492	1	-1	-1	-1	0
1595	1444	1611	9	-1	-1	-1	0
1491	1492	1667	1	-1	-1	-1	0
1504	1660	1486	1	-1	-1	-1	0
1607	1440	1604	9	-1	-1	-1	0
1491	1667	1494	1	-1	-1	-1	0
1608	1441	1603	9	-1	-1	-1	0
1666	1490	1496	1	-1	-1	-1	0
1606	1440	1607	9	-1	-1	-1	0
1441	1608	1605	9	-1	-1	-1	0
1442	1606	1609	9	-1	-1	-1	0
1655	1521	1483	9	-1	-1	-1	0
1670	1495	1494	1	-1	-1	-1	0
1591	1618	1450	9	-1	-1	-1	0
1610	1611	1444	9	-1	-1	-1	0
1673	1496	1497	1	-1	-1	-1	0
1673	1497	1500	1	-1	-1	-1	0
1621	1453	1596	9	-1	-1	-1	0
1445	1613	1612	9	-1	-1	-1	0
1615	1610	1446	9	-1	-1	-1	0
1601	1451	1619	9	-1	-1	-1	0
1498	1499	1674	1	-1	-1	-1	0
1446	1612	1614	9	-1	-1	-1	0
1498	1675	1501	1	-1	-1	-1	0
1614	1615	1446	9	-1	-1	-1	0
1449	1609	1617	9	-1	-1	-1	0
1616	1613	1448	9	-1	-1	-1	0
1501	1678	1500	1	-1	-1	-1	0
1617	1616	1449	9	-1	-1	-1	0
1516	1495	1672	1	-1	-1	-1	0
1503	1502	1681	1	-1	-1	-1	0
1619	1451	1618	9	-1	-1	-1	0
1504	1503	1683	1	-1	-1	-1	0
1620	1453	1621	9	-1	-1	-1	0
1502	1514	1680	1	-1	-1	-1	0
1472	1584	1641	9	-1	-1	-1	0
1505	1506	1688	7	-1	-1	-1	0
1505	1687	1508	7	-1	-1	-1	0
1690	1506	1507	7	-1	-1	-1	0
1592	1472	1641	9	-1	-1	-1	0
1623	1624	1458	9	-1	-1	-1	0
1517	1516	1672	1	-1	-1	-1	0
1691	1507	1509	7	-1	-1	-1	0
1459	1625	1623	9	-1	-1	-1	0
1514	1513	1680	1	-1	-1	-1	0
1508	1692	1510	7	-1	-1	-1	0
1625	1459	1626	9	-1	-1	-1	0
1626	1460	1627	9	-1	-1	-1	0
1511	1693	1509	7	-1	-1	-1	0
1629	1462	1624	9	-1	-1	-1	0
1510	1694	1515	7	-1	-1	-1	0
1513	1512	1696	7	-1	-1	-1	0
1568	1586	1567	9	-1	-1	-1	0
1462	1629	1630	9	-1	-1	-1	0
1696	1512	1515	7	-1	-1	-1	0
1630	1631	1463	9	-1	-1	-1	0
1628	1464	1632	1	-1	-1	-1	0
1620	1636	1468	9	-1	-1	-1	0
1622	1467	1635	1	-1	-1	-1	0
1511	1520	1695	7	-1	-1	-1	0
1628	1634	1466	1	-1	-1	-1	0
1633	1465	1631	1	-1	-1	-1	0
1633	1632	1465	1	-1	-1	-1	0
1637	1627	1469	4	-1	-1	-1	0
1699	1518	1517	1	-1	-1	-1	0
1634	1635	1466	1	-1	-1	-1	0
1519	1518	1700	7	-1	-1	-1	0
1701	1520	1519	7	-1	-1	-1	0
1476	1622	1646	1	-1	-1	-1	0
1638	1637	1469	4	-1	-1	-1	0
1521	1702	1522	9	-1	-1	-1	0
1640	1471	1636	4	-1	-1	-1	0
1470	1639	1638	4	-1	-1	-1	0
1522	1703	1523	9	-1	-1	-1	0
1471	1640	1639	4	-1	-1	-1	0
1523	1704	1525	9	-1	-1	-1	0
1705	1524	1525	9	-1	-1	-1	0
1705	1527	1524	9	-1	-1	-1	0
1473	1642	1643	1	-1	-1	-1	0
1643	1644	1474	1	-1	-1	-1	0
1708	1526	1527	9	-1	-1	-1	0
1645	1474	1644	1	-1	-1	-1	0
1526	1708	1532	9	-1	-1	-1	0
1477	1648	1642	1	-1	-1	-1	0
1710	1529	1528	9	-1	-1	-1	0
1476	1646	1647	1	-1	-1	-1	0
1530	1529	1712	9	-1	-1	-1	0
1477	1647	1648	1	-1	-1	-1	0
1713	1531	1530	9	-1	-1	-1	0
1649	1479	1650	1	-1	-1	-1	0
1533	1532	1714	2	-1	-1	-1	0
1649	1652	1481	1	-1	-1	-1	0
1651	1481	1652	1	-1	-1	-1	0
1711	1528	1546	9	-1	-1	-1	0
1482	1651	1653	9	-1	-1	-1	0
1537	1716	1534	9	-1	-1	-1	0
1533	1714	1541	2	-1	-1	-1	0
1535	1717	1536	9	-1	-1	-1	0
1482	1653	1654	9	-1	-1	-1	0
1535	1538	1718	9	-1	-1	-1	0
1719	1537	1536	9	-1	-1	-1	0
1655	1483	1654	9	-1	-1	-1	0
1716	1543	1534	9	-1	-1	-1	0
1659	1650	1485	1	-1	-1	-1	0
1531	1713	1551	9	-1	-1	-1	0
1484	1656	1657	1	-1	-1	-1	0
1539	1722	1538	2	-1	-1	-1	0
1657	1658	1485	1	-1	-1	-1	0
1659	1485	1658	1	-1	-1	-1	0
1540	1724	1539	2	-1	-1	-1	0
1488	1662	1656	1	-1	-1	-1	0
1726	1540	1541	2	-1	-1	-1	0
1487	1660	1661	1	-1	-1	-1	0
1663	1662	1488	1	-1	-1	-1	0
1489	1661	1665	1	-1	-1	-1	0
1728	1544	1543	9	-1	-1	-1	0
1663	1489	1664	1	-1	-1	-1	0
1489	1665	1664	1	-1	-1	-1	0
1545	1729	1546	9	-1	-1	-1	0
1677	1499	1645	1	-1	-1	-1	0
1550	1544	1728	9	-1	-1	-1	0
1548	1729	1545	9	-1	-1	-1	0
1492	1666	1668	1	-1	-1	-1	0
1492	1668	1667	1	-1	-1	-1	0
1548	1547	1732	9	-1	-1	-1	0
1732	1547	1549	9	-1	-1	-1	0
1667	1669	1494	1	-1	-1	-1	0
1494	1669	1670	1	-1	-1	-1	0
1550	1736	1549	9	-1	-1	-1	0
1496	1673	1666	1	-1	-1	-1	0
1495	1670	1671	1	-1	-1	-1	0
1671	1672	1495	1	-1	-1	-1	0
1552	1551	1739	9	-1	-1	-1	0
1498	1674	1675	1	-1	-1	-1	0
1740	1553	1554	9	-1	-1	-1	0
1684	1660	1504	1	-1	-1	-1	0
1676	1674	1499	1	-1	-1	-1	0
1552	1739	1558	9	-1	-1	-1	0
1673	1500	1678	1	-1	-1	-1	0
1677	1676	1499	1	-1	-1	-1	0
1556	1742	1555	9	-1	-1	-1	0
1555	1742	1557	9	-1	-1	-1	0
1679	1501	1675	1	-1	-1	-1	0
1740	1563	1553	9	-1	-1	-1	0
1562	1741	1554	9	-1	-1	-1	0
1556	1559	1743	9	-1	-1	-1	0
1678	1501	1679	1	-1	-1	-1	0
1744	1560	1557	9	-1	-1	-1	0
1559	1558	1745	9	-1	-1	-1	0
1682	1502	1680	1	-1	-1	-1	0
1502	1682	1681	1	-1	-1	-1	0
1683	1503	1681	1	-1	-1	-1	0
1747	1561	1560	9	-1	-1	-1	0
1561	1748	1562	9	-1	-1	-1	0
1624	1623	1625	9	-1	-1	-1	0
1683	1685	1504	1	-1	-1	-1	0
1685	1684	1504	1	-1	-1	-1	0
1505	1686	1687	7	-1	-1	-1	0
1702	1521	1655	9	-1	-1	-1	0
1688	1686	1505	7	-1	-1	-1	0
1565	1564	1751	9	-1	-1	-1	0
1566	1565	1752	9	-1	-1	-1	0
1689	1688	1506	7	-1	-1	-1	0
1506	1690	1689	7	-1	-1	-1	0
1564	1572	1751	9	-1	-1	-1	0
1692	1508	1687	7	-1	-1	-1	0
1699	1517	1672	1	-1	-1	-1	0
1569	1566	1753	9	-1	-1	-1	0
1691	1690	1507	7	-1	-1	-1	0
1696	1680	1513	7	-1	-1	-1	0
1750	1577	1563	9	-1	-1	-1	0
1754	1568	1569	9	-1	-1	-1	0
1509	1693	1691	7	-1	-1	-1	0
1694	1510	1692	7	-1	-1	-1	0
1693	1511	1695	7	-1	-1	-1	0
1571	1756	1572	9	-1	-1	-1	0
1635	1646	1622	1	-1	-1	-1	0
1575	1757	1574	9	-1	-1	-1	0
1694	1698	1515	7	-1	-1	-1	0
1515	1697	1696	7	-1	-1	-1	0
1568	1754	1586	9	-1	-1	-1	0
1697	1515	1698	7	-1	-1	-1	0
1758	1576	1577	9	-1	-1	-1	0
1578	1576	1758	9	-1	-1	-1	0
1757	1575	1581	9	-1	-1	-1	0
1520	1701	1695	7	-1	-1	-1	0
1518	1699	1700	7	-1	-1	-1	0
1578	1760	1579	9	-1	-1	-1	0
1519	1700	1701	7	-1	-1	-1	0
1579	1762	1580	9	-1	-1	-1	0
1580	1764	1581	9	-1	-1	-1	0
1703	1522	1702	9	-1	-1	-1	0
1704	1523	1703	9	-1	-1	-1	0
1765	1584	1582	9	-1	-1	-1	0
1766	1582	1583	9	-1	-1	-1	0
1525	1706	1705	9	-1	-1	-1	0
1525	1704	1707	9	-1	-1	-1	0
1583	1588	1766	9	-1	-1	-1	0
1707	1706	1525	9	-1	-1	-1	0
1767	1585	1587	9	-1	-1	-1	0
1767	1588	1585	9	-1	-1	-1	0
1768	1587	1586	9	-1	-1	-1	0
1705	1709	1527	9	-1	-1	-1	0
1708	1527	1709	9	-1	-1	-1	0
1528	1711	1710	9	-1	-1	-1	0
1710	1712	1529	9	-1	-1	-1	0
1590	1772	1589	9	-1	-1	-1	0
1589	1773	1591	9	-1	-1	-1	0
1708	1715	1532	2	-1	-1	-1	0
1713	1530	1712	9	-1	-1	-1	0
1592	1774	1590	9	-1	-1	-1	0
1715	1714	1532	2	-1	-1	-1	0
1594	1776	1593	9	-1	-1	-1	0
1596	1593	1776	9	-1	-1	-1	0
1594	1595	1777	4	-1	-1	-1	0
1718	1717	1535	9	-1	-1	-1	0
1717	1720	1536	9	-1	-1	-1	0
1721	1716	1537	9	-1	-1	-1	0
1536	1720	1719	9	-1	-1	-1	0
1781	1597	1598	9	-1	-1	-1	0
1719	1721	1537	9	-1	-1	-1	0
1722	1718	1538	2	-1	-1	-1	0
1600	1597	1781	9	-1	-1	-1	0
1714	1726	1541	2	-1	-1	-1	0
1601	1783	1598	9	-1	-1	-1	0
1618	1591	1773	9	-1	-1	-1	0
1784	1599	1600	9	-1	-1	-1	0
1723	1722	1539	2	-1	-1	-1	0
1611	1779	1595	4	-1	-1	-1	0
1723	1539	1724	2	-1	-1	-1	0
1716	1727	1543	9	-1	-1	-1	0
1602	1599	1785	9	-1	-1	-1	0
1546	1731	1711	9	-1	-1	-1	0
1725	1724	1540	2	-1	-1	-1	0
1584	1765	1641	9	-1	-1	-1	0
1725	1540	1726	2	-1	-1	-1	0
1603	1602	1788	9	-1	-1	-1	0
1621	1596	1780	9	-1	-1	-1	0
1543	1727	1728	9	-1	-1	-1	0
1603	1790	1608	9	-1	-1	-1	0
1605	1793	1604	4	-1	-1	-1	0
1792	1607	1604	4	-1	-1	-1	0
1713	1739	1551	9	-1	-1	-1	0
1730	1546	1729	9	-1	-1	-1	0
1608	1794	1605	4	-1	-1	-1	0
1546	1730	1731	9	-1	-1	-1	0
1787	1601	1619	9	-1	-1	-1	0
1795	1606	1607	9	-1	-1	-1	0
1641	1775	1592	9	-1	-1	-1	0
1795	1609	1606	9	-1	-1	-1	0
1729	1548	1733	9	-1	-1	-1	0
1732	1734	1548	9	-1	-1	-1	0
1733	1548	1734	9	-1	-1	-1	0
1550	1728	1737	9	-1	-1	-1	0
1732	1549	1735	9	-1	-1	-1	0
1735	1549	1736	9	-1	-1	-1	0
1611	1610	1801	9	-1	-1	-1	0
1736	1550	1738	9	-1	-1	-1	0
1738	1550	1737	9	-1	-1	-1	0
1617	1609	1799	9	-1	-1	-1	0
1615	1801	1610	9	-1	-1	-1	0
1612	1613	1803	9	-1	-1	-1	0
1804	1614	1612	9	-1	-1	-1	0
1616	1805	1613	9	-1	-1	-1	0
1806	1615	1614	9	-1	-1	-1	0
1740	1554	1741	9	-1	-1	-1	0
1743	1742	1556	9	-1	-1	-1	0
1808	1616	1617	9	-1	-1	-1	0
1739	1745	1558	9	-1	-1	-1	0
1557	1742	1744	9	-1	-1	-1	0
1619	1618	1810	9	-1	-1	-1	0
1559	1746	1743	9	-1	-1	-1	0
1559	1745	1746	9	-1	-1	-1	0
1744	1747	1560	9	-1	-1	-1	0
1741	1562	1748	9	-1	-1	-1	0
1749	1563	1740	9	-1	-1	-1	0
1620	1621	1812	9	-1	-1	-1	0
1561	1747	1748	9	-1	-1	-1	0
1563	1749	1750	9	-1	-1	-1	0
1814	1624	1625	9	-1	-1	-1	0
1626	1815	1625	9	-1	-1	-1	0
1813	1629	1624	9	-1	-1	-1	0
1752	1565	1751	9	-1	-1	-1	0
1620	1812	1636	9	-1	-1	-1	0
1626	1627	1816	9	-1	-1	-1	0
1752	1753	1566	9	-1	-1	-1	0
1569	1753	1755	9	-1	-1	-1	0
1755	1754	1569	9	-1	-1	-1	0
1756	1751	1572	9	-1	-1	-1	0
1630	1629	1820	9	-1	-1	-1	0
1628	1632	1819	1	-1	-1	-1	0
1628	1818	1634	1	-1	-1	-1	0
1627	1637	1817	4	-1	-1	-1	0
1630	1821	1631	9	-1	-1	-1	0
1633	1819	1632	1	-1	-1	-1	0
1759	1577	1750	9	-1	-1	-1	0
1633	1631	1822	1	-1	-1	-1	0
1759	1758	1577	9	-1	-1	-1	0
1635	1634	1826	1	-1	-1	-1	0
1758	1761	1578	9	-1	-1	-1	0
1761	1760	1578	9	-1	-1	-1	0
1579	1760	1763	9	-1	-1	-1	0
1581	1764	1757	9	-1	-1	-1	0
1763	1762	1579	9	-1	-1	-1	0
1828	1640	1636	4	-1	-1	-1	0
1638	1830	1637	4	-1	-1	-1	0
1580	1762	1764	9	-1	-1	-1	0
1586	1754	1768	9	-1	-1	-1	0
1635	1827	1646	1	-1	-1	-1	0
1832	1638	1639	4	-1	-1	-1	0
1639	1640	1833	4	-1	-1	-1	0
1766	1765	1582	9	-1	-1	-1	0
1646	1827	1647	1	-1	-1	-1	0
1836	1643	1642	1	-1	-1	-1	0
1769	1767	1587	9	-1	-1	-1	0
1588	1770	1766	9	-1	-1	-1	0
1587	1768	1769	9	-1	-1	-1	0
1643	1838	1644	1	-1	-1	-1	0
1767	1771	1588	9	-1	-1	-1	0
1648	1837	1642	1	-1	-1	-1	0
1644	1839	1645	1	-1	-1	-1	0
1588	1771	1770	9	-1	-1	-1	0
1773	1589	1772	9	-1	-1	-1	0
1772	1590	1774	9	-1	-1	-1	0
1841	1648	1647	1	-1	-1	-1	0
1774	1592	1775	9	-1	-1	-1	0
1650	1843	1649	1	-1	-1	-1	0
1652	1649	1843	1	-1	-1	-1	0
1651	1652	1844	1	-1	-1	-1	0
1776	1594	1778	4	-1	-1	-1	0
1844	1653	1651	1	-1	-1	-1	0
1594	1777	1778	4	-1	-1	-1	0
1777	1595	1779	4	-1	-1	-1	0
1843	1650	1659	1	-1	-1	-1	0
1780	1596	1776	9	-1	-1	-1	0
1653	1847	1654	9	-1	-1	-1	0
1848	1655	1654	9	-1	-1	-1	0
1598	1782	1781	9	-1	-1	-1	0
1677	1645	1840	1	-1	-1	-1	0
1598	1783	1782	9	-1	-1	-1	0
1656	1850	1657	1	-1	-1	-1	0
1658	1657	1851	1	-1	-1	-1	0
1600	1781	1786	9	-1	-1	-1	0
1785	1599	1784	9	-1	-1	-1	0
1662	1850	1656	1	-1	-1	-1	0
1786	1784	1600	9	-1	-1	-1	0
1853	1659	1658	1	-1	-1	-1	0
1783	1601	1787	9	-1	-1	-1	0
1602	1785	1789	9	-1	-1	-1	0
1660	1856	1661	1	-1	-1	-1	0
1789	1788	1602	9	-1	-1	-1	0
1603	1788	1791	9	-1	-1	-1	0
1736	1723	1724	2	-1	-1	-1	0
1857	1665	1661	1	-1	-1	-1	0
1663	1859	1662	1	-1	-1	-1	0
1791	1790	1603	9	-1	-1	-1	0
1861	1663	1664	1	-1	-1	-1	0
1793	1792	1604	4	-1	-1	-1	0
1665	1862	1664	1	-1	-1	-1	0
1802	1779	1611	4	-1	-1	-1	0
1605	1794	1793	4	-1	-1	-1	0
1790	1797	1608	4	-1	-1	-1	0
1724	1735	1736	2	-1	-1	-1	0
1792	1796	1607	4	-1	-1	-1	0
1723	1736	1738	2	-1	-1	-1	0
1796	1795	1607	4	-1	-1	-1	0
1865	1668	1666	1	-1	-1	-1	0
1794	1608	1798	4	-1	-1	-1	0
1660	1684	1856	1	-1	-1	-1	0
1618	1773	1810	9	-1	-1	-1	0
1669	1667	1866	1	-1	-1	-1	0
1668	1867	1667	1	-1	-1	-1	0
1608	1797	1798	4	-1	-1	-1	0
1864	1666	1673	1	-1	-1	-1	0
1800	1609	1795	9	-1	-1	-1	0
1849	1702	1655	9	-1	-1	-1	0
1800	1799	1609	9	-1	-1	-1	0
1870	1670	1669	1	-1	-1	-1	0
1871	1671	1670	1	-1	-1	-1	0
1780	1812	1621	9	-1	-1	-1	0
1611	1801	1802	4	-1	-1	-1	0
1671	1874	1672	1	-1	-1	-1	0
1811	1787	1619	9	-1	-1	-1	0
1612	1803	1804	9	-1	-1	-1	0
1805	1803	1613	9	-1	-1	-1	0
1807	1801	1615	9	-1	-1	-1	0
1806	1614	1804	9	-1	-1	-1	0
1674	1876	1675	1	-1	-1	-1	0
1799	1809	1617	9	-1	-1	-1	0
1676	1876	1674	1	-1	-1	-1	0
1875	1673	1678	1	-1	-1	-1	0
1615	1806	1807	9	-1	-1	-1	0
1808	1805	1616	9	-1	-1	-1	0
1679	1675	1877	1	-1	-1	-1	0
1677	1879	1676	0	-1	-1	-1	0
1809	1808	1617	9	-1	-1	-1	0
1679	1883	1678	1	-1	-1	-1	0
1811	1619	1810	9	-1	-1	-1	0
1641	1765	1835	9	-1	-1	-1	0
1699	1672	1874	1	-1	-1	-1	0
1680	1885	1682	7	-1	-1	-1	0
1683	1681	1886	1	-1	-1	-1	0
1681	1682	1887	1	-1	-1	-1	0
1813	1624	1814	9	-1	-1	-1	0
1641	1835	1775	9	-1	-1	-1	0
1814	1625	1815	9	-1	-1	-1	0
1815	1626	1816	9	-1	-1	-1	0
1891	1685	1683	1	-1	-1	-1	0
1627	1817	1816	4	-1	-1	-1	0
1685	1892	1684	1	-1	-1	-1	0
1885	1680	1696	7	-1	-1	-1	0
1629	1813	1820	9	-1	-1	-1	0
1818	1628	1819	1	-1	-1	-1	0
1686	1894	1687	7	-1	-1	-1	0
1688	1895	1686	6	-1	-1	-1	0
1630	1820	1821	9	-1	-1	-1	0
1822	1631	1821	1	-1	-1	-1	0
1692	1687	1896	7	-1	-1	-1	0
1819	1633	1823	1	-1	-1	-1	0
1689	1898	1688	6	-1	-1	-1	0
1636	1812	1828	4	-1	-1	-1	0
1825	1634	1818	1	-1	-1	-1	0
1899	1689	1690	7	-1	-1	-1	0
1633	1822	1823	1	-1	-1	-1	0
1690	1691	1900	7	-1	-1	-1	0
1825	1824	1634	1	-1	-1	-1	0
1817	1637	1829	4	-1	-1	-1	0
1634	1824	1826	1	-1	-1	-1	0
1693	1902	1691	7	-1	-1	-1	0
1635	1826	1827	1	-1	-1	-1	0
1902	1693	1695	7	-1	-1	-1	0
1692	1904	1694	7	-1	-1	-1	0
1829	1637	1830	4	-1	-1	-1	0
1698	1694	1905	7	-1	-1	-1	0
1830	1638	1831	4	-1	-1	-1	0
1696	1697	1907	7	-1	-1	-1	0
1831	1638	1832	4	-1	-1	-1	0
1695	1701	1906	7	-1	-1	-1	0
1834	1640	1828	4	-1	-1	-1	0
1832	1639	1833	4	-1	-1	-1	0
1909	1697	1698	7	-1	-1	-1	0
1833	1640	1834	4	-1	-1	-1	0
1700	1699	1913	7	-1	-1	-1	0
1837	1836	1642	1	-1	-1	-1	0
1914	1701	1700	7	-1	-1	-1	0
1827	1841	1647	1	-1	-1	-1	0
1643	1836	1838	1	-1	-1	-1	0
1703	1702	1915	9	-1	-1	-1	0
1839	1644	1838	1	-1	-1	-1	0
1703	1916	1704	9	-1	-1	-1	0
1645	1839	1840	1	-1	-1	-1	0
1842	1837	1648	1	-1	-1	-1	0
1704	1918	1707	9	-1	-1	-1	0
1705	1706	1919	9	-1	-1	-1	0
1842	1648	1841	1	-1	-1	-1	0
1919	1709	1705	9	-1	-1	-1	0
1707	1920	1706	9	-1	-1	-1	0
1709	1922	1708	2	-1	-1	-1	0
1845	1652	1843	1	-1	-1	-1	0
1845	1844	1652	1	-1	-1	-1	0
1844	1846	1653	1	-1	-1	-1	0
1922	1715	1708	2	-1	-1	-1	0
1711	1924	1710	9	-1	-1	-1	0
1924	1712	1710	9	-1	-1	-1	0
1847	1653	1846	1	-1	-1	-1	0
1782	1786	1781	9	-1	-1	-1	0
1848	1654	1847	9	-1	-1	-1	0
1712	1927	1713	9	-1	-1	-1	0
1848	1849	1655	9	-1	-1	-1	0
1854	1843	1659	1	-1	-1	-1	0
1852	1657	1850	1	-1	-1	-1	0
1715	1930	1714	2	-1	-1	-1	0
1851	1657	1852	1	-1	-1	-1	0
1658	1851	1853	1	-1	-1	-1	0
1792	1779	1796	4	-1	-1	-1	0
1855	1659	1853	1	-1	-1	-1	0
1711	1731	1925	9	-1	-1	-1	0
1659	1855	1854	1	-1	-1	-1	0
1717	1718	1933	9	-1	-1	-1	0
1716	1721	1932	9	-1	-1	-1	0
1714	1930	1726	2	-1	-1	-1	0
1720	1717	1933	9	-1	-1	-1	0
1662	1858	1850	1	-1	-1	-1	0
1719	1720	1935	9	-1	-1	-1	0
1722	1934	1718	2	-1	-1	-1	0
1661	1856	1857	1	-1	-1	-1	0
1727	1716	1932	9	-1	-1	-1	0
1936	1721	1719	9	-1	-1	-1	0
1802	1796	1779	4	-1	-1	-1	0
1859	1858	1662	1	-1	-1	-1	0
1929	1739	1713	9	-1	-1	-1	0
1860	1859	1663	1	-1	-1	-1	0
1939	1722	1723	2	-1	-1	-1	0
1861	1860	1663	1	-1	-1	-1	0
1665	1857	1863	1	-1	-1	-1	0
1862	1861	1664	1	-1	-1	-1	0
1940	1724	1725	2	-1	-1	-1	0
1665	1863	1862	1	-1	-1	-1	0
1941	1725	1726	2	-1	-1	-1	0
1666	1864	1865	1	-1	-1	-1	0
1943	1728	1727	9	-1	-1	-1	0
1840	1882	1677	1	-1	-1	-1	0
1724	1940	1735	2	-1	-1	-1	0
1738	1939	1723	2	-1	-1	-1	0
1866	1667	1867	1	-1	-1	-1	0
1865	1869	1668	1	-1	-1	-1	0
1868	1867	1668	1	-1	-1	-1	0
1730	1729	1945	9	-1	-1	-1	0
1870	1669	1866	1	-1	-1	-1	0
1668	1869	1868	1	-1	-1	-1	0
1730	1946	1731	9	-1	-1	-1	0
1945	1729	1733	9	-1	-1	-1	0
1737	1728	1943	9	-1	-1	-1	0
1864	1673	1875	1	-1	-1	-1	0
1870	1872	1670	1	-1	-1	-1	0
1670	1872	1871	1	-1	-1	-1	0
1671	1871	1873	1	-1	-1	-1	0
1949	1734	1732	9	-1	-1	-1	0
1949	1732	1735	9	-1	-1	-1	0
1734	1950	1733	9	-1	-1	-1	0
1671	1873	1874	1	-1	-1	-1	0
1876	1877	1675	1	-1	-1	-1	0
1738	1737	1953	9	-1	-1	-1	0
1676	1878	1876	0	-1	-1	-1	0
1892	1856	1684	1	-1	-1	-1	0
1880	1878	1676	0	-1	-1	-1	0
1879	1880	1676	0	-1	-1	-1	0
1678	1883	1875	1	-1	-1	-1	0
1740	1741	1955	9	-1	-1	-1	0
1677	1881	1879	0	-1	-1	-1	0
1745	1739	1954	9	-1	-1	-1	0
1877	1884	1679	1	-1	-1	-1	0
1677	1882	1881	0	-1	-1	-1	0
1958	1742	1743	9	-1	-1	-1	0
1744	1742	1957	9	-1	-1	-1	0
1955	1749	1740	9	-1	-1	-1	0
1956	1741	1748	9	-1	-1	-1	0
1679	1884	1883	1	-1	-1	-1	0
1959	1743	1746	9	-1	-1	-1	0
1744	1960	1747	9	-1	-1	-1	0
1746	1745	1961	9	-1	-1	-1	0
1886	1681	1887	1	-1	-1	-1	0
1682	1885	1888	7	-1	-1	-1	0
1963	1748	1747	9	-1	-1	-1	0
1887	1682	1889	7	-1	-1	-1	0
1682	1888	1889	7	-1	-1	-1	0
1890	1683	1886	1	-1	-1	-1	0
1964	1750	1749	9	-1	-1	-1	0
1890	1891	1683	1	-1	-1	-1	0
1849	1915	1702	9	-1	-1	-1	0
1893	1685	1891	1	-1	-1	-1	0
1752	1751	1967	9	-1	-1	-1	0
1685	1893	1892	1	-1	-1	-1	0
1756	1966	1751	9	-1	-1	-1	0
1968	1753	1752	9	-1	-1	-1	0
1965	1759	1750	9	-1	-1	-1	0
1686	1895	1894	6	-1	-1	-1	0
1969	1755	1753	9	-1	-1	-1	0
1687	1894	1896	7	-1	-1	-1	0
1754	1755	1970	9	-1	-1	-1	0
1688	1897	1895	6	-1	-1	-1	0
1897	1688	1898	6	-1	-1	-1	0
1899	1898	1689	6	-1	-1	-1	0
1913	1699	1874	7	-1	-1	-1	0
1696	1907	1885	7	-1	-1	-1	0
1900	1899	1690	7	-1	-1	-1	0
1759	1974	1758	9	-1	-1	-1	0
1692	1896	1904	7	-1	-1	-1	0
1761	1758	1974	9	-1	-1	-1	0
1754	1971	1768	9	-1	-1	-1	0
1691	1902	1901	7	-1	-1	-1	0
1691	1903	1900	7	-1	-1	-1	0
1691	1901	1903	7	-1	-1	-1	0
1761	1975	1760	9	-1	-1	-1	0
1760	1975	1763	9	-1	-1	-1	0
1904	1905	1694	7	-1	-1	-1	0
1695	1906	1902	7	-1	-1	-1	0
1769	1768	1971	9	-1	-1	-1	0
1978	1765	1766	9	-1	-1	-1	0
1697	1908	1907	7	-1	-1	-1	0
1698	1905	1910	7	-1	-1	-1	0
1908	1697	1909	7	-1	-1	-1	0
1979	1766	1770	9	-1	-1	-1	0
1769	1980	1767	9	-1	-1	-1	0
1771	1767	1980	9	-1	-1	-1	0
1911	1698	1910	7	-1	-1	-1	0
1912	1909	1698	7	-1	-1	-1	0
1912	1698	1911	7	-1	-1	-1	0
1701	1914	1906	7	-1	-1	-1	0
1982	1770	1771	9	-1	-1	-1	0
1914	1700	1913	7	-1	-1	-1	0
1772	1985	1773	9	-1	-1	-1	0
1774	1984	1772	9	-1	-1	-1	0
1703	1915	1916	9	-1	-1	-1	0
1774	1775	1987	9	-1	-1	-1	0
1916	1917	1704	9	-1	-1	-1	0
1704	1917	1918	9	-1	-1	-1	0
1989	1776	1778	4	-1	-1	-1	0
1776	1989	1780	4	-1	-1	-1	0
1919	1706	1920	9	-1	-1	-1	0
1921	1707	1918	9	-1	-1	-1	0
1777	1990	1778	4	-1	-1	-1	0
1777	1779	1991	4	-1	-1	-1	0
1707	1921	1920	9	-1	-1	-1	0
1923	1709	1919	2	-1	-1	-1	0
1923	1922	1709	2	-1	-1	-1	0
1994	1782	1783	9	-1	-1	-1	0
1850	1858	1852	1	-1	-1	-1	0
1711	1926	1924	9	-1	-1	-1	0
1926	1711	1925	9	-1	-1	-1	0
1792	1991	1779	4	-1	-1	-1	0
1995	1786	1782	9	-1	-1	-1	0
1712	1924	1928	9	-1	-1	-1	0
1787	1996	1783	9	-1	-1	-1	0
1927	1712	1928	9	-1	-1	-1	0
1785	1784	1998	9	-1	-1	-1	0
1784	1786	1997	9	-1	-1	-1	0
1715	1922	1931	2	-1	-1	-1	0
1773	1986	1810	9	-1	-1	-1	0
1929	1713	1927	9	-1	-1	-1	0
1789	1785	2000	9	-1	-1	-1	0
1931	1930	1715	2	-1	-1	-1	0
1991	1792	1793	4	-1	-1	-1	0
1978	1835	1765	9	-1	-1	-1	0
1789	2001	1788	9	-1	-1	-1	0
1791	1788	2001	9	-1	-1	-1	0
1718	1934	1933	2	-1	-1	-1	0
1790	1791	2004	9	-1	-1	-1	0
1993	1812	1780	4	-1	-1	-1	0
1797	1790	2003	4	-1	-1	-1	0
1935	1936	1719	9	-1	-1	-1	0
1933	1937	1720	9	-1	-1	-1	0
1938	1932	1721	9	-1	-1	-1	0
1937	1935	1720	9	-1	-1	-1	0
1794	2006	1793	4	-1	-1	-1	0
1996	1787	1811	9	-1	-1	-1	0
1939	1934	1722	2	-1	-1	-1	0
1721	1936	1938	9	-1	-1	-1	0
1835	1987	1775	9	-1	-1	-1	0
1930	1942	1726	2	-1	-1	-1	0
1794	1798	2009	4	-1	-1	-1	0
1796	2010	1795	4	-1	-1	-1	0
1932	1944	1727	9	-1	-1	-1	0
1948	1925	1731	9	-1	-1	-1	0
2010	1800	1795	4	-1	-1	-1	0
1797	2011	1798	4	-1	-1	-1	0
1941	1940	1725	2	-1	-1	-1	0
1811	1810	1986	9	-1	-1	-1	0
1802	2010	1796	4	-1	-1	-1	0
1941	1726	1942	2	-1	-1	-1	0
1799	1800	2014	9	-1	-1	-1	0
1727	1944	1943	9	-1	-1	-1	0
2016	1802	1801	4	-1	-1	-1	0
1929	1954	1739	9	-1	-1	-1	0
2014	1809	1799	9	-1	-1	-1	0
1945	1947	1730	9	-1	-1	-1	0
1946	1730	1947	9	-1	-1	-1	0
1940	1949	1735	2	-1	-1	-1	0
2016	1801	1807	4	-1	-1	-1	0
1731	1946	1948	9	-1	-1	-1	0
1803	1805	2017	9	-1	-1	-1	0
1803	2018	1804	9	-1	-1	-1	0
1733	1950	1945	9	-1	-1	-1	0
1806	1804	2019	9	-1	-1	-1	0
1939	1738	1953	2	-1	-1	-1	0
1737	1943	1952	9	-1	-1	-1	0
1805	1808	2020	9	-1	-1	-1	0
1993	1828	1812	4	-1	-1	-1	0
1807	1806	2021	9	-1	-1	-1	0
1949	1951	1734	9	-1	-1	-1	0
1951	1950	1734	9	-1	-1	-1	0
1808	1809	2023	9	-1	-1	-1	0
1953	1737	1952	9	-1	-1	-1	0
1956	1955	1741	9	-1	-1	-1	0
1834	1828	1993	4	-1	-1	-1	0
2028	1813	1814	9	-1	-1	-1	0
1957	1742	1958	9	-1	-1	-1	0
1814	1815	2029	9	-1	-1	-1	0
1961	1745	1954	9	-1	-1	-1	0
1813	2027	1820	9	-1	-1	-1	0
1743	1959	1958	9	-1	-1	-1	0
1957	1960	1744	9	-1	-1	-1	0
1816	2030	1815	9	-1	-1	-1	0
2031	1816	1817	4	-1	-1	-1	0
1959	1746	1962	9	-1	-1	-1	0
1956	1748	1963	9	-1	-1	-1	0
1964	1749	1955	9	-1	-1	-1	0
1961	1962	1746	9	-1	-1	-1	0
1960	1963	1747	9	-1	-1	-1	0
1818	1819	2033	1	-1	-1	-1	0
1819	1823	2034	1	-1	-1	-1	0
1820	2035	1821	9	-1	-1	-1	0
1818	2033	1825	1	-1	-1	-1	0
1817	1829	2032	4	-1	-1	-1	0
1750	1964	1965	9	-1	-1	-1	0
1821	2036	1822	1	-1	-1	-1	0
1907	1888	1885	7	-1	-1	-1	0
2037	1823	1822	1	-1	-1	-1	0
1967	1751	1966	9	-1	-1	-1	0
1967	1968	1752	9	-1	-1	-1	0
1825	2040	1824	1	-1	-1	-1	0
1826	1824	2039	1	-1	-1	-1	0
1968	1969	1753	9	-1	-1	-1	0
2041	1827	1826	1	-1	-1	-1	0
1971	1754	1970	9	-1	-1	-1	0
1755	1972	1970	9	-1	-1	-1	0
1755	1969	1973	9	-1	-1	-1	0
1965	1974	1759	9	-1	-1	-1	0
1973	1972	1755	9	-1	-1	-1	0
2044	1829	1830	4	-1	-1	-1	0
1830	1831	2046	4	-1	-1	-1	0
1841	1827	2042	1	-1	-1	-1	0
2047	1831	1832	4	-1	-1	-1	0
1976	1975	1761	9	-1	-1	-1	0
1974	1977	1761	9	-1	-1	-1	0
2048	1832	1833	4	-1	-1	-1	0
1976	1761	1977	9	-1	-1	-1	0
1833	1834	2049	4	-1	-1	-1	0
1769	1971	1981	9	-1	-1	-1	0
1766	1979	1978	9	-1	-1	-1	0
1837	2051	1836	1	-1	-1	-1	0
1836	2051	1838	1	-1	-1	-1	0
1981	1980	1769	9	-1	-1	-1	0
1837	1842	2052	1	-1	-1	-1	0
1979	1770	1982	9	-1	-1	-1	0
1839	1838	2055	1	-1	-1	-1	0
1980	1983	1771	9	-1	-1	-1	0
1839	2056	1840	1	-1	-1	-1	0
1771	1983	1982	9	-1	-1	-1	0
1984	1985	1772	9	-1	-1	-1	0
1841	2058	1842	1	-1	-1	-1	0
1985	1986	1773	9	-1	-1	-1	0
1774	1988	1984	9	-1	-1	-1	0
1845	1843	2060	1	-1	-1	-1	0
1988	1774	1987	9	-1	-1	-1	0
1845	2061	1844	1	-1	-1	-1	0
1846	1844	2061	1	-1	-1	-1	0
1847	1846	2063	1	-1	-1	-1	0
1854	2060	1843	1	-1	-1	-1	0
1777	1991	1990	4	-1	-1	-1	0
2064	1848	1847	9	-1	-1	-1	0
1778	1992	1989	4	-1	-1	-1	0
1990	1992	1778	4	-1	-1	-1	0
1780	1989	1993	4	-1	-1	-1	0
1848	2066	1849	9	-1	-1	-1	0
1995	1782	1994	9	-1	-1	-1	0
2069	1851	1852	1	-1	-1	-1	0
2068	1853	1851	1	-1	-1	-1	0
1783	1996	1994	9	-1	-1	-1	0
1995	1997	1786	9	-1	-1	-1	0
1924	1926	1928	9	-1	-1	-1	0
1882	1840	2057	1	-1	-1	-1	0
1784	1997	1998	9	-1	-1	-1	0
1855	1853	2073	1	-1	-1	-1	0
1999	1785	1998	9	-1	-1	-1	0
2072	1852	1858	1	-1	-1	-1	0
2074	1854	1855	1	-1	-1	-1	0
1785	1999	2000	9	-1	-1	-1	0
1857	1856	2077	1	-1	-1	-1	0
2007	1991	1793	4	-1	-1	-1	0
1789	2000	2002	9	-1	-1	-1	0
1789	2002	2001	9	-1	-1	-1	0
1859	2080	1858	1	-1	-1	-1	0
2005	1791	2001	9	-1	-1	-1	0
2004	2003	1790	4	-1	-1	-1	0
1857	2079	1863	1	-1	-1	-1	0
2005	2004	1791	9	-1	-1	-1	0
1860	2081	1859	1	-1	-1	-1	0
1860	1861	2082	1	-1	-1	-1	0
2007	1793	2006	4	-1	-1	-1	0
2084	1861	1862	1	-1	-1	-1	0
2006	1794	2008	4	-1	-1	-1	0
1862	1863	2085	1	-1	-1	-1	0
2009	2008	1794	4	-1	-1	-1	0
2003	2011	1797	4	-1	-1	-1	0
1865	1864	2086	1	-1	-1	-1	0
2012	2009	1798	4	-1	-1	-1	0
1834	1993	1992	4	-1	-1	-1	0
1867	2089	1866	1	-1	-1	-1	0
2011	2013	1798	4	-1	-1	-1	0
1865	2088	1869	1	-1	-1	-1	0
2012	1798	2013	4	-1	-1	-1	0
2026	1811	1986	9	-1	-1	-1	0
2010	2015	1800	4	-1	-1	-1	0
1892	2077	1856	1	-1	-1	-1	0
1866	2089	1870	1	-1	-1	-1	0
1864	1875	2086	1	-1	-1	-1	0
2091	1867	1868	1	-1	-1	-1	0
2016	2010	1802	4	-1	-1	-1	0
2092	1868	1869	1	-1	-1	-1	0
1800	2015	2014	4	-1	-1	-1	0
2067	1915	1849	9	-1	-1	-1	0
2025	1996	1811	9	-1	-1	-1	0
1870	2094	1872	1	-1	-1	-1	0
1871	1872	2095	1	-1	-1	-1	0
2017	2018	1803	9	-1	-1	-1	0
2095	1873	1871	1	-1	-1	-1	0
1804	2018	2019	9	-1	-1	-1	0
1805	2020	2017	9	-1	-1	-1	0
1873	2098	1874	7	-1	-1	-1	0
1807	2022	2016	4	-1	-1	-1	0
2019	2021	1806	9	-1	-1	-1	0
1809	2014	2024	9	-1	-1	-1	0
2021	2022	1807	4	-1	-1	-1	0
2023	2020	1808	9	-1	-1	-1	0
2100	1877	1876	0	-1	-1	-1	0
1878	2100	1876	0	-1	-1	-1	0
2024	2023	1809	9	-1	-1	-1	0
1883	2099	1875	1	-1	-1	-1	0
1880	2102	1878	0	-1	-1	-1	0
1879	2103	1880	0	-1	-1	-1	0
2101	1884	1877	0	-1	-1	-1	0
2026	2025	1811	9	-1	-1	-1	0
1835	1978	2050	9	-1	-1	-1	0
1879	1881	2104	0	-1	-1	-1	0
2028	2027	1813	9	-1	-1	-1	0
2107	1881	1882	0	-1	-1	-1	0
2028	1814	2029	9	-1	-1	-1	0
1987	1835	2050	9	-1	-1	-1	0
2030	2029	1815	9	-1	-1	-1	0
2049	1834	1992	4	-1	-1	-1	0
1884	2109	1883	1	-1	-1	-1	0
2031	2030	1816	4	-1	-1	-1	0
2032	2031	1817	4	-1	-1	-1	0
2035	1820	2027	9	-1	-1	-1	0
2111	1886	1887	1	-1	-1	-1	0
2098	1913	1874	7	-1	-1	-1	0
1819	2034	2033	1	-1	-1	-1	0
2111	1890	1886	1	-1	-1	-1	0
1889	2112	1887	7	-1	-1	-1	0
2113	1889	1888	7	-1	-1	-1	0
1821	2035	2036	1	-1	-1	-1	0
2036	2037	1822	1	-1	-1	-1	0
2034	1823	2038	1	-1	-1	-1	0
1891	1890	2115	1	-1	-1	-1	0
2040	1825	2033	1	-1	-1	-1	0
2038	1823	2037	1	-1	-1	-1	0
1893	1891	2116	1	-1	-1	-1	0
1892	1893	2117	1	-1	-1	-1	0
2039	1824	2040	1	-1	-1	-1	0
1829	2043	2032	4	-1	-1	-1	0
2041	1826	2039	1	-1	-1	-1	0
1888	1907	2113	7	-1	-1	-1	0
2121	1894	1895	6	-1	-1	-1	0
2042	1827	2041	1	-1	-1	-1	0
2122	1896	1894	7	-1	-1	-1	0
2044	2043	1829	4	-1	-1	-1	0
1897	2124	1895	0	-1	-1	-1	0
1830	2045	2044	4	-1	-1	-1	0
2046	2045	1830	4	-1	-1	-1	0
1897	1898	2127	0	-1	-1	-1	0
2046	1831	2047	4	-1	-1	-1	0
1904	1896	2126	7	-1	-1	-1	0
1898	1899	2129	6	-1	-1	-1	0
2048	2047	1832	4	-1	-1	-1	0
1907	1908	2113	7	-1	-1	-1	0
1899	1900	2131	7	-1	-1	-1	0
1833	2049	2048	4	-1	-1	-1	0
1903	2132	1900	7	-1	-1	-1	0
2134	1901	1902	7	-1	-1	-1	0
1901	2133	1903	7	-1	-1	-1	0
2058	1841	2042	1	-1	-1	-1	0
1837	2053	2051	1	-1	-1	-1	0
1837	2052	2053	1	-1	-1	-1	0
2134	1902	1906	7	-1	-1	-1	0
2054	1838	2051	1	-1	-1	-1	0
2136	1905	1904	7	-1	-1	-1	0
1838	2054	2055	1	-1	-1	-1	0
2055	2056	1839	1	-1	-1	-1	0
1910	1905	2137	7	-1	-1	-1	0
2057	1840	2056	1	-1	-1	-1	0
1842	2059	2052	1	-1	-1	-1	0
1908	1909	2139	7	-1	-1	-1	0
1914	2138	1906	7	-1	-1	-1	0
2059	1842	2058	1	-1	-1	-1	0
1912	2140	1909	7	-1	-1	-1	0
1910	2142	1911	7	-1	-1	-1	0
2144	1912	1911	7	-1	-1	-1	0
1845	2060	2062	1	-1	-1	-1	0
2061	1845	2062	1	-1	-1	-1	0
2061	2063	1846	1	-1	-1	-1	0
1914	1913	2146	7	-1	-1	-1	0
1992	1993	1989	4	-1	-1	-1	0
1847	2063	2065	1	-1	-1	-1	0
2065	2064	1847	1	-1	-1	-1	0
2064	2066	1848	9	-1	-1	-1	0
1916	1915	2148	9	-1	-1	-1	0
1916	2148	1917	9	-1	-1	-1	0
1849	2066	2067	9	-1	-1	-1	0
2149	1918	1917	9	-1	-1	-1	0
2007	1990	1991	4	-1	-1	-1	0
1854	2074	2060	1	-1	-1	-1	0
1851	2070	2068	1	-1	-1	-1	0
2007	1992	1990	4	-1	-1	-1	0
1921	1918	2151	9	-1	-1	-1	0
1851	2069	2070	1	-1	-1	-1	0
2071	2069	1852	1	-1	-1	-1	0
1919	1920	2153	2	-1	-1	-1	0
2068	2073	1853	1	-1	-1	-1	0
1920	1921	2154	2	-1	-1	-1	0
2153	1923	1919	2	-1	-1	-1	0
2072	2071	1852	1	-1	-1	-1	0
1923	2155	1922	2	-1	-1	-1	0
1855	2073	2075	1	-1	-1	-1	0
2076	2074	1855	1	-1	-1	-1	0
1855	2075	2076	1	-1	-1	-1	0
2156	1926	1925	9	-1	-1	-1	0
1922	2155	1931	2	-1	-1	-1	0
2072	1858	2080	1	-1	-1	-1	0
2157	1928	1926	9	-1	-1	-1	0
2077	2078	1857	1	-1	-1	-1	0
1928	2158	1927	9	-1	-1	-1	0
2079	1857	2078	1	-1	-1	-1	0
1927	2158	1929	9	-1	-1	-1	0
2080	1859	2081	1	-1	-1	-1	0
1930	1931	2162	2	-1	-1	-1	0
1860	2083	2081	1	-1	-1	-1	0
2083	1860	2082	1	-1	-1	-1	0
2084	2082	1861	1	-1	-1	-1	0
2085	1863	2079	1	-1	-1	-1	0
2156	1925	1948	9	-1	-1	-1	0
2084	1862	2085	1	-1	-1	-1	0
1934	2166	1933	2	-1	-1	-1	0
1938	2165	1932	9	-1	-1	-1	0
1930	2163	1942	2	-1	-1	-1	0
1937	1933	2166	2	-1	-1	-1	0
1865	2086	2087	1	-1	-1	-1	0
1936	1935	2168	9	-1	-1	-1	0
2167	1934	1939	2	-1	-1	-1	0
1865	2087	2088	1	-1	-1	-1	0
1937	2168	1935	9	-1	-1	-1	0
2016	2015	2010	4	-1	-1	-1	0
1944	1932	2165	9	-1	-1	-1	0
1936	2169	1938	9	-1	-1	-1	0
1954	1929	2161	9	-1	-1	-1	0
2090	2089	1867	1	-1	-1	-1	0
2108	1882	2057	1	-1	-1	-1	0
2049	1992	2007	4	-1	-1	-1	0
2091	2090	1867	1	-1	-1	-1	0
2093	1869	2088	1	-1	-1	-1	0
1868	2092	2091	1	-1	-1	-1	0
1941	2171	1940	2	-1	-1	-1	0
2022	2015	2016	4	-1	-1	-1	0
1870	2089	2094	1	-1	-1	-1	0
2092	1869	2093	1	-1	-1	-1	0
1942	2173	1941	2	-1	-1	-1	0
2167	1939	1953	2	-1	-1	-1	0
2099	2086	1875	1	-1	-1	-1	0
1949	1940	2172	2	-1	-1	-1	0
1872	2094	2096	1	-1	-1	-1	0
1943	1944	2176	9	-1	-1	-1	0
1872	2096	2095	1	-1	-1	-1	0
2097	1873	2095	7	-1	-1	-1	0
1873	2097	2098	7	-1	-1	-1	0
2178	1947	1945	9	-1	-1	-1	0
1952	1943	2176	9	-1	-1	-1	0
1946	1947	2179	9	-1	-1	-1	0
1949	2172	1951	2	-1	-1	-1	0
2179	1948	1946	9	-1	-1	-1	0
2178	1945	1950	9	-1	-1	-1	0
1961	1954	2161	9	-1	-1	-1	0
2100	2101	1877	0	-1	-1	-1	0
2102	2100	1878	0	-1	-1	-1	0
1950	1951	2183	9	-1	-1	-1	0
1879	2104	2103	0	-1	-1	-1	0
2117	2077	1892	1	-1	-1	-1	0
1880	2105	2102	0	-1	-1	-1	0
2103	2106	1880	0	-1	-1	-1	0
1953	1952	2186	9	-1	-1	-1	0
2109	2099	1883	1	-1	-1	-1	0
1880	2106	2105	0	-1	-1	-1	0
2104	1881	2107	0	-1	-1	-1	0
2101	2110	1884	0	-1	-1	-1	0
2108	2107	1882	0	-1	-1	-1	0
1956	2187	1955	9	-1	-1	-1	0
2109	1884	2110	0	-1	-1	-1	0
1958	2189	1957	9	-1	-1	-1	0
1955	2187	1964	9	-1	-1	-1	0
2190	1960	1957	9	-1	-1	-1	0
1963	2188	1956	9	-1	-1	-1	0
1959	2191	1958	9	-1	-1	-1	0
2112	2111	1887	7	-1	-1	-1	0
1959	1962	2192	9	-1	-1	-1	0
1890	2111	2115	1	-1	-1	-1	0
1889	2114	2112	7	-1	-1	-1	0
1963	1960	2193	9	-1	-1	-1	0
2113	2114	1889	7	-1	-1	-1	0
1962	1961	2195	9	-1	-1	-1	0
1891	2115	2116	1	-1	-1	-1	0
1965	1964	2198	9	-1	-1	-1	0
1893	2116	2118	1	-1	-1	-1	0
2117	1893	2119	1	-1	-1	-1	0
2067	2148	1915	9	-1	-1	-1	0
2120	1893	2118	1	-1	-1	-1	0
1893	2120	2119	1	-1	-1	-1	0
1967	1966	2202	9	-1	-1	-1	0
1894	2121	2122	6	-1	-1	-1	0
1968	1967	2203	9	-1	-1	-1	0
2121	1895	2123	0	-1	-1	-1	0
1965	2201	1974	9	-1	-1	-1	0
2204	1969	1968	9	-1	-1	-1	0
2125	2123	1895	0	-1	-1	-1	0
1895	2124	2125	0	-1	-1	-1	0
2126	1896	2122	7	-1	-1	-1	0
1970	2206	1971	9	-1	-1	-1	0
2205	1973	1969	9	-1	-1	-1	0
2206	1970	1972	9	-1	-1	-1	0
2127	2124	1897	0	-1	-1	-1	0
1974	2201	1977	9	-1	-1	-1	0
1973	2208	1972	9	-1	-1	-1	0
1898	2128	2127	0	-1	-1	-1	0
2130	2128	1898	0	-1	-1	-1	0
1898	2129	2130	0	-1	-1	-1	0
2146	1913	2098	7	-1	-1	-1	0
2131	2129	1899	6	-1	-1	-1	0
1981	1971	2207	9	-1	-1	-1	0
2113	1908	2139	7	-1	-1	-1	0
2132	2131	1900	7	-1	-1	-1	0
1977	2212	1976	9	-1	-1	-1	0
1904	2126	2136	7	-1	-1	-1	0
2134	2133	1901	7	-1	-1	-1	0
1979	2213	1978	9	-1	-1	-1	0
2132	1903	2135	7	-1	-1	-1	0
1903	2133	2135	7	-1	-1	-1	0
2214	1979	1982	9	-1	-1	-1	0
1980	1981	2215	9	-1	-1	-1	0
2215	1983	1980	9	-1	-1	-1	0
2138	2134	1906	7	-1	-1	-1	0
2137	1905	2136	7	-1	-1	-1	0
1983	2218	1982	9	-1	-1	-1	0
1910	2137	2142	7	-1	-1	-1	0
1909	2141	2139	7	-1	-1	-1	0
2141	1909	2140	7	-1	-1	-1	0
1984	2221	1985	9	-1	-1	-1	0
2222	1986	1985	9	-1	-1	-1	0
1988	2221	1984	9	-1	-1	-1	0
2142	2143	1911	7	-1	-1	-1	0
1912	2145	2140	7	-1	-1	-1	0
2144	1911	2143	7	-1	-1	-1	0
1914	2147	2138	7	-1	-1	-1	0
2224	1988	1987	9	-1	-1	-1	0
1912	2144	2145	7	-1	-1	-1	0
2146	2147	1914	7	-1	-1	-1	0
2148	2150	1917	9	-1	-1	-1	0
1995	1994	2227	9	-1	-1	-1	0
2149	1917	2150	9	-1	-1	-1	0
2228	1994	1996	9	-1	-1	-1	0
2149	2152	1918	9	-1	-1	-1	0
1997	1995	2229	9	-1	-1	-1	0
2152	2151	1918	9	-1	-1	-1	0
1998	1997	2231	9	-1	-1	-1	0
2154	1921	2151	2	-1	-1	-1	0
1920	2154	2153	2	-1	-1	-1	0
2232	1999	1998	9	-1	-1	-1	0
1923	2153	2155	2	-1	-1	-1	0
2233	2000	1999	9	-1	-1	-1	0
2026	1986	2223	9	-1	-1	-1	0
2000	2234	2002	9	-1	-1	-1	0
2235	2001	2002	9	-1	-1	-1	0
1926	2156	2157	9	-1	-1	-1	0
2213	2050	1978	9	-1	-1	-1	0
2235	2005	2001	9	-1	-1	-1	0
2157	2159	1928	9	-1	-1	-1	0
2003	2004	2238	4	-1	-1	-1	0
1928	2160	2158	9	-1	-1	-1	0
2160	1928	2159	9	-1	-1	-1	0
2161	1929	2158	9	-1	-1	-1	0
2004	2005	2239	9	-1	-1	-1	0
1996	2025	2228	9	-1	-1	-1	0
2155	2164	1931	2	-1	-1	-1	0
2237	2011	2003	4	-1	-1	-1	0
2240	2006	2008	4	-1	-1	-1	0
2241	2007	2006	4	-1	-1	-1	0
1930	2162	2163	2	-1	-1	-1	0
2164	2162	1931	2	-1	-1	-1	0
2244	2008	2009	4	-1	-1	-1	0
2050	2224	1987	9	-1	-1	-1	0
2245	2009	2012	4	-1	-1	-1	0
2167	2166	1934	2	-1	-1	-1	0
2246	2013	2011	4	-1	-1	-1	0
1938	2169	2165	9	-1	-1	-1	0
2166	2170	1937	2	-1	-1	-1	0
2012	2013	2248	4	-1	-1	-1	0
2168	2169	1936	9	-1	-1	-1	0
2168	1937	2170	2	-1	-1	-1	0
2249	2014	2015	4	-1	-1	-1	0
2163	2175	1942	2	-1	-1	-1	0
2171	2172	1940	2	-1	-1	-1	0
2017	2250	2018	9	-1	-1	-1	0
2156	1948	2181	9	-1	-1	-1	0
1941	2173	2171	2	-1	-1	-1	0
2177	1944	2165	9	-1	-1	-1	0
2249	2015	2022	4	-1	-1	-1	0
2014	2249	2024	4	-1	-1	-1	0
2020	2250	2017	9	-1	-1	-1	0
2019	2018	2251	9	-1	-1	-1	0
2174	2173	1942	2	-1	-1	-1	0
2251	2021	2019	9	-1	-1	-1	0
2175	2174	1942	2	-1	-1	-1	0
2020	2023	2252	9	-1	-1	-1	0
2022	2021	2253	4	-1	-1	-1	0
2177	2176	1944	9	-1	-1	-1	0
2007	2242	2049	4	-1	-1	-1	0
2252	2023	2024	9	-1	-1	-1	0
2025	2026	2254	9	-1	-1	-1	0
2180	1947	2178	9	-1	-1	-1	0
2167	1953	2186	2	-1	-1	-1	0
1947	2180	2179	9	-1	-1	-1	0
1951	2172	2184	2	-1	-1	-1	0
2181	1948	2179	9	-1	-1	-1	0
2182	2178	1950	9	-1	-1	-1	0
2257	2027	2028	9	-1	-1	-1	0
2186	1952	2176	9	-1	-1	-1	0
2028	2029	2258	9	-1	-1	-1	0
1950	2183	2182	9	-1	-1	-1	0
2258	2029	2030	9	-1	-1	-1	0
2161	2196	1961	9	-1	-1	-1	0
2185	2183	1951	2	-1	-1	-1	0
2027	2257	2035	9	-1	-1	-1	0
2031	2259	2030	4	-1	-1	-1	0
1951	2184	2185	2	-1	-1	-1	0
2260	2031	2032	4	-1	-1	-1	0
2175	2076	2075	2	-1	-1	-1	0
2034	2262	2033	1	-1	-1	-1	0
2187	1956	2188	9	-1	-1	-1	0
2262	2040	2033	1	-1	-1	-1	0
2036	2035	2264	1	-1	-1	-1	0
2263	2034	2038	1	-1	-1	-1	0
2043	2261	2032	4	-1	-1	-1	0
2189	2190	1957	9	-1	-1	-1	0
2265	2037	2036	1	-1	-1	-1	0
2191	2189	1958	9	-1	-1	-1	0
2049	2242	2048	4	-1	-1	-1	0
2037	2266	2038	1	-1	-1	-1	0
1959	2192	2191	9	-1	-1	-1	0
1963	2193	2188	9	-1	-1	-1	0
1960	2190	2194	9	-1	-1	-1	0
2268	2039	2040	1	-1	-1	-1	0
2194	2193	1960	9	-1	-1	-1	0
2041	2039	2269	1	-1	-1	-1	0
2187	2199	1964	9	-1	-1	-1	0
2192	1962	2197	9	-1	-1	-1	0
2196	2195	1961	9	-1	-1	-1	0
2041	2269	2042	1	-1	-1	-1	0
1962	2195	2197	9	-1	-1	-1	0
2272	2043	2044	4	-1	-1	-1	0
2199	2198	1964	9	-1	-1	-1	0
2198	2200	1965	9	-1	-1	-1	0
2044	2045	2275	4	-1	-1	-1	0
2139	2114	2113	7	-1	-1	-1	0
2201	1965	2200	9	-1	-1	-1	0
2046	2276	2045	4	-1	-1	-1	0
2058	2042	2269	1	-1	-1	-1	0
2046	2047	2277	4	-1	-1	-1	0
2202	2203	1967	9	-1	-1	-1	0
2047	2048	2279	4	-1	-1	-1	0
1968	2203	2204	9	-1	-1	-1	0
2205	1969	2204	9	-1	-1	-1	0
2207	1971	2206	9	-1	-1	-1	0
2281	2051	2053	1	-1	-1	-1	0
2054	2051	2281	1	-1	-1	-1	0
2282	2053	2052	4	-1	-1	-1	0
2209	2206	1972	9	-1	-1	-1	0
2205	2211	1973	9	-1	-1	-1	0
2059	2278	2052	4	-1	-1	-1	0
1972	2208	2209	9	-1	-1	-1	0
2212	1977	2201	9	-1	-1	-1	0
1973	2210	2208	9	-1	-1	-1	0
2284	2055	2054	1	-1	-1	-1	0
2211	2210	1973	9	-1	-1	-1	0
2055	2287	2056	1	-1	-1	-1	0
2057	2056	2287	1	-1	-1	-1	0
2207	2216	1981	9	-1	-1	-1	0
2059	2058	2289	1	-1	-1	-1	0
2214	2213	1979	9	-1	-1	-1	0
2215	1981	2217	9	-1	-1	-1	0
2060	2292	2062	1	-1	-1	-1	0
2216	2217	1981	9	-1	-1	-1	0
2076	2175	2163	2	-1	-1	-1	0
2214	1982	2219	9	-1	-1	-1	0
2061	2062	2294	1	-1	-1	-1	0
2063	2061	2293	1	-1	-1	-1	0
2220	1983	2215	9	-1	-1	-1	0
2218	2219	1982	9	-1	-1	-1	0
1983	2220	2218	9	-1	-1	-1	0
2295	2065	2063	1	-1	-1	-1	0
2291	2060	2074	1	-1	-1	-1	0
2297	2064	2065	1	-1	-1	-1	0
2296	2066	2064	9	-1	-1	-1	0
1985	2221	2222	9	-1	-1	-1	0
2222	2223	1986	9	-1	-1	-1	0
2067	2066	2299	9	-1	-1	-1	0
2225	2221	1988	9	-1	-1	-1	0
1988	2224	2226	9	-1	-1	-1	0
2226	2225	1988	9	-1	-1	-1	0
2068	2070	2302	1	-1	-1	-1	0
2301	2073	2068	1	-1	-1	-1	0
2069	2303	2070	1	-1	-1	-1	0
2304	2069	2071	1	-1	-1	-1	0
2228	2227	1994	9	-1	-1	-1	0
2071	2072	2308	0	-1	-1	-1	0
2227	2230	1995	9	-1	-1	-1	0
2057	2288	2108	1	-1	-1	-1	0
1997	2229	2231	9	-1	-1	-1	0
1995	2230	2229	9	-1	-1	-1	0
2073	2311	2075	1	-1	-1	-1	0
2072	2080	2309	0	-1	-1	-1	0
2232	1998	2231	9	-1	-1	-1	0
2076	2312	2074	1	-1	-1	-1	0
2232	2233	1999	9	-1	-1	-1	0
2234	2000	2233	9	-1	-1	-1	0
2078	2077	2315	1	-1	-1	-1	0
2234	2236	2002	9	-1	-1	-1	0
2236	2235	2002	9	-1	-1	-1	0
2078	2317	2079	1	-1	-1	-1	0
2237	2003	2238	4	-1	-1	-1	0
2235	2239	2005	9	-1	-1	-1	0
2081	2319	2080	0	-1	-1	-1	0
2239	2238	2004	4	-1	-1	-1	0
2085	2079	2318	1	-1	-1	-1	0
2083	2320	2081	0	-1	-1	-1	0
2083	2082	2321	1	-1	-1	-1	0
2082	2084	2321	1	-1	-1	-1	0
2241	2006	2240	4	-1	-1	-1	0
2007	2241	2242	4	-1	-1	-1	0
2243	2240	2008	4	-1	-1	-1	0
2085	2323	2084	1	-1	-1	-1	0
2247	2011	2237	4	-1	-1	-1	0
2008	2244	2243	4	-1	-1	-1	0
2324	2087	2086	1	-1	-1	-1	0
2244	2009	2245	4	-1	-1	-1	0
2326	2088	2087	1	-1	-1	-1	0
2011	2247	2246	4	-1	-1	-1	0
2223	2256	2026	9	-1	-1	-1	0
2012	2248	2245	4	-1	-1	-1	0
2248	2013	2246	4	-1	-1	-1	0
2077	2117	2314	1	-1	-1	-1	0
2093	2088	2327	1	-1	-1	-1	0
2255	2228	2025	9	-1	-1	-1	0
2089	2090	2329	1	-1	-1	-1	0
2099	2324	2086	1	-1	-1	-1	0
2091	2330	2090	1	-1	-1	-1	0
2089	2328	2094	1	-1	-1	-1	0
2067	2300	2148	9	-1	-1	-1	0
2333	2091	2092	1	-1	-1	-1	0
2094	2328	2096	1	-1	-1	-1	0
2250	2251	2018	9	-1	-1	-1	0
2092	2093	2334	1	-1	-1	-1	0
2252	2250	2020	9	-1	-1	-1	0
2249	2022	2253	4	-1	-1	-1	0
2253	2021	2251	4	-1	-1	-1	0
2024	2249	2253	4	-1	-1	-1	0
2335	2095	2096	7	-1	-1	-1	0
2335	2097	2095	7	-1	-1	-1	0
2253	2252	2024	4	-1	-1	-1	0
2098	2097	2338	7	-1	-1	-1	0
2025	2254	2255	9	-1	-1	-1	0
2256	2254	2026	9	-1	-1	-1	0
2341	2101	2100	0	-1	-1	-1	0
2102	2341	2100	0	-1	-1	-1	0
2258	2257	2028	9	-1	-1	-1	0
2280	2050	2213	9	-1	-1	-1	0
2258	2030	2259	4	-1	-1	-1	0
2341	2102	2105	0	-1	-1	-1	0
2340	2099	2109	1	-1	-1	-1	0
2259	2031	2260	4	-1	-1	-1	0
2104	2343	2103	0	-1	-1	-1	0
2163	2312	2076	2	-1	-1	-1	0
2106	2103	2343	0	-1	-1	-1	0
2110	2101	2342	0	-1	-1	-1	0
2260	2032	2261	4	-1	-1	-1	0
2050	2280	2224	9	-1	-1	-1	0
2264	2035	2257	1	-1	-1	-1	0
2107	2345	2104	0	-1	-1	-1	0
2346	2105	2106	0	-1	-1	-1	0
2034	2263	2262	1	-1	-1	-1	0
2075	2313	2175	2	-1	-1	-1	0
2264	2265	2036	1	-1	-1	-1	0
2108	2350	2107	0	-1	-1	-1	0
2037	2265	2266	1	-1	-1	-1	0
2267	2263	2038	1	-1	-1	-1	0
2048	2242	2279	4	-1	-1	-1	0
2110	2352	2109	0	-1	-1	-1	0
2267	2038	2266	1	-1	-1	-1	0
2043	2267	2261	4	-1	-1	-1	0
2262	2271	2040	1	-1	-1	-1	0
2112	2353	2111	7	-1	-1	-1	0
2268	2269	2039	1	-1	-1	-1	0
2268	2040	2270	1	-1	-1	-1	0
2111	2353	2115	7	-1	-1	-1	0
2112	2114	2354	7	-1	-1	-1	0
2040	2271	2270	1	-1	-1	-1	0
2339	2146	2098	7	-1	-1	-1	0
2267	2043	2273	4	-1	-1	-1	0
2355	2116	2115	7	-1	-1	-1	0
2043	2272	2273	4	-1	-1	-1	0
2116	2356	2118	7	-1	-1	-1	0
2272	2044	2274	4	-1	-1	-1	0
2274	2044	2275	4	-1	-1	-1	0
2117	2119	2357	1	-1	-1	-1	0
2276	2275	2045	4	-1	-1	-1	0
2359	2120	2118	7	-1	-1	-1	0
2277	2276	2046	4	-1	-1	-1	0
2360	2119	2120	1	-1	-1	-1	0
2047	2278	2277	4	-1	-1	-1	0
2279	2278	2047	4	-1	-1	-1	0
2121	2362	2122	6	-1	-1	-1	0
2114	2139	2354	7	-1	-1	-1	0
2363	2121	2123	0	-1	-1	-1	0
2282	2052	2278	4	-1	-1	-1	0
2126	2122	2365	7	-1	-1	-1	0
2278	2059	2277	4	-1	-1	-1	0
2123	2125	2366	0	-1	-1	-1	0
2281	2053	2283	4	-1	-1	-1	0
2124	2368	2125	0	-1	-1	-1	0
2290	2058	2269	1	-1	-1	-1	0
2283	2053	2282	4	-1	-1	-1	0
2124	2127	2367	0	-1	-1	-1	0
2281	2285	2054	1	-1	-1	-1	0
2284	2054	2285	1	-1	-1	-1	0
2284	2286	2055	1	-1	-1	-1	0
2289	2277	2059	4	-1	-1	-1	0
2128	2372	2127	0	-1	-1	-1	0
2055	2286	2287	1	-1	-1	-1	0
2130	2373	2128	0	-1	-1	-1	0
2339	2147	2146	7	-1	-1	-1	0
2288	2057	2287	1	-1	-1	-1	0
2126	2371	2136	7	-1	-1	-1	0
2129	2131	2374	6	-1	-1	-1	0
2129	2375	2130	0	-1	-1	-1	0
2289	2058	2290	1	-1	-1	-1	0
2131	2132	2377	7	-1	-1	-1	0
2291	2292	2060	1	-1	-1	-1	0
2132	2135	2379	7	-1	-1	-1	0
2294	2293	2061	1	-1	-1	-1	0
2294	2062	2292	1	-1	-1	-1	0
2381	2133	2134	7	-1	-1	-1	0
2135	2133	2380	7	-1	-1	-1	0
2063	2293	2295	1	-1	-1	-1	0
2134	2138	2382	7	-1	-1	-1	0
2064	2297	2296	1	-1	-1	-1	0
2136	2384	2137	7	-1	-1	-1	0
2295	2298	2065	1	-1	-1	-1	0
2065	2298	2297	1	-1	-1	-1	0
2296	2299	2066	9	-1	-1	-1	0
2142	2137	2386	7	-1	-1	-1	0
2300	2067	2299	9	-1	-1	-1	0
2139	2141	2387	7	-1	-1	-1	0
2147	2382	2138	7	-1	-1	-1	0
2141	2140	2388	7	-1	-1	-1	0
2302	2301	2068	1	-1	-1	-1	0
2140	2145	2389	7	-1	-1	-1	0
2143	2142	2391	7	-1	-1	-1	0
2303	2069	2304	1	-1	-1	-1	0
2291	2074	2312	1	-1	-1	-1	0
2305	2302	2070	1	-1	-1	-1	0
2070	2303	2306	1	-1	-1	-1	0
2144	2143	2393	0	-1	-1	-1	0
2306	2305	2070	1	-1	-1	-1	0
2304	2071	2307	0	-1	-1	-1	0
2394	2145	2144	0	-1	-1	-1	0
2073	2301	2311	1	-1	-1	-1	0
2071	2308	2307	0	-1	-1	-1	0
2072	2310	2308	0	-1	-1	-1	0
2310	2072	2309	0	-1	-1	-1	0
2150	2148	2399	9	-1	-1	-1	0
2313	2075	2311	2	-1	-1	-1	0
2400	2149	2150	9	-1	-1	-1	0
2152	2149	2401	9	-1	-1	-1	0
2077	2314	2315	1	-1	-1	-1	0
2151	2152	2403	2	-1	-1	-1	0
2080	2319	2309	0	-1	-1	-1	0
2154	2151	2403	2	-1	-1	-1	0
2078	2315	2316	1	-1	-1	-1	0
2078	2316	2317	1	-1	-1	-1	0
2153	2154	2405	2	-1	-1	-1	0
2155	2153	2406	2	-1	-1	-1	0
2317	2318	2079	1	-1	-1	-1	0
2081	2320	2319	0	-1	-1	-1	0
2408	2157	2156	9	-1	-1	-1	0
2157	2409	2159	9	-1	-1	-1	0
2083	2322	2320	0	-1	-1	-1	0
2406	2164	2155	2	-1	-1	-1	0
2322	2083	2321	0	-1	-1	-1	0
2323	2085	2318	1	-1	-1	-1	0
2410	2158	2160	9	-1	-1	-1	0
2323	2321	2084	1	-1	-1	-1	0
2161	2158	2410	9	-1	-1	-1	0
2159	2411	2160	9	-1	-1	-1	0
2087	2324	2325	1	-1	-1	-1	0
2412	2163	2162	2	-1	-1	-1	0
2087	2325	2326	1	-1	-1	-1	0
2164	2412	2162	2	-1	-1	-1	0
2156	2181	2408	9	-1	-1	-1	0
2326	2327	2088	1	-1	-1	-1	0
2351	2108	2288	1	-1	-1	-1	0
2089	2329	2328	1	-1	-1	-1	0
2169	2413	2165	9	-1	-1	-1	0
2166	2167	2414	2	-1	-1	-1	0
2329	2090	2330	1	-1	-1	-1	0
2170	2166	2414	2	-1	-1	-1	0
2168	2413	2169	2	-1	-1	-1	0
2170	2413	2168	2	-1	-1	-1	0
2330	2091	2331	1	-1	-1	-1	0
2252	2251	2250	4	-1	-1	-1	0
2327	2334	2093	1	-1	-1	-1	0
2332	2331	2091	1	-1	-1	-1	0
2165	2413	2177	9	-1	-1	-1	0
2253	2251	2252	4	-1	-1	-1	0
2091	2333	2332	1	-1	-1	-1	0
2171	2416	2172	2	-1	-1	-1	0
2333	2092	2334	1	-1	-1	-1	0
2337	2096	2328	7	-1	-1	-1	0
2417	2171	2173	2	-1	-1	-1	0
2279	2242	2241	4	-1	-1	-1	0
2340	2324	2099	1	-1	-1	-1	0
2283	2241	2240	4	-1	-1	-1	0
2174	2418	2173	2	-1	-1	-1	0
2161	2410	2196	9	-1	-1	-1	0
2335	2096	2336	7	-1	-1	-1	0
2186	2414	2167	2	-1	-1	-1	0
2415	2176	2177	9	-1	-1	-1	0
2174	2175	2419	2	-1	-1	-1	0
2096	2337	2336	7	-1	-1	-1	0
2416	2184	2172	2	-1	-1	-1	0
2335	2338	2097	7	-1	-1	-1	0
2098	2338	2339	7	-1	-1	-1	0
2186	2176	2415	9	-1	-1	-1	0
2264	2257	2258	4	-1	-1	-1	0
2422	2180	2178	9	-1	-1	-1	0
2259	2264	2258	4	-1	-1	-1	0
2178	2182	2421	9	-1	-1	-1	0
2423	2179	2180	9	-1	-1	-1	0
2179	2423	2181	9	-1	-1	-1	0
2342	2101	2341	0	-1	-1	-1	0
2265	2259	2260	4	-1	-1	-1	0
2266	2260	2261	4	-1	-1	-1	0
2264	2259	2265	4	-1	-1	-1	0
2358	2314	2117	1	-1	-1	-1	0
2266	2265	2260	4	-1	-1	-1	0
2104	2344	2343	0	-1	-1	-1	0
2427	2182	2183	9	-1	-1	-1	0
2341	2105	2346	0	-1	-1	-1	0
2104	2345	2344	0	-1	-1	-1	0
2267	2266	2261	4	-1	-1	-1	0
2183	2185	2428	2	-1	-1	-1	0
2347	2106	2343	0	-1	-1	-1	0
2185	2184	2430	2	-1	-1	-1	0
2346	2106	2349	0	-1	-1	-1	0
2109	2352	2340	0	-1	-1	-1	0
2106	2347	2348	0	-1	-1	-1	0
2279	2241	2282	4	-1	-1	-1	0
2345	2107	2350	0	-1	-1	-1	0
2273	2263	2267	1	-1	-1	-1	0
2349	2106	2348	0	-1	-1	-1	0
2352	2110	2342	0	-1	-1	-1	0
2282	2241	2283	4	-1	-1	-1	0
2187	2188	2434	9	-1	-1	-1	0
2350	2108	2351	0	-1	-1	-1	0
2190	2189	2435	9	-1	-1	-1	0
2434	2188	2193	9	-1	-1	-1	0
2189	2191	2435	9	-1	-1	-1	0
2354	2353	2112	7	-1	-1	-1	0
2433	2199	2187	9	-1	-1	-1	0
2190	2436	2194	9	-1	-1	-1	0
2191	2192	2438	9	-1	-1	-1	0
2115	2353	2355	7	-1	-1	-1	0
2439	2193	2194	9	-1	-1	-1	0
2197	2438	2192	9	-1	-1	-1	0
2356	2116	2355	7	-1	-1	-1	0
2269	2268	2290	1	-1	-1	-1	0
2441	2195	2196	9	-1	-1	-1	0
2117	2357	2358	1	-1	-1	-1	0
2118	2356	2359	7	-1	-1	-1	0
2195	2441	2197	9	-1	-1	-1	0
2360	2357	2119	1	-1	-1	-1	0
2279	2282	2278	4	-1	-1	-1	0
2120	2359	2361	7	-1	-1	-1	0
2120	2361	2360	7	-1	-1	-1	0
2444	2198	2199	9	-1	-1	-1	0
2289	2276	2277	4	-1	-1	-1	0
2200	2198	2445	9	-1	-1	-1	0
2362	2121	2363	0	-1	-1	-1	0
2300	2399	2148	9	-1	-1	-1	0
2122	2362	2364	6	-1	-1	-1	0
2200	2448	2201	9	-1	-1	-1	0
2364	2365	2122	6	-1	-1	-1	0
2363	2123	2366	0	-1	-1	-1	0
2202	2450	2203	9	-1	-1	-1	0
2450	2204	2203	9	-1	-1	-1	0
2368	2124	2367	0	-1	-1	-1	0
2451	2205	2204	9	-1	-1	-1	0
2125	2369	2366	0	-1	-1	-1	0
2212	2201	2449	9	-1	-1	-1	0
2371	2126	2365	7	-1	-1	-1	0
2370	2125	2368	0	-1	-1	-1	0
2370	2369	2125	0	-1	-1	-1	0
2207	2206	2452	9	-1	-1	-1	0
2367	2127	2372	0	-1	-1	-1	0
2205	2451	2211	9	-1	-1	-1	0
2206	2209	2452	9	-1	-1	-1	0
2209	2208	2455	9	-1	-1	-1	0
2455	2208	2210	9	-1	-1	-1	0
2373	2372	2128	0	-1	-1	-1	0
2454	2216	2207	9	-1	-1	-1	0
2374	2375	2129	0	-1	-1	-1	0
2373	2130	2376	0	-1	-1	-1	0
2130	2375	2376	0	-1	-1	-1	0
2139	2387	2354	7	-1	-1	-1	0
2131	2378	2374	6	-1	-1	-1	0
2147	2339	2398	7	-1	-1	-1	0
2458	2213	2214	9	-1	-1	-1	0
2131	2377	2378	6	-1	-1	-1	0
2163	2412	2312	2	-1	-1	-1	0
2371	2385	2136	7	-1	-1	-1	0
2132	2379	2377	7	-1	-1	-1	0
2214	2219	2459	9	-1	-1	-1	0
2217	2460	2215	9	-1	-1	-1	0
2217	2216	2461	9	-1	-1	-1	0
2380	2133	2381	7	-1	-1	-1	0
2460	2220	2215	9	-1	-1	-1	0
2382	2381	2134	7	-1	-1	-1	0
2379	2135	2383	7	-1	-1	-1	0
2383	2135	2380	7	-1	-1	-1	0
2218	2462	2219	9	-1	-1	-1	0
2463	2218	2220	9	-1	-1	-1	0
2385	2384	2136	7	-1	-1	-1	0
2419	2175	2313	2	-1	-1	-1	0
2137	2384	2386	7	-1	-1	-1	0
2221	2225	2465	9	-1	-1	-1	0
2222	2221	2465	9	-1	-1	-1	0
2467	2226	2224	9	-1	-1	-1	0
2222	2466	2223	9	-1	-1	-1	0
2388	2140	2389	7	-1	-1	-1	0
2387	2141	2390	7	-1	-1	-1	0
2226	2468	2225	9	-1	-1	-1	0
2142	2386	2391	7	-1	-1	-1	0
2390	2141	2388	7	-1	-1	-1	0
2227	2228	2471	9	-1	-1	-1	0
2143	2391	2392	0	-1	-1	-1	0
2147	2397	2382	7	-1	-1	-1	0
2227	2471	2230	9	-1	-1	-1	0
2393	2143	2392	0	-1	-1	-1	0
2396	2389	2145	0	-1	-1	-1	0
2393	2395	2144	0	-1	-1	-1	0
2230	2473	2229	9	-1	-1	-1	0
2394	2144	2395	0	-1	-1	-1	0
2229	2473	2231	9	-1	-1	-1	0
2394	2396	2145	0	-1	-1	-1	0
2231	2475	2232	9	-1	-1	-1	0
2232	2476	2233	9	-1	-1	-1	0
2397	2147	2398	7	-1	-1	-1	0
2466	2256	2223	9	-1	-1	-1	0
2233	2478	2234	9	-1	-1	-1	0
2234	2479	2236	9	-1	-1	-1	0
2401	2149	2400	9	-1	-1	-1	0
2399	2402	2150	9	-1	-1	-1	0
2213	2458	2280	9	-1	-1	-1	0
2402	2400	2150	9	-1	-1	-1	0
2235	2236	2481	9	-1	-1	-1	0
2239	2235	2480	9	-1	-1	-1	0
2228	2255	2472	9	-1	-1	-1	0
2152	2401	2404	2	-1	-1	-1	0
2404	2403	2152	2	-1	-1	-1	0
2485	2237	2238	4	-1	-1	-1	0
2405	2406	2153	2	-1	-1	-1	0
2238	2239	2487	4	-1	-1	-1	0
2154	2403	2407	2	-1	-1	-1	0
2407	2405	2154	2	-1	-1	-1	0
2247	2237	2484	4	-1	-1	-1	0
2488	2240	2243	4	-1	-1	-1	0
2280	2467	2224	9	-1	-1	-1	0
2157	2408	2409	9	-1	-1	-1	0
2243	2244	2489	4	-1	-1	-1	0
2411	2159	2409	9	-1	-1	-1	0
2492	2244	2245	4	-1	-1	-1	0
2410	2160	2411	9	-1	-1	-1	0
2164	2406	2412	2	-1	-1	-1	0
2493	2245	2248	4	-1	-1	-1	0
2494	2246	2247	4	-1	-1	-1	0
2246	2494	2248	4	-1	-1	-1	0
2329	2337	2328	7	-1	-1	-1	0
2415	2413	2170	2	-1	-1	-1	0
2414	2415	2170	2	-1	-1	-1	0
2417	2416	2171	2	-1	-1	-1	0
2415	2177	2413	9	-1	-1	-1	0
2497	2255	2254	9	-1	-1	-1	0
2256	2496	2254	9	-1	-1	-1	0
2418	2417	2173	2	-1	-1	-1	0
2335	2336	2338	7	-1	-1	-1	0
2488	2283	2240	4	-1	-1	-1	0
2418	2174	2419	2	-1	-1	-1	0
2408	2181	2425	9	-1	-1	-1	0
2415	2414	2186	2	-1	-1	-1	0
2421	2420	2178	9	-1	-1	-1	0
2422	2178	2420	9	-1	-1	-1	0
2263	2500	2262	1	-1	-1	-1	0
2424	2180	2422	9	-1	-1	-1	0
2180	2424	2423	9	-1	-1	-1	0
2416	2429	2184	2	-1	-1	-1	0
2182	2427	2421	9	-1	-1	-1	0
2426	2181	2423	9	-1	-1	-1	0
2181	2426	2425	9	-1	-1	-1	0
2500	2271	2262	1	-1	-1	-1	0
2263	2273	2500	1	-1	-1	-1	0
2183	2428	2427	2	-1	-1	-1	0
2501	2268	2270	1	-1	-1	-1	0
2429	2430	2184	2	-1	-1	-1	0
2271	2502	2270	1	-1	-1	-1	0
2185	2431	2428	2	-1	-1	-1	0
2430	2431	2185	2	-1	-1	-1	0
2442	2196	2410	9	-1	-1	-1	0
2504	2273	2272	4	-1	-1	-1	0
2504	2272	2274	4	-1	-1	-1	0
2187	2432	2433	9	-1	-1	-1	0
2434	2432	2187	9	-1	-1	-1	0
2505	2274	2275	4	-1	-1	-1	0
2275	2276	2506	4	-1	-1	-1	0
2268	2501	2290	1	-1	-1	-1	0
2435	2436	2190	9	-1	-1	-1	0
2354	2355	2353	7	-1	-1	-1	0
2435	2191	2437	9	-1	-1	-1	0
2437	2191	2438	9	-1	-1	-1	0
2439	2434	2193	9	-1	-1	-1	0
2436	2440	2194	9	-1	-1	-1	0
2283	2508	2281	4	-1	-1	-1	0
2507	2276	2289	4	-1	-1	-1	0
2440	2439	2194	9	-1	-1	-1	0
2508	2285	2281	4	-1	-1	-1	0
2284	2285	2509	1	-1	-1	-1	0
2438	2197	2443	9	-1	-1	-1	0
2442	2441	2196	9	-1	-1	-1	0
2199	2433	2447	9	-1	-1	-1	0
2284	2510	2286	1	-1	-1	-1	0
2443	2197	2441	9	-1	-1	-1	0
2286	2513	2287	1	-1	-1	-1	0
2507	2289	2290	1	-1	-1	-1	0
2444	2445	2198	9	-1	-1	-1	0
2287	2514	2288	1	-1	-1	-1	0
2446	2444	2199	9	-1	-1	-1	0
2199	2447	2446	9	-1	-1	-1	0
2445	2448	2200	9	-1	-1	-1	0
2449	2201	2448	9	-1	-1	-1	0
2291	2516	2292	1	-1	-1	-1	0
2292	2518	2294	1	-1	-1	-1	0
2204	2450	2451	9	-1	-1	-1	0
2293	2294	2519	1	-1	-1	-1	0
2295	2293	2519	1	-1	-1	-1	0
2452	2453	2207	9	-1	-1	-1	0
2520	2298	2295	1	-1	-1	-1	0
2207	2453	2454	9	-1	-1	-1	0
2522	2296	2297	1	-1	-1	-1	0
2521	2299	2296	9	-1	-1	-1	0
2297	2298	2523	1	-1	-1	-1	0
2209	2457	2452	9	-1	-1	-1	0
2312	2515	2291	1	-1	-1	-1	0
2209	2455	2456	9	-1	-1	-1	0
2209	2456	2457	9	-1	-1	-1	0
2525	2300	2299	9	-1	-1	-1	0
2526	2301	2302	1	-1	-1	-1	0
2461	2216	2454	9	-1	-1	-1	0
2214	2459	2458	9	-1	-1	-1	0
2527	2302	2305	1	-1	-1	-1	0
2303	2304	2528	1	-1	-1	-1	0
2528	2306	2303	1	-1	-1	-1	0
2460	2217	2461	9	-1	-1	-1	0
2526	2311	2301	1	-1	-1	-1	0
2304	2307	2529	0	-1	-1	-1	0
2305	2306	2530	1	-1	-1	-1	0
2464	2459	2219	9	-1	-1	-1	0
2463	2220	2460	9	-1	-1	-1	0
2462	2218	2463	9	-1	-1	-1	0
2464	2219	2462	9	-1	-1	-1	0
2534	2307	2308	0	-1	-1	-1	0
2310	2535	2308	0	-1	-1	-1	0
2288	2514	2351	1	-1	-1	-1	0
2222	2465	2466	9	-1	-1	-1	0
2310	2309	2536	0	-1	-1	-1	0
2225	2469	2465	9	-1	-1	-1	0
2225	2468	2469	9	-1	-1	-1	0
2226	2467	2470	9	-1	-1	-1	0
2539	2313	2311	2	-1	-1	-1	0
2468	2226	2470	9	-1	-1	-1	0
2309	2319	2536	0	-1	-1	-1	0
2315	2314	2540	1	-1	-1	-1	0
2228	2472	2471	9	-1	-1	-1	0
2315	2541	2316	1	-1	-1	-1	0
2471	2474	2230	9	-1	-1	-1	0
2317	2316	2543	1	-1	-1	-1	0
2473	2230	2474	9	-1	-1	-1	0
2231	2473	2475	9	-1	-1	-1	0
2544	2318	2317	1	-1	-1	-1	0
2475	2477	2232	9	-1	-1	-1	0
2545	2319	2320	0	-1	-1	-1	0
2232	2477	2476	9	-1	-1	-1	0
2323	2318	2544	1	-1	-1	-1	0
2233	2476	2478	9	-1	-1	-1	0
2320	2322	2546	0	-1	-1	-1	0
2547	2322	2321	0	-1	-1	-1	0
2547	2321	2323	0	-1	-1	-1	0
2479	2234	2478	9	-1	-1	-1	0
2480	2235	2482	9	-1	-1	-1	0
2479	2483	2236	9	-1	-1	-1	0
2235	2481	2482	9	-1	-1	-1	0
2325	2324	2550	1	-1	-1	-1	0
2483	2481	2236	9	-1	-1	-1	0
2326	2325	2551	1	-1	-1	-1	0
2280	2458	2467	9	-1	-1	-1	0
2485	2484	2237	4	-1	-1	-1	0
2487	2239	2480	4	-1	-1	-1	0
2327	2326	2553	1	-1	-1	-1	0
2238	2486	2485	4	-1	-1	-1	0
2487	2486	2238	4	-1	-1	-1	0
2540	2314	2358	1	-1	-1	-1	0
2404	2407	2403	2	-1	-1	-1	0
2550	2324	2340	1	-1	-1	-1	0
2329	2330	2556	7	-1	-1	-1	0
2334	2327	2555	1	-1	-1	-1	0
2330	2331	2557	7	-1	-1	-1	0
2256	2466	2499	9	-1	-1	-1	0
2490	2488	2243	4	-1	-1	-1	0
2332	2558	2331	7	-1	-1	-1	0
2337	2329	2556	7	-1	-1	-1	0
2243	2489	2490	4	-1	-1	-1	0
2491	2489	2244	4	-1	-1	-1	0
2399	2300	2525	9	-1	-1	-1	0
2332	2333	2560	1	-1	-1	-1	0
2255	2498	2472	9	-1	-1	-1	0
2495	2247	2484	4	-1	-1	-1	0
2244	2492	2491	4	-1	-1	-1	0
2333	2334	2561	1	-1	-1	-1	0
2245	2493	2492	4	-1	-1	-1	0
2248	2494	2493	4	-1	-1	-1	0
2562	2336	2337	7	-1	-1	-1	0
2247	2495	2494	4	-1	-1	-1	0
2338	2336	2563	7	-1	-1	-1	0
2515	2312	2412	2	-1	-1	-1	0
2338	2563	2339	7	-1	-1	-1	0
2254	2496	2497	9	-1	-1	-1	0
2497	2498	2255	9	-1	-1	-1	0
2342	2341	2568	0	-1	-1	-1	0
2496	2256	2499	9	-1	-1	-1	0
2346	2567	2341	0	-1	-1	-1	0
2343	2344	2570	0	-1	-1	-1	0
2352	2566	2340	0	-1	-1	-1	0
2347	2343	2570	0	-1	-1	-1	0
2571	2344	2345	0	-1	-1	-1	0
2442	2410	2411	9	-1	-1	-1	0
2342	2569	2352	0	-1	-1	-1	0
2350	2572	2345	0	-1	-1	-1	0
2349	2574	2346	0	-1	-1	-1	0
2419	2313	2539	2	-1	-1	-1	0
2576	2348	2347	0	-1	-1	-1	0
2502	2501	2270	1	-1	-1	-1	0
2271	2500	2503	1	-1	-1	-1	0
2349	2348	2578	0	-1	-1	-1	0
2502	2271	2503	1	-1	-1	-1	0
2500	2273	2504	1	-1	-1	-1	0
2508	2283	2488	4	-1	-1	-1	0
2350	2351	2582	0	-1	-1	-1	0
2504	2274	2505	4	-1	-1	-1	0
2506	2505	2275	4	-1	-1	-1	0
2586	2355	2354	7	-1	-1	-1	0
2506	2276	2507	4	-1	-1	-1	0
2356	2355	2586	7	-1	-1	-1	0
2501	2507	2290	1	-1	-1	-1	0
2359	2356	2586	7	-1	-1	-1	0
2358	2357	2587	1	-1	-1	-1	0
2565	2398	2339	7	-1	-1	-1	0
2284	2509	2510	1	-1	-1	-1	0
2285	2508	2511	4	-1	-1	-1	0
2511	2509	2285	4	-1	-1	-1	0
2512	2286	2510	1	-1	-1	-1	0
2360	2588	2357	1	-1	-1	-1	0
2361	2359	2591	7	-1	-1	-1	0
2286	2512	2513	1	-1	-1	-1	0
2592	2360	2361	7	-1	-1	-1	0
2287	2513	2514	1	-1	-1	-1	0
2364	2362	2594	6	-1	-1	-1	0
2595	2362	2363	0	-1	-1	-1	0
2515	2516	2291	1	-1	-1	-1	0
2517	2292	2516	1	-1	-1	-1	0
2366	2596	2363	0	-1	-1	-1	0
2365	2364	2598	6	-1	-1	-1	0
2586	2354	2387	7	-1	-1	-1	0
2517	2518	2292	1	-1	-1	-1	0
2518	2519	2294	1	-1	-1	-1	0
2519	2520	2295	1	-1	-1	-1	0
2365	2599	2371	7	-1	-1	-1	0
2600	2366	2369	0	-1	-1	-1	0
2296	2522	2521	1	-1	-1	-1	0
2604	2368	2367	5	-1	-1	-1	0
2297	2523	2522	1	-1	-1	-1	0
2603	2367	2372	5	-1	-1	-1	0
2298	2520	2524	1	-1	-1	-1	0
2368	2605	2370	5	-1	-1	-1	0
2523	2298	2524	1	-1	-1	-1	0
2521	2525	2299	9	-1	-1	-1	0
2370	2607	2369	0	-1	-1	-1	0
2610	2372	2373	0	-1	-1	-1	0
2302	2527	2526	1	-1	-1	-1	0
2376	2610	2373	0	-1	-1	-1	0
2304	2529	2528	0	-1	-1	-1	0
2612	2375	2374	0	-1	-1	-1	0
2452	2457	2453	9	-1	-1	-1	0
2378	2611	2374	6	-1	-1	-1	0
2527	2305	2531	1	-1	-1	-1	0
2375	2613	2376	0	-1	-1	-1	0
2609	2385	2371	7	-1	-1	-1	0
2305	2530	2531	1	-1	-1	-1	0
2533	2306	2528	1	-1	-1	-1	0
2532	2530	2306	1	-1	-1	-1	0
2529	2307	2534	0	-1	-1	-1	0
2532	2306	2533	1	-1	-1	-1	0
2377	2616	2378	6	-1	-1	-1	0
2617	2377	2379	7	-1	-1	-1	0
2538	2311	2526	1	-1	-1	-1	0
2534	2308	2535	0	-1	-1	-1	0
2619	2379	2383	7	-1	-1	-1	0
2380	2381	2620	7	-1	-1	-1	0
2535	2310	2537	0	-1	-1	-1	0
2537	2310	2536	0	-1	-1	-1	0
2621	2383	2380	7	-1	-1	-1	0
2622	2381	2382	7	-1	-1	-1	0
2311	2538	2539	2	-1	-1	-1	0
2384	2626	2386	7	-1	-1	-1	0
2315	2540	2541	1	-1	-1	-1	0
2385	2627	2384	7	-1	-1	-1	0
2542	2316	2541	1	-1	-1	-1	0
2466	2465	2469	9	-1	-1	-1	0
2319	2545	2536	0	-1	-1	-1	0
2316	2542	2543	1	-1	-1	-1	0
2397	2622	2382	7	-1	-1	-1	0
2317	2543	2544	1	-1	-1	-1	0
2630	2391	2386	7	-1	-1	-1	0
2631	2387	2390	7	-1	-1	-1	0
2389	2632	2388	7	-1	-1	-1	0
2632	2390	2388	7	-1	-1	-1	0
2545	2320	2546	0	-1	-1	-1	0
2548	2546	2322	0	-1	-1	-1	0
2544	2549	2323	0	-1	-1	-1	0
2322	2547	2548	0	-1	-1	-1	0
2396	2633	2389	0	-1	-1	-1	0
2392	2391	2636	0	-1	-1	-1	0
2547	2323	2549	0	-1	-1	-1	0
2393	2392	2637	0	-1	-1	-1	0
2552	2325	2550	1	-1	-1	-1	0
2639	2395	2393	0	-1	-1	-1	0
2325	2552	2551	1	-1	-1	-1	0
2395	2641	2394	0	-1	-1	-1	0
2553	2326	2551	1	-1	-1	-1	0
2640	2396	2394	0	-1	-1	-1	0
2553	2554	2327	1	-1	-1	-1	0
2555	2327	2554	1	-1	-1	-1	0
2644	2397	2398	7	-1	-1	-1	0
2330	2557	2556	7	-1	-1	-1	0
2558	2557	2331	7	-1	-1	-1	0
2399	2647	2402	9	-1	-1	-1	0
2514	2584	2351	1	-1	-1	-1	0
2648	2401	2400	9	-1	-1	-1	0
2558	2332	2559	7	-1	-1	-1	0
2402	2648	2400	9	-1	-1	-1	0
2555	2561	2334	1	-1	-1	-1	0
2559	2332	2560	7	-1	-1	-1	0
2560	2333	2561	1	-1	-1	-1	0
2404	2401	2649	2	-1	-1	-1	0
2566	2550	2340	0	-1	-1	-1	0
2337	2556	2564	7	-1	-1	-1	0
2562	2563	2336	7	-1	-1	-1	0
2404	2651	2407	2	-1	-1	-1	0
2562	2337	2564	7	-1	-1	-1	0
2405	2407	2652	2	-1	-1	-1	0
2406	2405	2653	2	-1	-1	-1	0
2565	2339	2563	7	-1	-1	-1	0
2408	2655	2409	9	-1	-1	-1	0
2412	2406	2654	2	-1	-1	-1	0
2567	2568	2341	0	-1	-1	-1	0
2409	2657	2411	9	-1	-1	-1	0
2569	2342	2568	0	-1	-1	-1	0
2344	2571	2570	0	-1	-1	-1	0
2573	2567	2346	0	-1	-1	-1	0
2540	2358	2589	1	-1	-1	-1	0
2345	2572	2571	0	-1	-1	-1	0
2511	2488	2490	4	-1	-1	-1	0
2408	2425	2656	9	-1	-1	-1	0
2347	2570	2575	0	-1	-1	-1	0
2574	2573	2346	0	-1	-1	-1	0
2660	2416	2417	2	-1	-1	-1	0
2418	2661	2417	2	-1	-1	-1	0
2347	2575	2576	0	-1	-1	-1	0
2418	2419	2662	2	-1	-1	-1	0
2577	2348	2576	0	-1	-1	-1	0
2574	2349	2579	0	-1	-1	-1	0
2581	2572	2350	0	-1	-1	-1	0
2352	2585	2566	0	-1	-1	-1	0
2577	2578	2348	0	-1	-1	-1	0
2422	2420	2663	9	-1	-1	-1	0
2664	2420	2421	9	-1	-1	-1	0
2660	2429	2416	2	-1	-1	-1	0
2585	2352	2569	0	-1	-1	-1	0
2504	2503	2500	1	-1	-1	-1	0
2488	2511	2508	4	-1	-1	-1	0
2580	2349	2578	0	-1	-1	-1	0
2579	2349	2580	0	-1	-1	-1	0
2506	2501	2502	1	-1	-1	-1	0
2502	2503	2505	1	-1	-1	-1	0
2505	2503	2504	1	-1	-1	-1	0
2442	2411	2659	9	-1	-1	-1	0
2424	2422	2666	9	-1	-1	-1	0
2582	2581	2350	0	-1	-1	-1	0
2665	2421	2427	9	-1	-1	-1	0
2502	2505	2506	1	-1	-1	-1	0
2501	2506	2507	1	-1	-1	-1	0
2423	2424	2668	9	-1	-1	-1	0
2351	2583	2582	0	-1	-1	-1	0
2423	2668	2426	9	-1	-1	-1	0
2583	2351	2584	1	-1	-1	-1	0
2669	2425	2426	9	-1	-1	-1	0
2671	2427	2428	2	-1	-1	-1	0
2431	2672	2428	2	-1	-1	-1	0
2588	2587	2357	1	-1	-1	-1	0
2674	2430	2429	2	-1	-1	-1	0
2590	2358	2587	1	-1	-1	-1	0
2591	2359	2586	7	-1	-1	-1	0
2675	2431	2430	2	-1	-1	-1	0
2590	2589	2358	1	-1	-1	-1	0
2588	2360	2592	7	-1	-1	-1	0
2432	2678	2433	9	-1	-1	-1	0
2679	2432	2434	9	-1	-1	-1	0
2361	2591	2593	7	-1	-1	-1	0
2593	2592	2361	7	-1	-1	-1	0
2594	2362	2595	0	-1	-1	-1	0
2436	2435	2682	9	-1	-1	-1	0
2437	2682	2435	9	-1	-1	-1	0
2681	2434	2439	9	-1	-1	-1	0
2596	2595	2363	0	-1	-1	-1	0
2594	2597	2364	6	-1	-1	-1	0
2364	2597	2598	6	-1	-1	-1	0
2440	2436	2683	9	-1	-1	-1	0
2684	2437	2438	9	-1	-1	-1	0
2680	2447	2433	9	-1	-1	-1	0
2599	2365	2598	6	-1	-1	-1	0
2366	2602	2596	0	-1	-1	-1	0
2439	2440	2687	9	-1	-1	-1	0
2438	2443	2686	9	-1	-1	-1	0
2601	2366	2600	0	-1	-1	-1	0
2366	2601	2602	0	-1	-1	-1	0
2647	2399	2525	9	-1	-1	-1	0
2689	2443	2441	9	-1	-1	-1	0
2442	2690	2441	9	-1	-1	-1	0
2367	2603	2604	5	-1	-1	-1	0
2600	2369	2607	0	-1	-1	-1	0
2368	2604	2606	5	-1	-1	-1	0
2599	2609	2371	7	-1	-1	-1	0
2606	2605	2368	5	-1	-1	-1	0
2445	2444	2692	9	-1	-1	-1	0
2412	2654	2515	2	-1	-1	-1	0
2692	2444	2446	9	-1	-1	-1	0
2605	2608	2370	5	-1	-1	-1	0
2370	2608	2607	5	-1	-1	-1	0
2610	2603	2372	5	-1	-1	-1	0
2445	2693	2448	9	-1	-1	-1	0
2446	2447	2696	9	-1	-1	-1	0
2449	2448	2693	9	-1	-1	-1	0
2526	2527	2538	1	-1	-1	-1	0
2374	2611	2612	0	-1	-1	-1	0
2613	2375	2612	0	-1	-1	-1	0
2615	2610	2376	0	-1	-1	-1	0
2614	2376	2613	0	-1	-1	-1	0
2631	2586	2387	7	-1	-1	-1	0
2615	2376	2614	0	-1	-1	-1	0
2618	2611	2378	6	-1	-1	-1	0
2454	2453	2701	9	-1	-1	-1	0
2699	2453	2457	9	-1	-1	-1	0
2565	2646	2398	7	-1	-1	-1	0
2377	2617	2616	6	-1	-1	-1	0
2584	2514	2513	1	-1	-1	-1	0
2378	2616	2618	6	-1	-1	-1	0
2456	2699	2457	9	-1	-1	-1	0
2619	2617	2379	7	-1	-1	-1	0
2703	2461	2454	9	-1	-1	-1	0
2419	2539	2662	2	-1	-1	-1	0
2704	2458	2459	9	-1	-1	-1	0
2380	2620	2621	7	-1	-1	-1	0
2628	2385	2609	7	-1	-1	-1	0
2623	2620	2381	7	-1	-1	-1	0
2619	2383	2624	7	-1	-1	-1	0
2622	2623	2381	7	-1	-1	-1	0
2460	2461	2706	9	-1	-1	-1	0
2464	2705	2459	9	-1	-1	-1	0
2458	2704	2467	9	-1	-1	-1	0
2625	2383	2621	7	-1	-1	-1	0
2706	2463	2460	9	-1	-1	-1	0
2383	2625	2624	7	-1	-1	-1	0
2463	2708	2462	9	-1	-1	-1	0
2462	2709	2464	9	-1	-1	-1	0
2549	2544	2543	0	-1	-1	-1	0
2626	2384	2627	7	-1	-1	-1	0
2627	2385	2629	7	-1	-1	-1	0
2467	2704	2470	9	-1	-1	-1	0
2385	2628	2629	7	-1	-1	-1	0
2630	2386	2626	7	-1	-1	-1	0
2713	2466	2469	9	-1	-1	-1	0
2468	2715	2469	9	-1	-1	-1	0
2715	2468	2470	9	-1	-1	-1	0
2633	2632	2389	0	-1	-1	-1	0
2390	2635	2631	7	-1	-1	-1	0
2390	2632	2634	7	-1	-1	-1	0
2636	2391	2630	0	-1	-1	-1	0
2390	2634	2635	7	-1	-1	-1	0
2719	2471	2472	9	-1	-1	-1	0
2622	2397	2645	7	-1	-1	-1	0
2719	2474	2471	9	-1	-1	-1	0
2637	2392	2636	0	-1	-1	-1	0
2638	2393	2637	0	-1	-1	-1	0
2473	2474	2721	9	-1	-1	-1	0
2721	2475	2473	9	-1	-1	-1	0
2638	2639	2393	0	-1	-1	-1	0
2643	2633	2396	0	-1	-1	-1	0
2640	2394	2641	0	-1	-1	-1	0
2724	2477	2475	9	-1	-1	-1	0
2395	2639	2642	0	-1	-1	-1	0
2725	2476	2477	9	-1	-1	-1	0
2395	2642	2641	0	-1	-1	-1	0
2499	2466	2714	9	-1	-1	-1	0
2476	2725	2478	9	-1	-1	-1	0
2396	2640	2643	0	-1	-1	-1	0
2727	2479	2478	9	-1	-1	-1	0
2515	2654	2516	1	-1	-1	-1	0
2645	2397	2644	7	-1	-1	-1	0
2654	2517	2516	1	-1	-1	-1	0
2646	2644	2398	7	-1	-1	-1	0
2483	2479	2727	9	-1	-1	-1	0
2472	2498	2720	9	-1	-1	-1	0
2729	2480	2482	4	-1	-1	-1	0
2483	2730	2481	9	-1	-1	-1	0
2482	2481	2731	9	-1	-1	-1	0
2729	2487	2480	4	-1	-1	-1	0
2401	2648	2649	2	-1	-1	-1	0
2650	2402	2647	9	-1	-1	-1	0
2402	2650	2648	9	-1	-1	-1	0
2404	2649	2651	2	-1	-1	-1	0
2485	2737	2484	4	-1	-1	-1	0
2486	2738	2485	4	-1	-1	-1	0
2407	2651	2652	2	-1	-1	-1	0
2652	2653	2405	2	-1	-1	-1	0
2486	2487	2739	4	-1	-1	-1	0
2653	2654	2406	2	-1	-1	-1	0
2536	2642	2537	0	-1	-1	-1	0
2484	2736	2495	4	-1	-1	-1	0
2655	2408	2656	9	-1	-1	-1	0
2655	2658	2409	9	-1	-1	-1	0
2491	2742	2489	4	-1	-1	-1	0
2743	2490	2489	4	-1	-1	-1	0
2545	2642	2536	0	-1	-1	-1	0
2658	2657	2409	9	-1	-1	-1	0
2659	2411	2657	9	-1	-1	-1	0
2746	2491	2492	4	-1	-1	-1	0
2748	2492	2493	4	-1	-1	-1	0
2749	2493	2494	4	-1	-1	-1	0
2494	2495	2749	4	-1	-1	-1	0
2661	2660	2417	2	-1	-1	-1	0
2661	2418	2662	2	-1	-1	-1	0
2511	2490	2744	4	-1	-1	-1	0
2752	2497	2496	9	-1	-1	-1	0
2420	2664	2663	9	-1	-1	-1	0
2496	2499	2753	9	-1	-1	-1	0
2498	2497	2755	9	-1	-1	-1	0
2656	2425	2669	9	-1	-1	-1	0
2665	2664	2421	9	-1	-1	-1	0
2422	2663	2667	9	-1	-1	-1	0
2667	2666	2422	9	-1	-1	-1	0
2668	2424	2666	9	-1	-1	-1	0
2660	2673	2429	2	-1	-1	-1	0
2427	2671	2665	2	-1	-1	-1	0
2670	2426	2668	9	-1	-1	-1	0
2509	2511	2744	4	-1	-1	-1	0
2669	2426	2670	9	-1	-1	-1	0
2672	2671	2428	2	-1	-1	-1	0
2756	2510	2509	1	-1	-1	-1	0
2429	2673	2674	2	-1	-1	-1	0
2431	2676	2672	2	-1	-1	-1	0
2674	2675	2430	2	-1	-1	-1	0
2510	2758	2512	1	-1	-1	-1	0
2431	2675	2677	2	-1	-1	-1	0
2431	2677	2676	2	-1	-1	-1	0
2759	2513	2512	1	-1	-1	-1	0
2432	2679	2678	9	-1	-1	-1	0
2659	2690	2442	9	-1	-1	-1	0
2680	2433	2678	9	-1	-1	-1	0
2679	2434	2681	9	-1	-1	-1	0
2517	2761	2518	1	-1	-1	-1	0
2518	2762	2519	1	-1	-1	-1	0
2520	2519	2762	1	-1	-1	-1	0
2682	2683	2436	9	-1	-1	-1	0
2684	2682	2437	9	-1	-1	-1	0
2521	2522	2763	1	-1	-1	-1	0
2762	2524	2520	1	-1	-1	-1	0
2684	2438	2685	9	-1	-1	-1	0
2439	2687	2681	9	-1	-1	-1	0
2591	2586	2631	7	-1	-1	-1	0
2438	2686	2685	9	-1	-1	-1	0
2522	2523	2765	1	-1	-1	-1	0
2525	2521	2764	9	-1	-1	-1	0
2683	2688	2440	9	-1	-1	-1	0
2524	2766	2523	1	-1	-1	-1	0
2440	2688	2687	9	-1	-1	-1	0
2642	2639	2537	0	-1	-1	-1	0
2686	2443	2691	9	-1	-1	-1	0
2690	2689	2441	9	-1	-1	-1	0
2689	2691	2443	9	-1	-1	-1	0
2698	2447	2680	9	-1	-1	-1	0
2529	2768	2528	0	-1	-1	-1	0
2531	2767	2527	1	-1	-1	-1	0
2768	2533	2528	0	-1	-1	-1	0
2695	2445	2692	9	-1	-1	-1	0
2694	2693	2445	9	-1	-1	-1	0
2538	2527	2767	1	-1	-1	-1	0
2530	2771	2531	1	-1	-1	-1	0
2534	2770	2529	0	-1	-1	-1	0
2772	2530	2532	1	-1	-1	-1	0
2694	2445	2695	9	-1	-1	-1	0
2692	2446	2696	9	-1	-1	-1	0
2533	2774	2532	1	-1	-1	-1	0
2697	2696	2447	9	-1	-1	-1	0
2698	2697	2447	9	-1	-1	-1	0
2534	2535	2777	0	-1	-1	-1	0
2778	2535	2537	0	-1	-1	-1	0
2699	2700	2453	9	-1	-1	-1	0
2700	2701	2453	9	-1	-1	-1	0
2539	2538	2779	2	-1	-1	-1	0
2513	2759	2584	1	-1	-1	-1	0
2702	2454	2701	9	-1	-1	-1	0
2703	2454	2702	9	-1	-1	-1	0
2780	2541	2540	1	-1	-1	-1	0
2542	2541	2781	1	-1	-1	-1	0
2705	2704	2459	9	-1	-1	-1	0
2542	2783	2543	0	-1	-1	-1	0
2703	2707	2461	9	-1	-1	-1	0
2461	2707	2706	9	-1	-1	-1	0
2784	2549	2543	0	-1	-1	-1	0
2545	2546	2785	0	-1	-1	-1	0
2546	2548	2785	0	-1	-1	-1	0
2706	2711	2463	9	-1	-1	-1	0
2462	2708	2710	9	-1	-1	-1	0
2710	2709	2462	9	-1	-1	-1	0
2464	2712	2705	9	-1	-1	-1	0
2786	2548	2547	0	-1	-1	-1	0
2463	2711	2708	9	-1	-1	-1	0
2549	2786	2547	0	-1	-1	-1	0
2712	2464	2709	9	-1	-1	-1	0
2737	2576	2575	0	-1	-1	-1	0
2789	2552	2550	0	-1	-1	-1	0
2622	2645	2623	7	-1	-1	-1	0
2790	2551	2552	1	-1	-1	-1	0
2704	2718	2470	9	-1	-1	-1	0
2714	2466	2713	9	-1	-1	-1	0
2551	2790	2553	1	-1	-1	-1	0
2792	2554	2553	1	-1	-1	-1	0
2716	2713	2469	9	-1	-1	-1	0
2716	2469	2715	9	-1	-1	-1	0
2470	2717	2715	9	-1	-1	-1	0
2554	2795	2555	1	-1	-1	-1	0
2566	2789	2550	0	-1	-1	-1	0
2470	2718	2717	9	-1	-1	-1	0
2540	2589	2780	1	-1	-1	-1	0
2556	2557	2797	7	-1	-1	-1	0
2720	2719	2472	9	-1	-1	-1	0
2557	2558	2797	7	-1	-1	-1	0
2796	2561	2555	1	-1	-1	-1	0
2559	2798	2558	7	-1	-1	-1	0
2723	2474	2719	9	-1	-1	-1	0
2474	2722	2721	9	-1	-1	-1	0
2564	2556	2797	7	-1	-1	-1	0
2723	2722	2474	9	-1	-1	-1	0
2560	2800	2559	7	-1	-1	-1	0
2475	2721	2724	9	-1	-1	-1	0
2560	2561	2801	1	-1	-1	-1	0
2726	2477	2724	9	-1	-1	-1	0
2562	2802	2563	7	-1	-1	-1	0
2477	2726	2725	9	-1	-1	-1	0
2562	2564	2802	7	-1	-1	-1	0
2802	2565	2563	7	-1	-1	-1	0
2654	2760	2517	1	-1	-1	-1	0
2728	2478	2725	9	-1	-1	-1	0
2478	2728	2727	9	-1	-1	-1	0
2764	2647	2525	9	-1	-1	-1	0
2568	2567	2805	0	-1	-1	-1	0
2731	2481	2730	9	-1	-1	-1	0
2568	2806	2569	0	-1	-1	-1	0
2732	2729	2482	4	-1	-1	-1	0
2483	2727	2734	9	-1	-1	-1	0
2731	2732	2482	4	-1	-1	-1	0
2573	2805	2567	0	-1	-1	-1	0
2730	2483	2735	9	-1	-1	-1	0
2483	2734	2733	9	-1	-1	-1	0
2809	2570	2571	0	-1	-1	-1	0
2483	2733	2735	9	-1	-1	-1	0
2811	2571	2572	0	-1	-1	-1	0
2778	2537	2639	0	-1	-1	-1	0
2575	2570	2809	0	-1	-1	-1	0
2585	2804	2566	0	-1	-1	-1	0
2484	2737	2736	4	-1	-1	-1	0
2487	2729	2741	4	-1	-1	-1	0
2737	2485	2738	4	-1	-1	-1	0
2814	2573	2574	0	-1	-1	-1	0
2585	2569	2807	0	-1	-1	-1	0
2738	2486	2740	4	-1	-1	-1	0
2740	2486	2739	4	-1	-1	-1	0
2581	2812	2572	0	-1	-1	-1	0
2714	2753	2499	9	-1	-1	-1	0
2487	2741	2739	4	-1	-1	-1	0
2574	2579	2815	0	-1	-1	-1	0
2577	2576	2816	0	-1	-1	-1	0
2577	2817	2578	0	-1	-1	-1	0
2545	2785	2642	0	-1	-1	-1	0
2755	2720	2498	9	-1	-1	-1	0
2742	2743	2489	4	-1	-1	-1	0
2658	2659	2657	9	-1	-1	-1	0
2786	2643	2548	0	-1	-1	-1	0
2490	2743	2744	4	-1	-1	-1	0
2643	2787	2548	0	-1	-1	-1	0
2820	2580	2578	0	-1	-1	-1	0
2745	2742	2491	4	-1	-1	-1	0
2580	2821	2579	0	-1	-1	-1	0
2662	2539	2779	2	-1	-1	-1	0
2495	2736	2751	4	-1	-1	-1	0
2745	2491	2746	4	-1	-1	-1	0
2492	2747	2746	4	-1	-1	-1	0
2824	2581	2582	0	-1	-1	-1	0
2748	2747	2492	4	-1	-1	-1	0
2826	2582	2583	0	-1	-1	-1	0
2750	2748	2493	4	-1	-1	-1	0
2749	2750	2493	4	-1	-1	-1	0
2751	2749	2495	4	-1	-1	-1	0
2584	2828	2583	1	-1	-1	-1	0
2752	2496	2753	9	-1	-1	-1	0
2497	2752	2754	9	-1	-1	-1	0
2829	2587	2588	1	-1	-1	-1	0
2590	2587	2829	1	-1	-1	-1	0
2497	2754	2755	9	-1	-1	-1	0
2744	2756	2509	4	-1	-1	-1	0
2592	2830	2588	7	-1	-1	-1	0
2589	2590	2832	1	-1	-1	-1	0
2646	2565	2803	7	-1	-1	-1	0
2593	2591	2834	7	-1	-1	-1	0
2592	2593	2836	7	-1	-1	-1	0
2510	2756	2757	1	-1	-1	-1	0
2758	2510	2757	1	-1	-1	-1	0
2595	2839	2594	0	-1	-1	-1	0
2759	2512	2758	1	-1	-1	-1	0
2838	2597	2594	6	-1	-1	-1	0
2840	2595	2596	0	-1	-1	-1	0
2841	2598	2597	6	-1	-1	-1	0
2761	2517	2760	1	-1	-1	-1	0
2602	2840	2596	0	-1	-1	-1	0
2842	2599	2598	6	-1	-1	-1	0
2761	2762	2518	1	-1	-1	-1	0
2601	2600	2844	0	-1	-1	-1	0
2524	2762	2761	1	-1	-1	-1	0
2521	2763	2764	1	-1	-1	-1	0
2736	2737	2575	0	-1	-1	-1	0
2602	2601	2846	0	-1	-1	-1	0
2765	2763	2522	1	-1	-1	-1	0
2600	2607	2844	0	-1	-1	-1	0
2599	2843	2609	7	-1	-1	-1	0
2766	2524	2761	1	-1	-1	-1	0
2765	2523	2766	1	-1	-1	-1	0
2849	2604	2603	8	-1	-1	-1	0
2834	2591	2631	7	-1	-1	-1	0
2620	2623	2815	7	-1	-1	-1	0
2610	2848	2603	5	-1	-1	-1	0
2647	2764	2650	9	-1	-1	-1	0
2604	2852	2606	8	-1	-1	-1	0
2620	2821	2621	7	-1	-1	-1	0
2606	2853	2605	5	-1	-1	-1	0
2605	2853	2608	5	-1	-1	-1	0
2769	2768	2529	0	-1	-1	-1	0
2654	2653	2760	2	-1	-1	-1	0
2642	2785	2641	0	-1	-1	-1	0
2641	2787	2640	0	-1	-1	-1	0
2621	2822	2625	7	-1	-1	-1	0
2769	2529	2770	0	-1	-1	-1	0
2643	2640	2787	0	-1	-1	-1	0
2608	2856	2607	5	-1	-1	-1	0
2773	2767	2531	1	-1	-1	-1	0
2771	2530	2772	1	-1	-1	-1	0
2773	2531	2771	1	-1	-1	-1	0
2768	2776	2533	0	-1	-1	-1	0
2775	2772	2532	1	-1	-1	-1	0
2628	2609	2843	7	-1	-1	-1	0
2770	2534	2777	0	-1	-1	-1	0
2532	2774	2775	1	-1	-1	-1	0
2612	2611	2859	0	-1	-1	-1	0
2776	2774	2533	0	-1	-1	-1	0
2610	2615	2858	5	-1	-1	-1	0
2779	2538	2767	2	-1	-1	-1	0
2613	2612	2861	0	-1	-1	-1	0
2860	2611	2618	6	-1	-1	-1	0
2613	2863	2614	0	-1	-1	-1	0
2777	2535	2778	0	-1	-1	-1	0
2615	2614	2864	0	-1	-1	-1	0
2616	2617	2866	6	-1	-1	-1	0
2834	2631	2635	7	-1	-1	-1	0
2541	2780	2781	1	-1	-1	-1	0
2618	2616	2867	6	-1	-1	-1	0
2619	2868	2617	7	-1	-1	-1	0
2542	2781	2782	0	-1	-1	-1	0
2542	2782	2783	0	-1	-1	-1	0
2543	2783	2784	0	-1	-1	-1	0
2624	2868	2619	7	-1	-1	-1	0
2736	2575	2809	0	-1	-1	-1	0
2548	2787	2785	0	-1	-1	-1	0
2872	2624	2625	7	-1	-1	-1	0
2549	2784	2788	0	-1	-1	-1	0
2788	2786	2549	0	-1	-1	-1	0
2627	2876	2626	7	-1	-1	-1	0
2737	2816	2576	0	-1	-1	-1	0
2789	2791	2552	0	-1	-1	-1	0
2630	2626	2877	7	-1	-1	-1	0
2790	2552	2791	0	-1	-1	-1	0
2879	2627	2629	7	-1	-1	-1	0
2793	2553	2790	1	-1	-1	-1	0
2870	2623	2645	7	-1	-1	-1	0
2793	2792	2553	1	-1	-1	-1	0
2628	2881	2629	7	-1	-1	-1	0
2794	2554	2792	1	-1	-1	-1	0
2794	2795	2554	1	-1	-1	-1	0
2555	2795	2796	1	-1	-1	-1	0
2632	2633	2884	0	-1	-1	-1	0
2883	2636	2630	0	-1	-1	-1	0
2634	2632	2884	0	-1	-1	-1	0
2798	2797	2558	7	-1	-1	-1	0
2635	2634	2885	7	-1	-1	-1	0
2799	2798	2559	7	-1	-1	-1	0
2800	2799	2559	7	-1	-1	-1	0
2561	2796	2801	1	-1	-1	-1	0
2566	2804	2789	0	-1	-1	-1	0
2884	2633	2643	0	-1	-1	-1	0
2636	2887	2637	0	-1	-1	-1	0
2800	2560	2801	7	-1	-1	-1	0
2564	2797	2802	7	-1	-1	-1	0
2637	2888	2638	0	-1	-1	-1	0
2639	2638	2889	0	-1	-1	-1	0
2803	2565	2802	7	-1	-1	-1	0
2584	2759	2828	1	-1	-1	-1	0
2645	2644	2890	7	-1	-1	-1	0
2891	2644	2646	7	-1	-1	-1	0
2805	2806	2568	0	-1	-1	-1	0
2808	2569	2806	0	-1	-1	-1	0
2569	2808	2807	0	-1	-1	-1	0
2728	2734	2727	9	-1	-1	-1	0
2648	2893	2649	2	-1	-1	-1	0
2893	2648	2650	2	-1	-1	-1	0
2809	2571	2810	0	-1	-1	-1	0
2805	2573	2813	0	-1	-1	-1	0
2571	2811	2810	0	-1	-1	-1	0
2894	2651	2649	2	-1	-1	-1	0
2812	2811	2572	0	-1	-1	-1	0
2585	2807	2804	0	-1	-1	-1	0
2895	2652	2651	2	-1	-1	-1	0
2780	2589	2831	1	-1	-1	-1	0
2814	2813	2573	0	-1	-1	-1	0
2652	2896	2653	2	-1	-1	-1	0
2729	2732	2741	4	-1	-1	-1	0
2814	2574	2815	0	-1	-1	-1	0
2656	2897	2655	9	-1	-1	-1	0
2898	2658	2655	9	-1	-1	-1	0
2816	2818	2577	0	-1	-1	-1	0
2817	2577	2818	0	-1	-1	-1	0
2785	2787	2641	0	-1	-1	-1	0
2819	2578	2817	0	-1	-1	-1	0
2821	2815	2579	0	-1	-1	-1	0
2900	2659	2658	9	-1	-1	-1	0
2578	2819	2820	0	-1	-1	-1	0
2825	2812	2581	0	-1	-1	-1	0
2661	2902	2660	2	-1	-1	-1	0
2820	2823	2580	0	-1	-1	-1	0
2821	2580	2822	0	-1	-1	-1	0
2656	2669	2899	9	-1	-1	-1	0
2822	2580	2823	0	-1	-1	-1	0
2661	2662	2904	2	-1	-1	-1	0
2581	2824	2825	0	-1	-1	-1	0
2824	2582	2826	0	-1	-1	-1	0
2664	2905	2663	9	-1	-1	-1	0
2664	2665	2906	9	-1	-1	-1	0
2905	2667	2663	9	-1	-1	-1	0
2826	2583	2827	0	-1	-1	-1	0
2660	2903	2673	2	-1	-1	-1	0
2583	2828	2827	1	-1	-1	-1	0
2667	2909	2666	9	-1	-1	-1	0
2665	2671	2908	2	-1	-1	-1	0
2666	2910	2668	9	-1	-1	-1	0
2830	2829	2588	7	-1	-1	-1	0
2670	2668	2910	9	-1	-1	-1	0
2659	2901	2690	9	-1	-1	-1	0
2623	2814	2815	7	-1	-1	-1	0
2590	2829	2833	1	-1	-1	-1	0
2589	2832	2831	1	-1	-1	-1	0
2669	2670	2913	9	-1	-1	-1	0
2590	2833	2832	1	-1	-1	-1	0
2815	2821	2620	7	-1	-1	-1	0
2830	2592	2835	7	-1	-1	-1	0
2671	2672	2915	2	-1	-1	-1	0
2835	2592	2836	7	-1	-1	-1	0
2621	2821	2822	7	-1	-1	-1	0
2593	2834	2837	7	-1	-1	-1	0
2676	2916	2672	2	-1	-1	-1	0
2918	2674	2673	2	-1	-1	-1	0
2837	2836	2593	7	-1	-1	-1	0
2675	2674	2919	2	-1	-1	-1	0
2839	2838	2594	0	-1	-1	-1	0
2920	2677	2675	2	-1	-1	-1	0
2840	2839	2595	0	-1	-1	-1	0
2677	2922	2676	2	-1	-1	-1	0
2841	2597	2838	6	-1	-1	-1	0
2598	2841	2842	6	-1	-1	-1	0
2679	2924	2678	9	-1	-1	-1	0
2678	2925	2680	9	-1	-1	-1	0
2843	2599	2842	6	-1	-1	-1	0
2679	2681	2926	9	-1	-1	-1	0
2602	2847	2840	0	-1	-1	-1	0
2844	2845	2601	0	-1	-1	-1	0
2738	2816	2737	0	-1	-1	-1	0
2846	2601	2845	0	-1	-1	-1	0
2602	2846	2847	0	-1	-1	-1	0
2930	2683	2682	9	-1	-1	-1	0
2818	2738	2740	0	-1	-1	-1	0
2751	2736	2809	0	-1	-1	-1	0
2930	2682	2684	9	-1	-1	-1	0
2929	2681	2687	9	-1	-1	-1	0
2603	2848	2850	8	-1	-1	-1	0
2603	2850	2849	8	-1	-1	-1	0
2698	2680	2925	9	-1	-1	-1	0
2683	2932	2688	9	-1	-1	-1	0
2934	2684	2685	9	-1	-1	-1	0
2604	2849	2851	8	-1	-1	-1	0
2687	2688	2929	9	-1	-1	-1	0
2837	2834	2635	7	-1	-1	-1	0
2685	2686	2935	9	-1	-1	-1	0
2889	2778	2639	0	-1	-1	-1	0
2870	2814	2623	7	-1	-1	-1	0
2852	2604	2851	8	-1	-1	-1	0
2893	2650	2764	1	-1	-1	-1	0
2856	2844	2607	5	-1	-1	-1	0
2653	2896	2760	2	-1	-1	-1	0
2852	2854	2606	8	-1	-1	-1	0
2786	2884	2643	0	-1	-1	-1	0
2686	2691	2936	9	-1	-1	-1	0
2606	2854	2855	8	-1	-1	-1	0
2606	2855	2853	8	-1	-1	-1	0
2610	2858	2848	5	-1	-1	-1	0
2689	2937	2691	9	-1	-1	-1	0
2689	2690	2938	9	-1	-1	-1	0
2857	2608	2853	5	-1	-1	-1	0
2822	2873	2625	7	-1	-1	-1	0
2856	2608	2857	5	-1	-1	-1	0
2692	2941	2695	9	-1	-1	-1	0
2692	2696	2941	9	-1	-1	-1	0
2859	2611	2860	0	-1	-1	-1	0
2695	2942	2694	9	-1	-1	-1	0
2859	2861	2612	0	-1	-1	-1	0
2862	2613	2861	0	-1	-1	-1	0
2696	2697	2943	9	-1	-1	-1	0
2858	2615	2865	5	-1	-1	-1	0
2613	2862	2863	0	-1	-1	-1	0
2892	2646	2803	7	-1	-1	-1	0
2864	2614	2863	0	-1	-1	-1	0
2698	2946	2697	9	-1	-1	-1	0
2864	2865	2615	5	-1	-1	-1	0
2662	2779	2904	2	-1	-1	-1	0
2869	2860	2618	6	-1	-1	-1	0
2701	2700	2948	9	-1	-1	-1	0
2866	2867	2616	6	-1	-1	-1	0
2628	2843	2880	7	-1	-1	-1	0
2701	2948	2702	9	-1	-1	-1	0
2617	2868	2866	6	-1	-1	-1	0
2618	2867	2869	6	-1	-1	-1	0
2949	2703	2702	9	-1	-1	-1	0
2885	2837	2635	7	-1	-1	-1	0
2952	2704	2705	9	-1	-1	-1	0
2707	2703	2951	9	-1	-1	-1	0
2624	2871	2868	7	-1	-1	-1	0
2872	2871	2624	7	-1	-1	-1	0
2707	2954	2706	9	-1	-1	-1	0
2712	2952	2705	9	-1	-1	-1	0
2810	2751	2809	0	-1	-1	-1	0
2953	2711	2706	9	-1	-1	-1	0
2874	2872	2625	7	-1	-1	-1	0
2738	2818	2816	0	-1	-1	-1	0
2955	2710	2708	9	-1	-1	-1	0
2873	2875	2625	7	-1	-1	-1	0
2711	2955	2708	9	-1	-1	-1	0
2875	2874	2625	7	-1	-1	-1	0
2952	2718	2704	9	-1	-1	-1	0
2710	2957	2709	9	-1	-1	-1	0
2956	2712	2709	9	-1	-1	-1	0
2626	2876	2877	7	-1	-1	-1	0
2627	2878	2876	7	-1	-1	-1	0
2879	2878	2627	7	-1	-1	-1	0
2714	2713	2961	9	-1	-1	-1	0
2628	2880	2881	7	-1	-1	-1	0
2877	2883	2630	0	-1	-1	-1	0
2629	2882	2879	7	-1	-1	-1	0
2961	2713	2716	9	-1	-1	-1	0
2882	2629	2881	7	-1	-1	-1	0
2964	2716	2715	9	-1	-1	-1	0
2715	2717	2963	9	-1	-1	-1	0
2965	2717	2718	9	-1	-1	-1	0
2884	2886	2634	0	-1	-1	-1	0
2885	2634	2886	0	-1	-1	-1	0
2890	2870	2645	7	-1	-1	-1	0
2887	2636	2883	0	-1	-1	-1	0
2720	2967	2719	9	-1	-1	-1	0
2723	2719	2967	9	-1	-1	-1	0
2721	2722	2969	9	-1	-1	-1	0
2887	2888	2637	0	-1	-1	-1	0
2969	2724	2721	9	-1	-1	-1	0
2723	2970	2722	9	-1	-1	-1	0
2888	2889	2638	0	-1	-1	-1	0
2760	2896	2761	1	-1	-1	-1	0
2726	2724	2969	9	-1	-1	-1	0
2764	2763	2893	1	-1	-1	-1	0
2763	2765	2894	1	-1	-1	-1	0
2761	2896	2766	1	-1	-1	-1	0
2726	2973	2725	9	-1	-1	-1	0
2890	2644	2891	7	-1	-1	-1	0
2766	2895	2765	1	-1	-1	-1	0
2725	2974	2728	9	-1	-1	-1	0
2646	2892	2891	7	-1	-1	-1	0
2893	2894	2649	2	-1	-1	-1	0
2714	2962	2753	9	-1	-1	-1	0
2734	2728	2976	9	-1	-1	-1	0
2977	2731	2730	9	-1	-1	-1	0
2732	2731	2978	4	-1	-1	-1	0
2895	2651	2894	2	-1	-1	-1	0
2735	2977	2730	9	-1	-1	-1	0
2896	2652	2895	2	-1	-1	-1	0
2755	2968	2720	9	-1	-1	-1	0
2655	2897	2898	9	-1	-1	-1	0
2735	2733	2982	9	-1	-1	-1	0
2983	2733	2734	9	-1	-1	-1	0
2897	2656	2899	9	-1	-1	-1	0
2741	2732	2981	4	-1	-1	-1	0
2658	2898	2900	9	-1	-1	-1	0
2659	2900	2901	9	-1	-1	-1	0
2739	2986	2740	4	-1	-1	-1	0
2902	2903	2660	2	-1	-1	-1	0
2741	2986	2739	4	-1	-1	-1	0
2902	2661	2904	2	-1	-1	-1	0
2989	2743	2742	4	-1	-1	-1	0
2664	2907	2905	9	-1	-1	-1	0
2907	2664	2906	9	-1	-1	-1	0
2742	2745	2990	4	-1	-1	-1	0
2744	2743	2991	4	-1	-1	-1	0
2908	2906	2665	2	-1	-1	-1	0
2913	2899	2669	9	-1	-1	-1	0
2992	2745	2746	4	-1	-1	-1	0
2905	2911	2667	9	-1	-1	-1	0
2666	2909	2910	9	-1	-1	-1	0
2747	2993	2746	4	-1	-1	-1	0
2667	2912	2909	9	-1	-1	-1	0
2748	2994	2747	4	-1	-1	-1	0
2912	2667	2911	9	-1	-1	-1	0
2991	2756	2744	4	-1	-1	-1	0
2910	2914	2670	9	-1	-1	-1	0
2915	2908	2671	2	-1	-1	-1	0
2673	2903	2918	2	-1	-1	-1	0
2750	2996	2748	4	-1	-1	-1	0
2749	2997	2750	4	-1	-1	-1	0
2813	2814	2870	7	-1	-1	-1	0
2749	2751	2997	4	-1	-1	-1	0
2913	2670	2914	9	-1	-1	-1	0
2915	2672	2917	2	-1	-1	-1	0
2999	2752	2753	9	-1	-1	-1	0
2672	2916	2917	2	-1	-1	-1	0
2752	3000	2754	9	-1	-1	-1	0
2755	2754	3001	9	-1	-1	-1	0
2919	2674	2918	2	-1	-1	-1	0
2922	2916	2676	2	-1	-1	-1	0
2919	2921	2675	2	-1	-1	-1	0
2756	3003	2757	1	-1	-1	-1	0
2920	2675	2921	2	-1	-1	-1	0
2822	2823	2873	0	-1	-1	-1	0
3004	2758	2757	1	-1	-1	-1	0
2922	2677	2923	2	-1	-1	-1	0
2920	2923	2677	2	-1	-1	-1	0
3005	2759	2758	1	-1	-1	-1	0
2925	2678	2924	9	-1	-1	-1	0
2690	2901	2938	9	-1	-1	-1	0
2924	2679	2927	9	-1	-1	-1	0
2928	2679	2926	9	-1	-1	-1	0
2679	2928	2927	9	-1	-1	-1	0
2929	2926	2681	9	-1	-1	-1	0
2768	2769	3007	0	-1	-1	-1	0
2683	2930	2931	9	-1	-1	-1	0
2988	2818	2740	0	-1	-1	-1	0
2683	2931	2932	9	-1	-1	-1	0
2773	3006	2767	2	-1	-1	-1	0
2930	2684	2933	9	-1	-1	-1	0
2769	2770	3008	0	-1	-1	-1	0
2929	2688	2932	9	-1	-1	-1	0
2894	2893	2763	1	-1	-1	-1	0
2933	2684	2934	9	-1	-1	-1	0
2776	2768	3007	0	-1	-1	-1	0
2767	3006	2779	2	-1	-1	-1	0
2894	2765	2895	1	-1	-1	-1	0
3011	2771	2772	1	-1	-1	-1	0
2934	2685	2935	9	-1	-1	-1	0
2773	2771	3012	1	-1	-1	-1	0
3010	2770	2777	0	-1	-1	-1	0
2895	2766	2896	1	-1	-1	-1	0
2686	2936	2935	9	-1	-1	-1	0
2751	2810	2997	0	-1	-1	-1	0
2775	3013	2772	1	-1	-1	-1	0
2689	2938	2937	9	-1	-1	-1	0
2855	2857	2853	8	-1	-1	-1	0
2775	2774	3016	1	-1	-1	-1	0
2940	2936	2691	9	-1	-1	-1	0
2774	2776	3017	0	-1	-1	-1	0
2691	2937	2939	9	-1	-1	-1	0
2925	2947	2698	9	-1	-1	-1	0
2939	2940	2691	9	-1	-1	-1	0
2890	2813	2870	7	-1	-1	-1	0
2778	3020	2777	0	-1	-1	-1	0
2941	2942	2695	9	-1	-1	-1	0
2941	2696	2944	9	-1	-1	-1	0
2780	3022	2781	1	-1	-1	-1	0
2696	2943	2944	9	-1	-1	-1	0
2945	2943	2697	9	-1	-1	-1	0
3023	2782	2781	0	-1	-1	-1	0
2946	2945	2697	9	-1	-1	-1	0
3024	2783	2782	0	-1	-1	-1	0
2946	2698	2947	9	-1	-1	-1	0
2828	2759	3005	1	-1	-1	-1	0
2783	3026	2784	0	-1	-1	-1	0
3026	2788	2784	0	-1	-1	-1	0
2948	2949	2702	9	-1	-1	-1	0
2788	3027	2786	0	-1	-1	-1	0
2703	2949	2950	9	-1	-1	-1	0
2703	2950	2951	9	-1	-1	-1	0
2789	3029	2791	0	-1	-1	-1	0
2791	3030	2790	0	-1	-1	-1	0
2707	2951	2954	9	-1	-1	-1	0
2953	2706	2954	9	-1	-1	-1	0
3030	2793	2790	0	-1	-1	-1	0
3032	2792	2793	1	-1	-1	-1	0
2794	2792	3032	1	-1	-1	-1	0
2811	2997	2810	0	-1	-1	-1	0
2955	2711	2953	9	-1	-1	-1	0
2998	2811	2812	0	-1	-1	-1	0
2957	2956	2709	9	-1	-1	-1	0
2804	3029	2789	0	-1	-1	-1	0
2988	2817	2818	0	-1	-1	-1	0
3034	2795	2794	1	-1	-1	-1	0
2988	2819	2817	0	-1	-1	-1	0
2710	2955	2959	9	-1	-1	-1	0
2952	2712	2960	9	-1	-1	-1	0
2958	2957	2710	9	-1	-1	-1	0
2795	3035	2796	1	-1	-1	-1	0
2710	2959	2958	9	-1	-1	-1	0
2956	2960	2712	9	-1	-1	-1	0
2798	3036	2797	7	-1	-1	-1	0
3035	2801	2796	1	-1	-1	-1	0
2831	3022	2780	1	-1	-1	-1	0
3036	2798	2799	7	-1	-1	-1	0
2952	2966	2718	9	-1	-1	-1	0
3037	2802	2797	7	-1	-1	-1	0
2799	2800	3038	7	-1	-1	-1	0
2962	2714	2961	9	-1	-1	-1	0
2961	2716	2964	9	-1	-1	-1	0
2963	2964	2715	9	-1	-1	-1	0
2803	2802	3037	7	-1	-1	-1	0
2800	2801	3041	7	-1	-1	-1	0
2965	2963	2717	9	-1	-1	-1	0
2965	2718	2966	9	-1	-1	-1	0
3042	2804	2807	0	-1	-1	-1	0
2806	2805	3043	0	-1	-1	-1	0
2967	2720	2968	9	-1	-1	-1	0
2808	2806	3044	0	-1	-1	-1	0
2807	2808	3045	0	-1	-1	-1	0
2813	3043	2805	0	-1	-1	-1	0
2970	2969	2722	9	-1	-1	-1	0
2723	2967	2972	9	-1	-1	-1	0
2723	2971	2970	9	-1	-1	-1	0
2972	2971	2723	9	-1	-1	-1	0
2726	2969	2975	9	-1	-1	-1	0
2973	2974	2725	9	-1	-1	-1	0
2726	2975	2973	9	-1	-1	-1	0
2974	2976	2728	9	-1	-1	-1	0
2825	3048	2812	0	-1	-1	-1	0
2978	2731	2977	4	-1	-1	-1	0
3021	2778	2889	0	-1	-1	-1	0
2819	3050	2820	0	-1	-1	-1	0
3006	2904	2779	2	-1	-1	-1	0
2980	2732	2978	4	-1	-1	-1	0
2979	2732	2980	4	-1	-1	-1	0
2981	2732	2979	4	-1	-1	-1	0
2983	2734	2976	9	-1	-1	-1	0
2899	2898	2897	9	-1	-1	-1	0
3052	2823	2820	0	-1	-1	-1	0
3027	2884	2786	0	-1	-1	-1	0
2735	2985	2977	9	-1	-1	-1	0
2983	2982	2733	9	-1	-1	-1	0
2982	2984	2735	9	-1	-1	-1	0
3054	2825	2824	0	-1	-1	-1	0
2826	3054	2824	0	-1	-1	-1	0
2985	2735	2984	9	-1	-1	-1	0
2741	2981	2986	4	-1	-1	-1	0
2827	3058	2826	0	-1	-1	-1	0
2986	2987	2740	0	-1	-1	-1	0
2999	2753	2962	9	-1	-1	-1	0
2828	3060	2827	1	-1	-1	-1	0
2988	2740	2987	0	-1	-1	-1	0
2829	2830	3062	7	-1	-1	-1	0
2990	2989	2742	4	-1	-1	-1	0
2743	2989	2991	4	-1	-1	-1	0
2833	2829	3062	7	-1	-1	-1	0
2968	2755	3002	9	-1	-1	-1	0
3064	2831	2832	1	-1	-1	-1	0
2992	2990	2745	4	-1	-1	-1	0
3063	2830	2835	7	-1	-1	-1	0
3064	2832	2833	1	-1	-1	-1	0
2992	2746	2993	4	-1	-1	-1	0
3037	2892	2803	7	-1	-1	-1	0
2747	2995	2993	4	-1	-1	-1	0
3065	2835	2836	7	-1	-1	-1	0
2994	2995	2747	4	-1	-1	-1	0
2748	2996	2994	4	-1	-1	-1	0
2837	3066	2836	7	-1	-1	-1	0
2996	2750	2998	4	-1	-1	-1	0
2838	2839	3067	0	-1	-1	-1	0
2750	2997	2998	4	-1	-1	-1	0
2890	3043	2813	7	-1	-1	-1	0
3068	2841	2838	6	-1	-1	-1	0
2873	2823	3053	0	-1	-1	-1	0
2839	2840	3070	0	-1	-1	-1	0
2991	3003	2756	4	-1	-1	-1	0
3000	2752	2999	9	-1	-1	-1	0
3000	3001	2754	9	-1	-1	-1	0
2840	2847	3070	0	-1	-1	-1	0
2841	3074	2842	6	-1	-1	-1	0
2755	3001	3002	9	-1	-1	-1	0
2843	2842	3074	6	-1	-1	-1	0
2757	3003	3004	1	-1	-1	-1	0
3075	2845	2844	5	-1	-1	-1	0
2758	3004	3005	1	-1	-1	-1	0
2845	3077	2846	0	-1	-1	-1	0
3078	2847	2846	0	-1	-1	-1	0
2856	3075	2844	5	-1	-1	-1	0
2850	2848	3081	8	-1	-1	-1	0
3082	2849	2850	8	-1	-1	-1	0
2849	3082	2851	8	-1	-1	-1	0
3009	3007	2769	0	-1	-1	-1	0
3008	3009	2769	0	-1	-1	-1	0
3081	2848	2858	8	-1	-1	-1	0
3084	2852	2851	8	-1	-1	-1	0
3066	2837	2885	7	-1	-1	-1	0
2770	3010	3008	0	-1	-1	-1	0
3085	2854	2852	8	-1	-1	-1	0
2771	3011	3012	1	-1	-1	-1	0
3015	3006	2773	2	-1	-1	-1	0
2854	3087	2855	8	-1	-1	-1	0
3014	3011	2772	1	-1	-1	-1	0
2880	2843	3074	6	-1	-1	-1	0
3027	2886	2884	0	-1	-1	-1	0
3014	2772	3013	1	-1	-1	-1	0
2773	3012	3015	2	-1	-1	-1	0
2855	3089	2857	8	-1	-1	-1	0
3019	2776	3007	0	-1	-1	-1	0
3091	2856	2857	5	-1	-1	-1	0
2775	3018	3013	1	-1	-1	-1	0
2997	2811	2998	0	-1	-1	-1	0
2774	3017	3016	0	-1	-1	-1	0
3020	3010	2777	0	-1	-1	-1	0
3016	3018	2775	1	-1	-1	-1	0
3019	3017	2776	0	-1	-1	-1	0
2860	3095	2859	0	-1	-1	-1	0
2859	3094	2861	0	-1	-1	-1	0
2865	3092	2858	5	-1	-1	-1	0
2778	3021	3020	0	-1	-1	-1	0
2861	3097	2862	0	-1	-1	-1	0
2890	2891	3043	7	-1	-1	-1	0
3099	2863	2862	0	-1	-1	-1	0
2869	3096	2860	6	-1	-1	-1	0
3022	3023	2781	0	-1	-1	-1	0
2941	2944	2942	9	-1	-1	-1	0
2863	3101	2864	0	-1	-1	-1	0
2782	3023	3025	0	-1	-1	-1	0
3102	2865	2864	5	-1	-1	-1	0
2782	3025	3024	0	-1	-1	-1	0
2783	3024	3026	0	-1	-1	-1	0
2868	3104	2866	6	-1	-1	-1	0
3105	2867	2866	6	-1	-1	-1	0
2867	3106	2869	6	-1	-1	-1	0
3026	3028	2788	0	-1	-1	-1	0
2868	2871	3104	6	-1	-1	-1	0
3028	3027	2788	0	-1	-1	-1	0
3108	2871	2872	7	-1	-1	-1	0
3031	2791	3029	0	-1	-1	-1	0
2791	3031	3030	0	-1	-1	-1	0
3110	2872	2874	7	-1	-1	-1	0
2793	3030	3033	0	-1	-1	-1	0
2988	3049	2819	0	-1	-1	-1	0
3033	3032	2793	0	-1	-1	-1	0
3048	2998	2812	0	-1	-1	-1	0
2873	3111	2875	7	-1	-1	-1	0
3032	3034	2794	1	-1	-1	-1	0
3112	2874	2875	7	-1	-1	-1	0
3035	2795	3034	1	-1	-1	-1	0
3115	2877	2876	7	-1	-1	-1	0
3115	2876	2878	7	-1	-1	-1	0
3036	3037	2797	7	-1	-1	-1	0
3117	2878	2879	7	-1	-1	-1	0
2799	3039	3036	7	-1	-1	-1	0
2804	3042	3029	0	-1	-1	-1	0
3038	3039	2799	7	-1	-1	-1	0
2883	2877	3116	0	-1	-1	-1	0
3035	3041	2801	7	-1	-1	-1	0
2800	3040	3038	7	-1	-1	-1	0
2952	2960	2966	9	-1	-1	-1	0
3118	2879	2882	7	-1	-1	-1	0
3119	2881	2880	7	-1	-1	-1	0
3041	3040	2800	7	-1	-1	-1	0
3122	2882	2881	7	-1	-1	-1	0
3043	3044	2806	0	-1	-1	-1	0
2887	2883	3123	0	-1	-1	-1	0
2828	3005	3061	1	-1	-1	-1	0
3042	2807	3045	0	-1	-1	-1	0
2886	3124	2885	0	-1	-1	-1	0
2808	3044	3046	0	-1	-1	-1	0
3123	2888	2887	0	-1	-1	-1	0
3045	2808	3047	0	-1	-1	-1	0
2808	3046	3047	0	-1	-1	-1	0
2888	3127	2889	0	-1	-1	-1	0
3128	2891	2892	7	-1	-1	-1	0
2831	3064	3022	1	-1	-1	-1	0
3050	2819	3049	0	-1	-1	-1	0
2820	3050	3051	0	-1	-1	-1	0
2820	3051	3052	0	-1	-1	-1	0
2900	2898	3130	9	-1	-1	-1	0
3048	2825	3055	0	-1	-1	-1	0
3052	3053	2823	0	-1	-1	-1	0
2899	3131	2898	9	-1	-1	-1	0
2901	2900	3134	9	-1	-1	-1	0
3057	2825	3054	0	-1	-1	-1	0
3055	2825	3056	0	-1	-1	-1	0
3058	3054	2826	0	-1	-1	-1	0
2825	3057	3056	0	-1	-1	-1	0
2902	3135	2903	2	-1	-1	-1	0
3027	3028	2886	0	-1	-1	-1	0
2902	2904	3136	2	-1	-1	-1	0
3132	2899	2913	9	-1	-1	-1	0
3059	3058	2827	0	-1	-1	-1	0
2827	3060	3059	1	-1	-1	-1	0
3060	2828	3061	1	-1	-1	-1	0
2905	2907	3139	9	-1	-1	-1	0
2907	2906	3140	9	-1	-1	-1	0
2911	2905	3138	9	-1	-1	-1	0
2981	2987	2986	0	-1	-1	-1	0
3141	2906	2908	2	-1	-1	-1	0
3062	2830	3063	7	-1	-1	-1	0
2903	3137	2918	2	-1	-1	-1	0
3064	2833	3062	0	-1	-1	-1	0
2910	2909	3144	9	-1	-1	-1	0
3065	3063	2835	7	-1	-1	-1	0
2909	2912	3144	9	-1	-1	-1	0
2915	3143	2908	2	-1	-1	-1	0
3066	3065	2836	7	-1	-1	-1	0
2914	2910	3145	9	-1	-1	-1	0
2911	3146	2912	9	-1	-1	-1	0
2938	2901	3134	9	-1	-1	-1	0
3067	3068	2838	0	-1	-1	-1	0
3069	3067	2839	0	-1	-1	-1	0
2917	3143	2915	2	-1	-1	-1	0
3149	2913	2914	9	-1	-1	-1	0
3069	2839	3070	0	-1	-1	-1	0
3071	2841	3068	6	-1	-1	-1	0
2841	3071	3073	6	-1	-1	-1	0
2916	3153	2917	0	-1	-1	-1	0
3073	3072	2841	6	-1	-1	-1	0
2841	3072	3074	6	-1	-1	-1	0
2916	2922	3152	0	-1	-1	-1	0
3155	2919	2918	2	-1	-1	-1	0
2845	3075	3076	5	-1	-1	-1	0
3080	3070	2847	0	-1	-1	-1	0
3157	2921	2919	2	-1	-1	-1	0
3077	2845	3076	5	-1	-1	-1	0
2920	2921	3159	2	-1	-1	-1	0
2846	3077	3078	0	-1	-1	-1	0
3159	2923	2920	2	-1	-1	-1	0
3078	3079	2847	0	-1	-1	-1	0
2923	3161	2922	0	-1	-1	-1	0
2847	3079	3080	0	-1	-1	-1	0
3163	2925	2924	9	-1	-1	-1	0
3163	2924	2927	9	-1	-1	-1	0
3083	2850	3081	8	-1	-1	-1	0
3083	3082	2850	8	-1	-1	-1	0
3084	2851	3082	8	-1	-1	-1	0
3164	2928	2926	9	-1	-1	-1	0
2926	2929	3164	9	-1	-1	-1	0
2928	3165	2927	9	-1	-1	-1	0
2852	3084	3085	8	-1	-1	-1	0
3075	2856	3090	5	-1	-1	-1	0
2929	2932	3164	9	-1	-1	-1	0
2854	3085	3086	8	-1	-1	-1	0
2854	3086	3087	8	-1	-1	-1	0
3087	3088	2855	8	-1	-1	-1	0
2931	2930	3169	9	-1	-1	-1	0
2933	3169	2930	9	-1	-1	-1	0
3089	2855	3088	8	-1	-1	-1	0
2858	3093	3081	8	-1	-1	-1	0
3170	2932	2931	9	-1	-1	-1	0
3163	2947	2925	9	-1	-1	-1	0
2873	3053	3111	0	-1	-1	-1	0
2856	3091	3090	5	-1	-1	-1	0
3127	3021	2889	0	-1	-1	-1	0
3089	3091	2857	8	-1	-1	-1	0
2994	2996	3048	4	-1	-1	-1	0
3124	2886	3028	0	-1	-1	-1	0
2934	3172	2933	9	-1	-1	-1	0
2998	3048	2996	4	-1	-1	-1	0
2935	3173	2934	9	-1	-1	-1	0
3092	3093	2858	8	-1	-1	-1	0
2995	2994	3055	4	-1	-1	-1	0
3173	2935	2936	9	-1	-1	-1	0
3006	3136	2904	2	-1	-1	-1	0
3095	3094	2859	0	-1	-1	-1	0
2940	3174	2936	9	-1	-1	-1	0
2860	3096	3095	0	-1	-1	-1	0
2937	2938	3176	9	-1	-1	-1	0
2861	3094	3097	0	-1	-1	-1	0
3177	2939	2937	9	-1	-1	-1	0
2862	3097	3098	0	-1	-1	-1	0
3178	2940	2939	9	-1	-1	-1	0
3037	3129	2892	7	-1	-1	-1	0
3098	3099	2862	0	-1	-1	-1	0
3092	2865	3103	5	-1	-1	-1	0
3128	3043	2891	7	-1	-1	-1	0
3099	3100	2863	0	-1	-1	-1	0
3101	2863	3100	0	-1	-1	-1	0
3101	3102	2864	5	-1	-1	-1	0
2865	3102	3103	5	-1	-1	-1	0
2946	3179	2945	9	-1	-1	-1	0
3004	3061	3005	1	-1	-1	-1	0
3096	2869	3106	6	-1	-1	-1	0
2947	3180	2946	9	-1	-1	-1	0
3074	3120	2880	6	-1	-1	-1	0
2866	3104	3105	6	-1	-1	-1	0
2885	3124	3066	0	-1	-1	-1	0
3105	3107	2867	6	-1	-1	-1	0
3107	3106	2867	6	-1	-1	-1	0
3182	2951	2950	9	-1	-1	-1	0
3104	2871	3109	6	-1	-1	-1	0
2954	2951	3182	9	-1	-1	-1	0
2871	3108	3109	6	-1	-1	-1	0
2872	3110	3108	7	-1	-1	-1	0
2954	3184	2953	9	-1	-1	-1	0
3185	2955	2953	9	-1	-1	-1	0
2874	3113	3110	7	-1	-1	-1	0
2994	3048	3055	4	-1	-1	-1	0
2955	3185	2959	9	-1	-1	-1	0
3113	2874	3112	7	-1	-1	-1	0
2956	2957	3187	9	-1	-1	-1	0
3111	3114	2875	7	-1	-1	-1	0
3112	2875	3114	7	-1	-1	-1	0
2960	2956	3187	9	-1	-1	-1	0
2958	3188	2957	9	-1	-1	-1	0
3055	3056	2995	4	-1	-1	-1	0
2959	3190	2958	9	-1	-1	-1	0
3115	3116	2877	0	-1	-1	-1	0
2878	3117	3115	7	-1	-1	-1	0
2879	3118	3117	7	-1	-1	-1	0
2961	3193	2962	9	-1	-1	-1	0
2960	3192	2966	9	-1	-1	-1	0
3193	2961	2964	9	-1	-1	-1	0
3119	2880	3120	6	-1	-1	-1	0
2881	3119	3121	7	-1	-1	-1	0
3123	2883	3116	0	-1	-1	-1	0
2964	2963	3195	9	-1	-1	-1	0
3122	3118	2882	7	-1	-1	-1	0
3121	3122	2881	7	-1	-1	-1	0
2963	2965	3196	9	-1	-1	-1	0
3198	2965	2966	9	-1	-1	-1	0
2967	2968	3199	9	-1	-1	-1	0
3123	3125	2888	0	-1	-1	-1	0
3199	2972	2967	9	-1	-1	-1	0
2970	3200	2969	9	-1	-1	-1	0
3125	3126	2888	0	-1	-1	-1	0
3126	3127	2888	0	-1	-1	-1	0
3202	2970	2971	9	-1	-1	-1	0
3200	2975	2969	9	-1	-1	-1	0
3203	2971	2972	9	-1	-1	-1	0
2892	3129	3128	7	-1	-1	-1	0
2973	3205	2974	9	-1	-1	-1	0
2975	3205	2973	9	-1	-1	-1	0
2999	2962	3194	9	-1	-1	-1	0
3206	2976	2974	9	-1	-1	-1	0
3136	3006	3015	2	-1	-1	-1	0
3131	3130	2898	9	-1	-1	-1	0
2899	3132	3131	9	-1	-1	-1	0
3130	3133	2900	9	-1	-1	-1	0
2977	3210	2978	4	-1	-1	-1	0
3134	2900	3133	9	-1	-1	-1	0
2983	2976	3209	9	-1	-1	-1	0
3210	2980	2978	4	-1	-1	-1	0
3002	3199	2968	9	-1	-1	-1	0
3211	2979	2980	4	-1	-1	-1	0
3210	2977	2985	4	-1	-1	-1	0
2979	3213	2981	0	-1	-1	-1	0
3136	3135	2902	2	-1	-1	-1	0
3137	2903	3135	2	-1	-1	-1	0
3010	3162	3008	0	-1	-1	-1	0
2982	2983	3216	9	-1	-1	-1	0
3139	3138	2905	9	-1	-1	-1	0
2981	3215	2987	0	-1	-1	-1	0
2984	2982	3217	9	-1	-1	-1	0
2906	3141	3140	2	-1	-1	-1	0
3139	2907	3142	9	-1	-1	-1	0
2985	2984	3219	9	-1	-1	-1	0
3142	2907	3140	9	-1	-1	-1	0
3010	3020	3161	0	-1	-1	-1	0
3143	3141	2908	2	-1	-1	-1	0
3020	3021	3152	0	-1	-1	-1	0
3146	2911	3138	9	-1	-1	-1	0
3132	2913	3150	9	-1	-1	-1	0
3221	2988	2987	0	-1	-1	-1	0
3144	3145	2910	9	-1	-1	-1	0
3223	2989	2990	4	-1	-1	-1	0
2991	2989	3222	4	-1	-1	-1	0
2912	3147	3144	9	-1	-1	-1	0
3146	3148	2912	9	-1	-1	-1	0
2990	2992	3224	4	-1	-1	-1	0
3147	2912	3148	9	-1	-1	-1	0
3151	2914	3145	9	-1	-1	-1	0
3156	2918	3137	2	-1	-1	-1	0
2992	2993	3226	4	-1	-1	-1	0
3150	2913	3149	9	-1	-1	-1	0
2995	3226	2993	4	-1	-1	-1	0
2914	3151	3149	9	-1	-1	-1	0
3143	2917	3154	0	-1	-1	-1	0
3044	3043	3128	7	-1	-1	-1	0
2991	3222	3003	4	-1	-1	-1	0
3129	3046	3044	7	-1	-1	-1	0
2916	3152	3153	0	-1	-1	-1	0
2917	3153	3154	0	-1	-1	-1	0
3000	2999	3228	9	-1	-1	-1	0
2918	3156	3155	2	-1	-1	-1	0
3000	3229	3001	9	-1	-1	-1	0
2919	3155	3158	2	-1	-1	-1	0
3001	3230	3002	9	-1	-1	-1	0
2919	3158	3157	2	-1	-1	-1	0
3152	2922	3161	0	-1	-1	-1	0
3160	2921	3157	2	-1	-1	-1	0
3004	3003	3232	1	-1	-1	-1	0
2921	3160	3159	2	-1	-1	-1	0
3162	2923	3159	0	-1	-1	-1	0
3162	3161	2923	0	-1	-1	-1	0
3134	3176	2938	9	-1	-1	-1	0
3234	3007	3009	0	-1	-1	-1	0
3009	3008	3235	0	-1	-1	-1	0
3163	2927	3166	9	-1	-1	-1	0
3049	2988	3221	0	-1	-1	-1	0
3166	2927	3165	9	-1	-1	-1	0
3237	3012	3011	1	-1	-1	-1	0
3019	3007	3234	0	-1	-1	-1	0
3164	3168	2928	9	-1	-1	-1	0
2928	3167	3165	9	-1	-1	-1	0
3011	3014	3237	1	-1	-1	-1	0
3167	2928	3168	9	-1	-1	-1	0
3012	3238	3015	2	-1	-1	-1	0
3014	3013	3239	1	-1	-1	-1	0
3074	3072	3120	6	-1	-1	-1	0
2932	3171	3164	9	-1	-1	-1	0
3239	3013	3018	1	-1	-1	-1	0
3170	2931	3169	9	-1	-1	-1	0
3170	3171	2932	9	-1	-1	-1	0
3169	2933	3172	9	-1	-1	-1	0
3016	3017	3242	0	-1	-1	-1	0
3018	3016	3243	1	-1	-1	-1	0
2995	3056	3227	4	-1	-1	-1	0
3173	3172	2934	9	-1	-1	-1	0
3017	3019	3244	0	-1	-1	-1	0
3175	3173	2936	9	-1	-1	-1	0
3174	3175	2936	9	-1	-1	-1	0
2937	3176	3177	9	-1	-1	-1	0
3246	3023	3022	0	-1	-1	-1	0
3163	3181	2947	9	-1	-1	-1	0
3178	3174	2940	9	-1	-1	-1	0
3178	2939	3177	9	-1	-1	-1	0
3023	3247	3025	0	-1	-1	-1	0
3024	3025	3248	0	-1	-1	-1	0
3004	3232	3061	1	-1	-1	-1	0
3026	3024	3248	0	-1	-1	-1	0
3021	3127	3153	0	-1	-1	-1	0
3128	3129	3044	7	-1	-1	-1	0
3248	3028	3026	0	-1	-1	-1	0
3179	2946	3180	9	-1	-1	-1	0
3181	3180	2947	9	-1	-1	-1	0
3031	3029	3250	0	-1	-1	-1	0
3031	3251	3030	0	-1	-1	-1	0
3251	3033	3030	0	-1	-1	-1	0
3032	3033	3253	0	-1	-1	-1	0
3032	3253	3034	0	-1	-1	-1	0
3184	3183	2953	9	-1	-1	-1	0
3042	3250	3029	0	-1	-1	-1	0
3185	2953	3183	9	-1	-1	-1	0
2954	3182	3186	9	-1	-1	-1	0
3035	3034	3253	7	-1	-1	-1	0
3184	2954	3186	9	-1	-1	-1	0
3021	3153	3152	0	-1	-1	-1	0
3036	3255	3037	7	-1	-1	-1	0
3035	3253	3041	7	-1	-1	-1	0
3039	3255	3036	7	-1	-1	-1	0
3022	3064	3246	0	-1	-1	-1	0
3038	3256	3039	7	-1	-1	-1	0
3162	3010	3161	0	-1	-1	-1	0
2957	3189	3187	9	-1	-1	-1	0
3152	3161	3020	0	-1	-1	-1	0
2957	3188	3189	9	-1	-1	-1	0
3185	3191	2959	9	-1	-1	-1	0
3040	3257	3038	7	-1	-1	-1	0
3254	3040	3041	7	-1	-1	-1	0
3188	2958	3190	9	-1	-1	-1	0
2960	3187	3192	9	-1	-1	-1	0
3056	3057	3227	0	-1	-1	-1	0
2959	3191	3190	9	-1	-1	-1	0
3255	3039	3047	7	-1	-1	-1	0
3039	3256	3047	7	-1	-1	-1	0
3045	3258	3042	0	-1	-1	-1	0
3255	3047	3046	7	-1	-1	-1	0
3194	2962	3193	9	-1	-1	-1	0
3047	3258	3045	0	-1	-1	-1	0
3197	3193	2964	9	-1	-1	-1	0
3196	3195	2963	9	-1	-1	-1	0
2964	3195	3197	9	-1	-1	-1	0
3192	3198	2966	9	-1	-1	-1	0
3259	3050	3049	0	-1	-1	-1	0
3198	3196	2965	9	-1	-1	-1	0
3050	3262	3051	0	-1	-1	-1	0
3051	3264	3052	0	-1	-1	-1	0
3052	3265	3053	0	-1	-1	-1	0
3246	3062	3063	0	-1	-1	-1	0
3200	2970	3201	9	-1	-1	-1	0
3246	3064	3062	0	-1	-1	-1	0
3201	2970	3202	9	-1	-1	-1	0
3204	2972	3199	9	-1	-1	-1	0
3065	3247	3063	0	-1	-1	-1	0
3203	3202	2971	9	-1	-1	-1	0
3054	3267	3057	0	-1	-1	-1	0
3054	3058	3267	0	-1	-1	-1	0
3204	3203	2972	9	-1	-1	-1	0
3249	3065	3066	0	-1	-1	-1	0
3200	3207	2975	9	-1	-1	-1	0
3205	3206	2974	9	-1	-1	-1	0
3268	3058	3059	0	-1	-1	-1	0
3205	2975	3208	9	-1	-1	-1	0
3270	3059	3060	1	-1	-1	-1	0
3207	3208	2975	9	-1	-1	-1	0
2976	3206	3209	9	-1	-1	-1	0
3060	3061	3271	1	-1	-1	-1	0
3241	3136	3015	2	-1	-1	-1	0
3248	3124	3028	0	-1	-1	-1	0
2979	3211	3212	0	-1	-1	-1	0
3213	2979	3212	0	-1	-1	-1	0
2980	3210	3214	4	-1	-1	-1	0
3235	3160	3009	0	-1	-1	-1	0
3160	3236	3009	0	-1	-1	-1	0
3214	3211	2980	4	-1	-1	-1	0
3008	3162	3235	0	-1	-1	-1	0
3068	3067	3272	0	-1	-1	-1	0
3069	3272	3067	0	-1	-1	-1	0
2981	3213	3215	0	-1	-1	-1	0
3209	3218	2983	9	-1	-1	-1	0
3068	3273	3071	6	-1	-1	-1	0
3274	3069	3070	0	-1	-1	-1	0
2985	3220	3210	4	-1	-1	-1	0
3217	2982	3216	9	-1	-1	-1	0
3216	2983	3218	9	-1	-1	-1	0
3071	3276	3073	6	-1	-1	-1	0
2984	3217	3219	9	-1	-1	-1	0
2999	3194	3228	9	-1	-1	-1	0
3255	3129	3037	7	-1	-1	-1	0
3215	3221	2987	0	-1	-1	-1	0
3220	2985	3219	4	-1	-1	-1	0
3279	3072	3073	6	-1	-1	-1	0
3070	3080	3274	0	-1	-1	-1	0
3111	3053	3266	0	-1	-1	-1	0
3129	3255	3046	7	-1	-1	-1	0
3002	3231	3199	9	-1	-1	-1	0
3076	3075	3281	5	-1	-1	-1	0
2989	3223	3222	4	-1	-1	-1	0
3077	3076	3283	5	-1	-1	-1	0
3127	3154	3153	0	-1	-1	-1	0
2990	3224	3223	4	-1	-1	-1	0
3249	3066	3124	0	-1	-1	-1	0
3285	3078	3077	0	-1	-1	-1	0
2992	3225	3224	4	-1	-1	-1	0
3286	3079	3078	0	-1	-1	-1	0
3225	2992	3226	4	-1	-1	-1	0
3287	3080	3079	0	-1	-1	-1	0
3281	3075	3090	5	-1	-1	-1	0
3226	2995	3227	4	-1	-1	-1	0
3291	3083	3081	8	-1	-1	-1	0
3229	3000	3228	9	-1	-1	-1	0
3003	3222	3233	4	-1	-1	-1	0
3082	3292	3084	8	-1	-1	-1	0
3083	3293	3082	8	-1	-1	-1	0
3001	3229	3230	9	-1	-1	-1	0
3230	3231	3002	9	-1	-1	-1	0
3081	3093	3291	8	-1	-1	-1	0
3085	3084	3297	8	-1	-1	-1	0
3232	3003	3233	1	-1	-1	-1	0
3085	3298	3086	8	-1	-1	-1	0
3278	3120	3072	6	-1	-1	-1	0
3299	3087	3086	8	-1	-1	-1	0
3087	3301	3088	8	-1	-1	-1	0
3009	3236	3234	0	-1	-1	-1	0
3088	3302	3089	8	-1	-1	-1	0
3091	3089	3303	8	-1	-1	-1	0
3091	3304	3090	5	-1	-1	-1	0
3238	3012	3237	2	-1	-1	-1	0
3305	3093	3092	8	-1	-1	-1	0
3237	3014	3240	1	-1	-1	-1	0
3239	3240	3014	1	-1	-1	-1	0
3015	3238	3241	2	-1	-1	-1	0
3234	3244	3019	0	-1	-1	-1	0
3095	3308	3094	0	-1	-1	-1	0
3308	3097	3094	0	-1	-1	-1	0
3096	3309	3095	0	-1	-1	-1	0
3016	3242	3243	0	-1	-1	-1	0
3306	3092	3103	5	-1	-1	-1	0
3018	3245	3239	1	-1	-1	-1	0
3244	3242	3017	0	-1	-1	-1	0
3097	3311	3098	0	-1	-1	-1	0
3245	3018	3243	1	-1	-1	-1	0
3181	3163	3166	9	-1	-1	-1	0
3098	3315	3099	0	-1	-1	-1	0
3106	3310	3096	6	-1	-1	-1	0
3099	3316	3100	0	-1	-1	-1	0
3247	3023	3246	0	-1	-1	-1	0
3100	3317	3101	0	-1	-1	-1	0
3318	3102	3101	5	-1	-1	-1	0
3247	3249	3025	0	-1	-1	-1	0
3249	3248	3025	0	-1	-1	-1	0
3318	3103	3102	5	-1	-1	-1	0
3105	3104	3320	6	-1	-1	-1	0
3049	3221	3260	0	-1	-1	-1	0
3320	3104	3109	6	-1	-1	-1	0
3250	3252	3031	0	-1	-1	-1	0
3252	3251	3031	0	-1	-1	-1	0
3105	3322	3107	6	-1	-1	-1	0
3323	3106	3107	6	-1	-1	-1	0
3254	3033	3251	0	-1	-1	-1	0
3253	3033	3254	0	-1	-1	-1	0
3326	3109	3108	6	-1	-1	-1	0
3108	3110	3325	7	-1	-1	-1	0
3041	3253	3254	7	-1	-1	-1	0
3042	3258	3250	0	-1	-1	-1	0
3328	3110	3113	7	-1	-1	-1	0
3257	3040	3254	7	-1	-1	-1	0
3267	3227	3057	0	-1	-1	-1	0
3158	3236	3157	2	-1	-1	-1	0
3256	3038	3257	7	-1	-1	-1	0
3157	3236	3160	2	-1	-1	-1	0
3329	3114	3111	7	-1	-1	-1	0
3235	3159	3160	0	-1	-1	-1	0
3330	3113	3112	7	-1	-1	-1	0
3112	3114	3330	7	-1	-1	-1	0
3162	3159	3235	0	-1	-1	-1	0
3246	3063	3247	0	-1	-1	-1	0
3065	3249	3247	0	-1	-1	-1	0
3258	3047	3256	0	-1	-1	-1	0
3271	3061	3232	1	-1	-1	-1	0
3334	3116	3115	0	-1	-1	-1	0
3333	3115	3117	7	-1	-1	-1	0
3259	3049	3260	0	-1	-1	-1	0
3261	3050	3259	0	-1	-1	-1	0
3337	3117	3118	7	-1	-1	-1	0
3261	3262	3050	0	-1	-1	-1	0
3335	3123	3116	0	-1	-1	-1	0
3262	3263	3051	0	-1	-1	-1	0
3337	3118	3122	7	-1	-1	-1	0
3338	3119	3120	6	-1	-1	-1	0
3051	3263	3264	0	-1	-1	-1	0
3339	3121	3119	7	-1	-1	-1	0
3265	3052	3264	0	-1	-1	-1	0
3341	3122	3121	7	-1	-1	-1	0
3266	3053	3265	0	-1	-1	-1	0
3125	3123	3342	0	-1	-1	-1	0
3058	3268	3267	0	-1	-1	-1	0
3125	3343	3126	0	-1	-1	-1	0
3059	3269	3268	0	-1	-1	-1	0
3269	3059	3270	1	-1	-1	-1	0
3126	3345	3127	0	-1	-1	-1	0
3270	3060	3271	1	-1	-1	-1	0
3131	3346	3130	9	-1	-1	-1	0
3130	3346	3133	9	-1	-1	-1	0
3131	3132	3347	9	-1	-1	-1	0
3272	3273	3068	0	-1	-1	-1	0
3272	3069	3275	0	-1	-1	-1	0
3350	3134	3133	9	-1	-1	-1	0
3274	3275	3069	0	-1	-1	-1	0
3071	3273	3277	6	-1	-1	-1	0
3248	3249	3124	0	-1	-1	-1	0
3135	3136	3351	2	-1	-1	-1	0
3071	3277	3276	6	-1	-1	-1	0
3137	3135	3352	2	-1	-1	-1	0
3345	3154	3127	0	-1	-1	-1	0
3280	3073	3276	6	-1	-1	-1	0
3150	3347	3132	9	-1	-1	-1	0
3072	3279	3278	6	-1	-1	-1	0
3139	3355	3138	9	-1	-1	-1	0
3279	3073	3280	6	-1	-1	-1	0
3199	3231	3204	9	-1	-1	-1	0
3354	3146	3138	9	-1	-1	-1	0
3357	3139	3142	9	-1	-1	-1	0
3281	3282	3076	5	-1	-1	-1	0
3140	3141	3358	2	-1	-1	-1	0
3142	3140	3358	2	-1	-1	-1	0
3076	3282	3283	5	-1	-1	-1	0
3080	3288	3274	0	-1	-1	-1	0
3143	3360	3141	2	-1	-1	-1	0
3284	3077	3283	5	-1	-1	-1	0
3353	3156	3137	2	-1	-1	-1	0
3077	3284	3285	5	-1	-1	-1	0
3285	3286	3078	0	-1	-1	-1	0
3286	3287	3079	0	-1	-1	-1	0
3364	3145	3144	9	-1	-1	-1	0
3144	3147	3364	9	-1	-1	-1	0
3080	3290	3288	0	-1	-1	-1	0
3289	3080	3287	0	-1	-1	-1	0
3143	3154	3362	0	-1	-1	-1	0
3290	3080	3289	0	-1	-1	-1	0
3145	3364	3151	9	-1	-1	-1	0
3148	3146	3366	9	-1	-1	-1	0
3350	3176	3134	9	-1	-1	-1	0
3367	3147	3148	9	-1	-1	-1	0
3082	3294	3292	8	-1	-1	-1	0
3149	3369	3150	9	-1	-1	-1	0
3151	3369	3149	9	-1	-1	-1	0
3294	3082	3293	8	-1	-1	-1	0
3291	3296	3083	8	-1	-1	-1	0
3293	3083	3295	8	-1	-1	-1	0
3297	3084	3292	8	-1	-1	-1	0
3296	3295	3083	8	-1	-1	-1	0
3090	3304	3281	5	-1	-1	-1	0
3298	3085	3297	8	-1	-1	-1	0
3155	3156	3372	2	-1	-1	-1	0
3300	3086	3298	8	-1	-1	-1	0
3300	3299	3086	8	-1	-1	-1	0
3373	3158	3155	2	-1	-1	-1	0
3301	3087	3299	8	-1	-1	-1	0
3093	3307	3291	8	-1	-1	-1	0
3302	3088	3301	8	-1	-1	-1	0
3302	3303	3089	8	-1	-1	-1	0
3303	3304	3091	8	-1	-1	-1	0
3306	3305	3092	8	-1	-1	-1	0
3305	3307	3093	8	-1	-1	-1	0
3111	3266	3329	0	-1	-1	-1	0
3164	3376	3168	9	-1	-1	-1	0
3165	3377	3166	9	-1	-1	-1	0
3165	3167	3378	9	-1	-1	-1	0
3376	3164	3171	9	-1	-1	-1	0
3095	3309	3308	0	-1	-1	-1	0
3310	3309	3096	0	-1	-1	-1	0
3381	3167	3168	9	-1	-1	-1	0
3312	3097	3308	0	-1	-1	-1	0
3097	3313	3311	0	-1	-1	-1	0
3313	3097	3312	0	-1	-1	-1	0
3169	3384	3170	9	-1	-1	-1	0
3098	3311	3314	0	-1	-1	-1	0
3383	3169	3172	9	-1	-1	-1	0
3385	3171	3170	9	-1	-1	-1	0
3181	3166	3380	9	-1	-1	-1	0
3315	3098	3314	0	-1	-1	-1	0
3172	3173	3383	9	-1	-1	-1	0
3136	3241	3351	2	-1	-1	-1	0
3319	3306	3103	5	-1	-1	-1	0
3316	3099	3315	0	-1	-1	-1	0
3317	3100	3316	0	-1	-1	-1	0
3175	3387	3173	9	-1	-1	-1	0
3233	3271	3232	1	-1	-1	-1	0
3317	3318	3101	5	-1	-1	-1	0
3174	3388	3175	9	-1	-1	-1	0
3278	3340	3120	6	-1	-1	-1	0
3323	3310	3106	6	-1	-1	-1	0
3319	3103	3318	5	-1	-1	-1	0
3177	3176	3391	9	-1	-1	-1	0
3388	3174	3178	9	-1	-1	-1	0
3321	3105	3320	6	-1	-1	-1	0
3392	3178	3177	9	-1	-1	-1	0
3322	3105	3321	6	-1	-1	-1	0
3180	3394	3179	9	-1	-1	-1	0
3322	3324	3107	6	-1	-1	-1	0
3323	3107	3324	6	-1	-1	-1	0
3180	3181	3394	9	-1	-1	-1	0
3109	3327	3320	6	-1	-1	-1	0
3108	3325	3326	6	-1	-1	-1	0
3252	3250	3258	0	-1	-1	-1	0
3251	3252	3257	0	-1	-1	-1	0
3257	3254	3251	0	-1	-1	-1	0
3327	3109	3326	6	-1	-1	-1	0
3395	3183	3184	9	-1	-1	-1	0
3110	3328	3325	7	-1	-1	-1	0
3396	3185	3183	9	-1	-1	-1	0
3395	3184	3186	9	-1	-1	-1	0
3252	3256	3257	0	-1	-1	-1	0
3256	3252	3258	0	-1	-1	-1	0
3158	3375	3236	2	-1	-1	-1	0
3328	3113	3331	7	-1	-1	-1	0
3185	3397	3191	9	-1	-1	-1	0
3187	3189	3398	9	-1	-1	-1	0
3329	3332	3114	7	-1	-1	-1	0
3330	3331	3113	7	-1	-1	-1	0
3114	3332	3330	7	-1	-1	-1	0
3187	3399	3192	9	-1	-1	-1	0
3189	3188	3401	9	-1	-1	-1	0
3190	3400	3188	9	-1	-1	-1	0
3333	3334	3115	0	-1	-1	-1	0
3190	3191	3404	9	-1	-1	-1	0
3334	3335	3116	0	-1	-1	-1	0
3117	3336	3333	7	-1	-1	-1	0
3336	3117	3337	7	-1	-1	-1	0
3193	3408	3194	9	-1	-1	-1	0
3339	3119	3338	6	-1	-1	-1	0
3406	3198	3192	9	-1	-1	-1	0
3120	3340	3338	6	-1	-1	-1	0
3408	3193	3197	9	-1	-1	-1	0
3123	3335	3342	0	-1	-1	-1	0
3122	3341	3337	7	-1	-1	-1	0
3121	3339	3341	7	-1	-1	-1	0
3195	3196	3410	9	-1	-1	-1	0
3410	3197	3195	9	-1	-1	-1	0
3196	3198	3411	9	-1	-1	-1	0
3125	3342	3343	0	-1	-1	-1	0
3343	3344	3126	0	-1	-1	-1	0
3201	3413	3200	9	-1	-1	-1	0
3345	3126	3344	0	-1	-1	-1	0
3201	3202	3413	9	-1	-1	-1	0
3202	3203	3414	9	-1	-1	-1	0
3413	3207	3200	9	-1	-1	-1	0
3416	3203	3204	9	-1	-1	-1	0
3131	3348	3346	9	-1	-1	-1	0
3131	3347	3348	9	-1	-1	-1	0
3349	3133	3346	9	-1	-1	-1	0
3420	3206	3205	9	-1	-1	-1	0
3194	3409	3228	9	-1	-1	-1	0
3349	3350	3133	9	-1	-1	-1	0
3208	3420	3205	9	-1	-1	-1	0
3206	3420	3209	9	-1	-1	-1	0
3421	3208	3207	9	-1	-1	-1	0
3352	3135	3351	2	-1	-1	-1	0
3352	3353	3137	2	-1	-1	-1	0
3234	3236	3375	0	-1	-1	-1	0
3354	3138	3355	9	-1	-1	-1	0
3425	3214	3210	4	-1	-1	-1	0
3212	3211	3427	0	-1	-1	-1	0
3355	3139	3356	9	-1	-1	-1	0
3209	3423	3218	9	-1	-1	-1	0
3214	3426	3211	4	-1	-1	-1	0
3356	3139	3357	9	-1	-1	-1	0
3213	3212	3428	0	-1	-1	-1	0
3204	3231	3419	9	-1	-1	-1	0
3425	3210	3220	4	-1	-1	-1	0
3430	3215	3213	0	-1	-1	-1	0
3358	3141	3359	2	-1	-1	-1	0
3141	3360	3359	2	-1	-1	-1	0
3361	3357	3142	2	-1	-1	-1	0
3142	3358	3361	2	-1	-1	-1	0
3362	3154	3345	0	-1	-1	-1	0
3146	3354	3365	9	-1	-1	-1	0
3143	3363	3360	0	-1	-1	-1	0
3433	3217	3216	9	-1	-1	-1	0
3430	3221	3215	0	-1	-1	-1	0
3216	3218	3433	9	-1	-1	-1	0
3370	3347	3150	9	-1	-1	-1	0
3363	3143	3362	0	-1	-1	-1	0
3217	3434	3219	9	-1	-1	-1	0
3219	3436	3220	4	-1	-1	-1	0
3146	3365	3366	9	-1	-1	-1	0
3364	3147	3367	9	-1	-1	-1	0
3230	3419	3231	9	-1	-1	-1	0
3368	3148	3366	9	-1	-1	-1	0
3368	3367	3148	9	-1	-1	-1	0
3374	3156	3353	2	-1	-1	-1	0
3440	3222	3223	4	-1	-1	-1	0
3371	3151	3364	9	-1	-1	-1	0
3223	3224	3441	4	-1	-1	-1	0
3370	3150	3369	9	-1	-1	-1	0
3371	3369	3151	9	-1	-1	-1	0
3225	3442	3224	4	-1	-1	-1	0
3440	3233	3222	4	-1	-1	-1	0
3444	3225	3226	4	-1	-1	-1	0
3226	3227	3444	4	-1	-1	-1	0
3373	3155	3372	2	-1	-1	-1	0
3374	3372	3156	2	-1	-1	-1	0
3228	3447	3229	9	-1	-1	-1	0
3375	3158	3373	2	-1	-1	-1	0
3229	3447	3230	9	-1	-1	-1	0
3391	3176	3350	9	-1	-1	-1	0
3221	3438	3260	0	-1	-1	-1	0
3165	3378	3377	9	-1	-1	-1	0
3377	3379	3166	9	-1	-1	-1	0
3166	3379	3380	9	-1	-1	-1	0
3168	3376	3382	9	-1	-1	-1	0
3381	3378	3167	9	-1	-1	-1	0
3452	3238	3237	2	-1	-1	-1	0
3234	3450	3244	0	-1	-1	-1	0
3237	3240	3453	2	-1	-1	-1	0
3381	3168	3382	9	-1	-1	-1	0
3452	3241	3238	2	-1	-1	-1	0
3171	3386	3376	9	-1	-1	-1	0
3239	3454	3240	1	-1	-1	-1	0
3384	3169	3383	9	-1	-1	-1	0
3245	3454	3239	1	-1	-1	-1	0
3384	3385	3170	9	-1	-1	-1	0
3267	3445	3227	0	-1	-1	-1	0
3171	3385	3386	9	-1	-1	-1	0
3242	3244	3457	0	-1	-1	-1	0
3383	3173	3387	9	-1	-1	-1	0
3242	3458	3243	0	-1	-1	-1	0
3243	3459	3245	1	-1	-1	-1	0
3388	3389	3175	9	-1	-1	-1	0
3175	3390	3387	9	-1	-1	-1	0
3271	3233	3449	1	-1	-1	-1	0
3389	3390	3175	9	-1	-1	-1	0
3380	3394	3181	9	-1	-1	-1	0
3393	3388	3178	9	-1	-1	-1	0
3177	3391	3392	9	-1	-1	-1	0
3178	3392	3393	9	-1	-1	-1	0
3321	3320	3327	6	-1	-1	-1	0
3183	3395	3396	9	-1	-1	-1	0
3397	3185	3396	9	-1	-1	-1	0
3260	3461	3259	0	-1	-1	-1	0
3267	3268	3445	0	-1	-1	-1	0
3259	3462	3261	0	-1	-1	-1	0
3187	3398	3399	9	-1	-1	-1	0
3464	3262	3261	0	-1	-1	-1	0
3398	3189	3402	9	-1	-1	-1	0
3401	3188	3400	9	-1	-1	-1	0
3449	3270	3271	1	-1	-1	-1	0
3263	3262	3465	0	-1	-1	-1	0
3191	3397	3404	9	-1	-1	-1	0
3189	3401	3403	9	-1	-1	-1	0
3403	3402	3189	9	-1	-1	-1	0
3263	3468	3264	0	-1	-1	-1	0
3190	3405	3400	9	-1	-1	-1	0
3192	3399	3407	9	-1	-1	-1	0
3404	3405	3190	9	-1	-1	-1	0
3265	3264	3470	0	-1	-1	-1	0
3266	3265	3470	0	-1	-1	-1	0
3192	3407	3406	9	-1	-1	-1	0
3269	3472	3268	0	-1	-1	-1	0
3474	3269	3270	1	-1	-1	-1	0
3194	3408	3409	9	-1	-1	-1	0
3406	3411	3198	9	-1	-1	-1	0
3408	3197	3412	9	-1	-1	-1	0
3410	3196	3411	9	-1	-1	-1	0
3197	3410	3412	9	-1	-1	-1	0
3272	3475	3273	0	-1	-1	-1	0
3272	3275	3475	0	-1	-1	-1	0
3273	3475	3277	0	-1	-1	-1	0
3275	3274	3476	0	-1	-1	-1	0
3415	3413	3202	9	-1	-1	-1	0
3415	3202	3414	9	-1	-1	-1	0
3203	3416	3414	9	-1	-1	-1	0
3276	3277	3480	6	-1	-1	-1	0
3280	3276	3481	6	-1	-1	-1	0
3204	3418	3416	9	-1	-1	-1	0
3274	3288	3476	0	-1	-1	-1	0
3417	3418	3204	9	-1	-1	-1	0
3419	3417	3204	9	-1	-1	-1	0
3421	3207	3413	9	-1	-1	-1	0
3279	3485	3278	6	-1	-1	-1	0
3486	3279	3280	6	-1	-1	-1	0
3456	3351	3241	2	-1	-1	-1	0
3422	3420	3208	9	-1	-1	-1	0
3208	3421	3422	9	-1	-1	-1	0
3488	3282	3281	5	-1	-1	-1	0
3209	3420	3424	9	-1	-1	-1	0
3283	3282	3489	5	-1	-1	-1	0
3423	3209	3424	9	-1	-1	-1	0
3491	3284	3283	5	-1	-1	-1	0
3451	3234	3375	0	-1	-1	-1	0
3492	3285	3284	5	-1	-1	-1	0
3285	3493	3286	0	-1	-1	-1	0
3211	3426	3427	0	-1	-1	-1	0
3266	3471	3329	0	-1	-1	-1	0
3286	3494	3287	0	-1	-1	-1	0
3212	3427	3429	0	-1	-1	-1	0
3428	3212	3429	0	-1	-1	-1	0
3287	3495	3289	0	-1	-1	-1	0
3432	3214	3425	4	-1	-1	-1	0
3213	3428	3431	0	-1	-1	-1	0
3426	3214	3432	4	-1	-1	-1	0
3488	3281	3304	5	-1	-1	-1	0
3431	3430	3213	0	-1	-1	-1	0
3433	3218	3423	9	-1	-1	-1	0
3290	3496	3288	0	-1	-1	-1	0
3290	3289	3498	0	-1	-1	-1	0
3361	3358	3359	2	-1	-1	-1	0
3425	3220	3437	4	-1	-1	-1	0
3446	3228	3409	9	-1	-1	-1	0
3435	3217	3433	9	-1	-1	-1	0
3434	3217	3435	9	-1	-1	-1	0
3291	3501	3296	8	-1	-1	-1	0
3294	3502	3292	8	-1	-1	-1	0
3219	3434	3436	4	-1	-1	-1	0
3294	3293	3503	8	-1	-1	-1	0
3430	3439	3221	0	-1	-1	-1	0
3297	3292	3502	8	-1	-1	-1	0
3295	3503	3293	8	-1	-1	-1	0
3437	3220	3436	4	-1	-1	-1	0
3230	3448	3419	9	-1	-1	-1	0
3506	3295	3296	8	-1	-1	-1	0
3307	3500	3291	8	-1	-1	-1	0
3439	3438	3221	0	-1	-1	-1	0
3484	3340	3278	6	-1	-1	-1	0
3441	3440	3223	4	-1	-1	-1	0
3511	3298	3297	8	-1	-1	-1	0
3441	3224	3443	4	-1	-1	-1	0
3443	3224	3442	4	-1	-1	-1	0
3512	3300	3298	8	-1	-1	-1	0
3442	3225	3444	4	-1	-1	-1	0
3515	3299	3300	8	-1	-1	-1	0
3514	3301	3299	8	-1	-1	-1	0
3445	3444	3227	4	-1	-1	-1	0
3517	3302	3301	8	-1	-1	-1	0
3447	3228	3446	9	-1	-1	-1	0
3233	3440	3449	4	-1	-1	-1	0
3303	3302	3519	8	-1	-1	-1	0
3448	3230	3447	9	-1	-1	-1	0
3304	3303	3519	8	-1	-1	-1	0
3306	3520	3305	8	-1	-1	-1	0
3305	3521	3307	8	-1	-1	-1	0
3450	3234	3451	0	-1	-1	-1	0
3308	3309	3524	0	-1	-1	-1	0
3237	3453	3452	2	-1	-1	-1	0
3310	3524	3309	0	-1	-1	-1	0
3308	3524	3312	0	-1	-1	-1	0
3522	3306	3319	5	-1	-1	-1	0
3453	3240	3455	2	-1	-1	-1	0
3455	3240	3454	2	-1	-1	-1	0
3241	3452	3456	2	-1	-1	-1	0
3313	3526	3311	0	-1	-1	-1	0
3526	3314	3311	0	-1	-1	-1	0
3457	3244	3450	0	-1	-1	-1	0
3313	3312	3528	0	-1	-1	-1	0
3458	3242	3457	0	-1	-1	-1	0
3323	3525	3310	6	-1	-1	-1	0
3314	3530	3315	0	-1	-1	-1	0
3456	3352	3351	2	-1	-1	-1	0
3245	3460	3454	1	-1	-1	-1	0
3459	3243	3458	0	-1	-1	-1	0
3260	3438	3463	0	-1	-1	-1	0
3460	3245	3459	1	-1	-1	-1	0
3316	3315	3535	0	-1	-1	-1	0
3316	3536	3317	0	-1	-1	-1	0
3537	3318	3317	5	-1	-1	-1	0
3318	3540	3319	5	-1	-1	-1	0
3462	3259	3461	0	-1	-1	-1	0
3322	3321	3541	6	-1	-1	-1	0
3463	3461	3260	0	-1	-1	-1	0
3445	3268	3472	0	-1	-1	-1	0
3464	3261	3462	0	-1	-1	-1	0
3543	3324	3322	6	-1	-1	-1	0
3542	3321	3327	6	-1	-1	-1	0
3323	3324	3545	6	-1	-1	-1	0
3262	3464	3466	0	-1	-1	-1	0
3270	3449	3474	1	-1	-1	-1	0
3262	3467	3465	0	-1	-1	-1	0
3467	3262	3466	0	-1	-1	-1	0
3469	3263	3465	0	-1	-1	-1	0
3547	3326	3325	6	-1	-1	-1	0
3373	3451	3375	2	-1	-1	-1	0
3325	3328	3547	6	-1	-1	-1	0
3263	3469	3468	0	-1	-1	-1	0
3326	3547	3327	6	-1	-1	-1	0
3468	3470	3264	0	-1	-1	-1	0
3471	3266	3470	0	-1	-1	-1	0
3328	3331	3549	7	-1	-1	-1	0
3332	3329	3551	7	-1	-1	-1	0
3331	3330	3552	7	-1	-1	-1	0
3473	3472	3269	0	-1	-1	-1	0
3552	3330	3332	7	-1	-1	-1	0
3473	3269	3474	1	-1	-1	-1	0
3333	3554	3334	0	-1	-1	-1	0
3333	3336	3555	7	-1	-1	-1	0
3334	3556	3335	0	-1	-1	-1	0
3476	3477	3275	0	-1	-1	-1	0
3275	3479	3475	0	-1	-1	-1	0
3275	3477	3478	0	-1	-1	-1	0
3336	3337	3558	7	-1	-1	-1	0
3478	3479	3275	0	-1	-1	-1	0
3556	3342	3335	0	-1	-1	-1	0
3475	3483	3277	0	-1	-1	-1	0
3339	3338	3559	6	-1	-1	-1	0
3341	3558	3337	7	-1	-1	-1	0
3276	3480	3481	6	-1	-1	-1	0
3340	3559	3338	6	-1	-1	-1	0
3277	3482	3480	6	-1	-1	-1	0
3339	3560	3341	7	-1	-1	-1	0
3482	3277	3483	0	-1	-1	-1	0
3484	3278	3485	6	-1	-1	-1	0
3481	3486	3280	6	-1	-1	-1	0
3342	3565	3343	0	-1	-1	-1	0
3487	3485	3279	6	-1	-1	-1	0
3279	3486	3487	6	-1	-1	-1	0
3566	3344	3343	0	-1	-1	-1	0
3496	3476	3288	0	-1	-1	-1	0
3344	3568	3345	0	-1	-1	-1	0
3488	3490	3282	5	-1	-1	-1	0
3489	3282	3490	5	-1	-1	-1	0
3346	3348	3569	9	-1	-1	-1	0
3489	3491	3283	5	-1	-1	-1	0
3569	3349	3346	9	-1	-1	-1	0
3570	3348	3347	9	-1	-1	-1	0
3492	3284	3491	5	-1	-1	-1	0
3493	3285	3492	5	-1	-1	-1	0
3573	3350	3349	9	-1	-1	-1	0
3493	3494	3286	0	-1	-1	-1	0
3568	3362	3345	0	-1	-1	-1	0
3287	3494	3495	0	-1	-1	-1	0
3574	3353	3352	2	-1	-1	-1	0
3495	3497	3289	0	-1	-1	-1	0
3497	3498	3289	0	-1	-1	-1	0
3496	3290	3499	0	-1	-1	-1	0
3354	3355	3577	9	-1	-1	-1	0
3498	3499	3290	0	-1	-1	-1	0
3347	3370	3570	9	-1	-1	-1	0
3355	3356	3578	9	-1	-1	-1	0
3579	3356	3357	9	-1	-1	-1	0
3291	3500	3501	8	-1	-1	-1	0
3362	3568	3363	0	-1	-1	-1	0
3437	3432	3425	4	-1	-1	-1	0
3365	3354	3577	9	-1	-1	-1	0
3580	3357	3361	2	-1	-1	-1	0
3294	3503	3504	3	-1	-1	-1	0
3582	3359	3360	2	-1	-1	-1	0
3294	3505	3502	3	-1	-1	-1	0
3359	3581	3361	2	-1	-1	-1	0
3576	3374	3353	2	-1	-1	-1	0
3505	3294	3504	3	-1	-1	-1	0
3295	3507	3503	8	-1	-1	-1	0
3501	3510	3296	8	-1	-1	-1	0
3360	3363	3584	0	-1	-1	-1	0
3507	3295	3506	8	-1	-1	-1	0
3297	3502	3511	8	-1	-1	-1	0
3488	3304	3519	8	-1	-1	-1	0
3296	3509	3506	8	-1	-1	-1	0
3296	3508	3509	8	-1	-1	-1	0
3510	3508	3296	8	-1	-1	-1	0
3350	3573	3391	9	-1	-1	-1	0
3367	3587	3364	9	-1	-1	-1	0
3365	3588	3366	9	-1	-1	-1	0
3371	3364	3587	9	-1	-1	-1	0
3511	3513	3298	8	-1	-1	-1	0
3513	3512	3298	8	-1	-1	-1	0
3368	3366	3590	9	-1	-1	-1	0
3368	3591	3367	9	-1	-1	-1	0
3516	3300	3512	8	-1	-1	-1	0
3514	3299	3515	8	-1	-1	-1	0
3307	3523	3500	8	-1	-1	-1	0
3445	3442	3444	4	-1	-1	-1	0
3369	3592	3370	9	-1	-1	-1	0
3516	3515	3300	8	-1	-1	-1	0
3371	3593	3369	9	-1	-1	-1	0
3518	3301	3514	8	-1	-1	-1	0
3517	3301	3518	8	-1	-1	-1	0
3517	3519	3302	8	-1	-1	-1	0
3373	3372	3597	2	-1	-1	-1	0
3374	3598	3372	2	-1	-1	-1	0
3520	3521	3305	8	-1	-1	-1	0
3306	3522	3520	8	-1	-1	-1	0
3471	3551	3329	0	-1	-1	-1	0
3521	3523	3307	8	-1	-1	-1	0
3602	3377	3378	9	-1	-1	-1	0
3377	3601	3379	9	-1	-1	-1	0
3600	3382	3376	9	-1	-1	-1	0
3525	3524	3310	0	-1	-1	-1	0
3452	3453	3456	2	-1	-1	-1	0
3386	3600	3376	9	-1	-1	-1	0
3524	3527	3312	0	-1	-1	-1	0
3604	3378	3381	9	-1	-1	-1	0
3382	3604	3381	9	-1	-1	-1	0
3527	3528	3312	0	-1	-1	-1	0
3526	3313	3529	0	-1	-1	-1	0
3528	3529	3313	0	-1	-1	-1	0
3532	3314	3526	0	-1	-1	-1	0
3383	3608	3384	9	-1	-1	-1	0
3531	3530	3314	0	-1	-1	-1	0
3532	3531	3314	0	-1	-1	-1	0
3607	3383	3387	9	-1	-1	-1	0
3315	3530	3533	0	-1	-1	-1	0
3385	3384	3610	9	-1	-1	-1	0
3319	3540	3522	5	-1	-1	-1	0
3610	3386	3385	9	-1	-1	-1	0
3533	3534	3315	0	-1	-1	-1	0
3575	3352	3456	2	-1	-1	-1	0
3607	3387	3390	9	-1	-1	-1	0
3315	3534	3535	0	-1	-1	-1	0
3316	3535	3536	0	-1	-1	-1	0
3484	3563	3340	6	-1	-1	-1	0
3389	3388	3613	9	-1	-1	-1	0
3317	3536	3537	5	-1	-1	-1	0
3544	3525	3323	6	-1	-1	-1	0
3615	3390	3389	9	-1	-1	-1	0
3318	3537	3539	5	-1	-1	-1	0
3539	3538	3318	5	-1	-1	-1	0
3388	3393	3614	9	-1	-1	-1	0
3318	3538	3540	5	-1	-1	-1	0
3617	3392	3391	9	-1	-1	-1	0
3392	3617	3393	9	-1	-1	-1	0
3541	3321	3542	6	-1	-1	-1	0
3541	3543	3322	6	-1	-1	-1	0
3544	3323	3545	6	-1	-1	-1	0
3543	3546	3324	6	-1	-1	-1	0
3545	3324	3546	6	-1	-1	-1	0
3548	3542	3327	6	-1	-1	-1	0
3398	3621	3399	9	-1	-1	-1	0
3402	3621	3398	9	-1	-1	-1	0
3373	3597	3451	2	-1	-1	-1	0
3327	3547	3548	6	-1	-1	-1	0
3401	3400	3624	9	-1	-1	-1	0
3550	3547	3328	6	-1	-1	-1	0
3328	3549	3550	6	-1	-1	-1	0
3400	3405	3623	9	-1	-1	-1	0
3399	3622	3407	9	-1	-1	-1	0
3625	3403	3401	9	-1	-1	-1	0
3402	3403	3626	9	-1	-1	-1	0
3552	3549	3331	7	-1	-1	-1	0
3551	3553	3332	7	-1	-1	-1	0
3332	3553	3552	7	-1	-1	-1	0
3483	3475	3479	0	-1	-1	-1	0
3555	3554	3333	0	-1	-1	-1	0
3407	3630	3406	9	-1	-1	-1	0
3334	3554	3556	0	-1	-1	-1	0
3406	3630	3411	9	-1	-1	-1	0
3336	3557	3555	7	-1	-1	-1	0
3408	3632	3409	9	-1	-1	-1	0
3557	3336	3558	7	-1	-1	-1	0
3408	3412	3632	9	-1	-1	-1	0
3410	3411	3634	9	-1	-1	-1	0
3410	3635	3412	9	-1	-1	-1	0
3341	3560	3558	7	-1	-1	-1	0
3559	3561	3339	6	-1	-1	-1	0
3560	3339	3561	7	-1	-1	-1	0
3340	3562	3559	6	-1	-1	-1	0
3564	3342	3556	0	-1	-1	-1	0
3562	3340	3563	6	-1	-1	-1	0
3415	3639	3413	9	-1	-1	-1	0
3414	3640	3415	9	-1	-1	-1	0
3640	3414	3416	9	-1	-1	-1	0
3564	3565	3342	0	-1	-1	-1	0
3639	3421	3413	9	-1	-1	-1	0
3343	3565	3566	0	-1	-1	-1	0
3344	3566	3567	0	-1	-1	-1	0
3643	3416	3418	9	-1	-1	-1	0
3568	3344	3567	0	-1	-1	-1	0
3417	3419	3644	9	-1	-1	-1	0
3418	3417	3645	9	-1	-1	-1	0
3453	3455	3575	2	-1	-1	-1	0
3453	3575	3456	2	-1	-1	-1	0
3633	3446	3409	9	-1	-1	-1	0
3422	3647	3420	9	-1	-1	-1	0
3570	3571	3348	9	-1	-1	-1	0
3348	3572	3569	9	-1	-1	-1	0
3647	3424	3420	9	-1	-1	-1	0
3648	3422	3421	9	-1	-1	-1	0
3348	3571	3572	9	-1	-1	-1	0
3569	3573	3349	9	-1	-1	-1	0
3424	3652	3423	9	-1	-1	-1	0
3574	3352	3575	2	-1	-1	-1	0
3353	3574	3576	2	-1	-1	-1	0
3423	3651	3433	9	-1	-1	-1	0
3426	3655	3427	0	-1	-1	-1	0
3578	3577	3355	9	-1	-1	-1	0
3448	3644	3419	9	-1	-1	-1	0
3432	3654	3426	4	-1	-1	-1	0
3656	3429	3427	0	-1	-1	-1	0
3356	3579	3578	9	-1	-1	-1	0
3657	3428	3429	0	-1	-1	-1	0
3357	3580	3579	2	-1	-1	-1	0
3658	3431	3428	0	-1	-1	-1	0
3568	3586	3363	0	-1	-1	-1	0
3359	3582	3581	2	-1	-1	-1	0
3430	3431	3662	0	-1	-1	-1	0
3583	3582	3360	0	-1	-1	-1	0
3361	3585	3580	2	-1	-1	-1	0
3361	3581	3585	2	-1	-1	-1	0
3360	3584	3583	0	-1	-1	-1	0
3439	3430	3662	0	-1	-1	-1	0
3577	3589	3365	9	-1	-1	-1	0
3586	3584	3363	0	-1	-1	-1	0
3666	3435	3433	9	-1	-1	-1	0
3437	3665	3432	4	-1	-1	-1	0
3570	3370	3594	9	-1	-1	-1	0
3669	3434	3435	9	-1	-1	-1	0
3434	3668	3436	4	-1	-1	-1	0
3588	3365	3589	9	-1	-1	-1	0
3366	3588	3590	9	-1	-1	-1	0
3436	3671	3437	4	-1	-1	-1	0
3587	3367	3591	9	-1	-1	-1	0
3590	3591	3368	9	-1	-1	-1	0
3599	3374	3576	2	-1	-1	-1	0
3674	3438	3439	0	-1	-1	-1	0
3371	3587	3595	9	-1	-1	-1	0
3593	3592	3369	9	-1	-1	-1	0
3370	3592	3594	9	-1	-1	-1	0
3678	3440	3441	4	-1	-1	-1	0
3371	3596	3593	9	-1	-1	-1	0
3371	3595	3596	9	-1	-1	-1	0
3679	3441	3443	4	-1	-1	-1	0
3442	3680	3443	4	-1	-1	-1	0
3680	3442	3445	4	-1	-1	-1	0
3372	3598	3597	2	-1	-1	-1	0
3440	3678	3449	4	-1	-1	-1	0
3374	3599	3598	2	-1	-1	-1	0
3682	3447	3446	9	-1	-1	-1	0
3438	3675	3463	0	-1	-1	-1	0
3448	3447	3684	9	-1	-1	-1	0
3601	3377	3602	9	-1	-1	-1	0
3573	3618	3391	9	-1	-1	-1	0
3378	3603	3602	9	-1	-1	-1	0
3378	3604	3603	9	-1	-1	-1	0
3685	3450	3451	0	-1	-1	-1	0
3600	3606	3382	9	-1	-1	-1	0
3605	3604	3382	9	-1	-1	-1	0
3685	3457	3450	0	-1	-1	-1	0
3605	3382	3606	9	-1	-1	-1	0
3454	3686	3455	2	-1	-1	-1	0
3680	3445	3472	4	-1	-1	-1	0
3386	3612	3600	9	-1	-1	-1	0
3608	3383	3607	9	-1	-1	-1	0
3454	3460	3686	2	-1	-1	-1	0
3608	3609	3384	9	-1	-1	-1	0
3474	3449	3678	4	-1	-1	-1	0
3384	3609	3610	9	-1	-1	-1	0
3688	3458	3457	0	-1	-1	-1	0
3458	3689	3459	0	-1	-1	-1	0
3610	3611	3386	9	-1	-1	-1	0
3459	3690	3460	1	-1	-1	-1	0
3611	3612	3386	9	-1	-1	-1	0
3616	3607	3390	9	-1	-1	-1	0
3614	3613	3388	9	-1	-1	-1	0
3462	3461	3692	0	-1	-1	-1	0
3463	3692	3461	0	-1	-1	-1	0
3613	3615	3389	9	-1	-1	-1	0
3693	3464	3462	0	-1	-1	-1	0
3615	3616	3390	9	-1	-1	-1	0
3679	3473	3474	4	-1	-1	-1	0
3696	3466	3464	0	-1	-1	-1	0
3391	3618	3617	9	-1	-1	-1	0
3619	3614	3393	9	-1	-1	-1	0
3472	3473	3681	4	-1	-1	-1	0
3467	3697	3465	0	-1	-1	-1	0
3393	3617	3620	9	-1	-1	-1	0
3697	3469	3465	0	-1	-1	-1	0
3466	3698	3467	0	-1	-1	-1	0
3620	3619	3393	9	-1	-1	-1	0
3469	3700	3468	0	-1	-1	-1	0
3701	3470	3468	0	-1	-1	-1	0
3399	3621	3622	9	-1	-1	-1	0
3704	3471	3470	0	-1	-1	-1	0
3548	3547	3550	6	-1	-1	-1	0
3623	3624	3400	9	-1	-1	-1	0
3402	3627	3621	9	-1	-1	-1	0
3401	3624	3625	9	-1	-1	-1	0
3402	3626	3627	9	-1	-1	-1	0
3626	3403	3628	9	-1	-1	-1	0
3629	3403	3625	9	-1	-1	-1	0
3706	3477	3476	0	-1	-1	-1	0
3622	3631	3407	9	-1	-1	-1	0
3403	3629	3628	9	-1	-1	-1	0
3477	3709	3478	0	-1	-1	-1	0
3479	3478	3710	0	-1	-1	-1	0
3631	3630	3407	9	-1	-1	-1	0
3479	3712	3483	0	-1	-1	-1	0
3632	3633	3409	9	-1	-1	-1	0
3481	3480	3713	6	-1	-1	-1	0
3714	3480	3482	6	-1	-1	-1	0
3483	3712	3482	0	-1	-1	-1	0
3411	3630	3636	9	-1	-1	-1	0
3634	3635	3410	9	-1	-1	-1	0
3707	3476	3496	0	-1	-1	-1	0
3411	3636	3634	9	-1	-1	-1	0
3632	3412	3637	9	-1	-1	-1	0
3481	3715	3486	6	-1	-1	-1	0
3412	3635	3638	9	-1	-1	-1	0
3485	3717	3484	6	-1	-1	-1	0
3412	3638	3637	9	-1	-1	-1	0
3715	3487	3486	6	-1	-1	-1	0
3487	3718	3485	6	-1	-1	-1	0
3415	3641	3639	9	-1	-1	-1	0
3640	3642	3415	9	-1	-1	-1	0
3641	3415	3642	9	-1	-1	-1	0
3640	3416	3643	9	-1	-1	-1	0
3721	3490	3488	8	-1	-1	-1	0
3491	3489	3722	5	-1	-1	-1	0
3490	3723	3489	5	-1	-1	-1	0
3644	3645	3417	9	-1	-1	-1	0
3646	3643	3418	9	-1	-1	-1	0
3421	3639	3648	9	-1	-1	-1	0
3646	3418	3645	9	-1	-1	-1	0
3492	3491	3726	5	-1	-1	-1	0
3493	3492	3727	5	-1	-1	-1	0
3494	3493	3728	0	-1	-1	-1	0
3575	3455	3687	2	-1	-1	-1	0
3728	3495	3494	0	-1	-1	-1	0
3648	3649	3422	9	-1	-1	-1	0
3650	3647	3422	9	-1	-1	-1	0
3649	3650	3422	9	-1	-1	-1	0
3495	3729	3497	0	-1	-1	-1	0
3647	3653	3424	9	-1	-1	-1	0
3651	3423	3652	9	-1	-1	-1	0
3499	3731	3496	0	-1	-1	-1	0
3498	3497	3732	0	-1	-1	-1	0
3705	3551	3471	0	-1	-1	-1	0
3488	3519	3721	8	-1	-1	-1	0
3424	3653	3652	9	-1	-1	-1	0
3734	3499	3498	0	-1	-1	-1	0
3529	3677	3526	0	-1	-1	-1	0
3685	3451	3597	2	-1	-1	-1	0
3426	3654	3655	0	-1	-1	-1	0
3532	3526	3677	0	-1	-1	-1	0
3427	3655	3656	0	-1	-1	-1	0
3501	3500	3738	8	-1	-1	-1	0
3428	3657	3658	0	-1	-1	-1	0
3656	3659	3429	0	-1	-1	-1	0
3429	3661	3657	0	-1	-1	-1	0
3502	3505	3740	3	-1	-1	-1	0
3660	3429	3659	0	-1	-1	-1	0
3503	3741	3504	3	-1	-1	-1	0
3739	3510	3501	8	-1	-1	-1	0
3429	3660	3661	0	-1	-1	-1	0
3741	3503	3507	3	-1	-1	-1	0
3665	3654	3432	4	-1	-1	-1	0
3667	3433	3651	9	-1	-1	-1	0
3505	3504	3742	3	-1	-1	-1	0
3431	3658	3664	0	-1	-1	-1	0
3740	3511	3502	3	-1	-1	-1	0
3663	3662	3431	0	-1	-1	-1	0
3664	3663	3431	0	-1	-1	-1	0
3523	3737	3500	8	-1	-1	-1	0
3506	3747	3507	8	-1	-1	-1	0
3633	3683	3446	9	-1	-1	-1	0
3747	3506	3509	8	-1	-1	-1	0
3484	3716	3563	6	-1	-1	-1	0
3433	3667	3666	9	-1	-1	-1	0
3749	3509	3508	8	-1	-1	-1	0
3751	3508	3510	8	-1	-1	-1	0
3666	3670	3435	9	-1	-1	-1	0
3669	3668	3434	4	-1	-1	-1	0
3669	3435	3670	9	-1	-1	-1	0
3437	3673	3665	4	-1	-1	-1	0
3448	3684	3644	9	-1	-1	-1	0
3672	3436	3668	4	-1	-1	-1	0
3676	3439	3662	0	-1	-1	-1	0
3436	3672	3671	4	-1	-1	-1	0
3755	3513	3511	3	-1	-1	-1	0
3673	3437	3671	4	-1	-1	-1	0
3513	3757	3512	8	-1	-1	-1	0
3756	3516	3512	8	-1	-1	-1	0
3438	3674	3675	0	-1	-1	-1	0
3514	3515	3759	8	-1	-1	-1	0
3677	3674	3439	0	-1	-1	-1	0
3516	3760	3515	8	-1	-1	-1	0
3514	3759	3518	8	-1	-1	-1	0
3439	3676	3677	0	-1	-1	-1	0
3518	3762	3517	8	-1	-1	-1	0
3441	3679	3678	4	-1	-1	-1	0
3519	3517	3763	8	-1	-1	-1	0
3443	3681	3679	4	-1	-1	-1	0
3681	3443	3680	4	-1	-1	-1	0
3766	3521	3520	8	-1	-1	-1	0
3766	3520	3522	8	-1	-1	-1	0
3446	3683	3682	9	-1	-1	-1	0
3521	3768	3523	8	-1	-1	-1	0
3684	3447	3682	9	-1	-1	-1	0
3612	3606	3600	9	-1	-1	-1	0
3525	3771	3524	0	-1	-1	-1	0
3524	3771	3527	0	-1	-1	-1	0
3687	3455	3686	2	-1	-1	-1	0
3528	3527	3773	0	-1	-1	-1	0
3685	3688	3457	0	-1	-1	-1	0
3608	3607	3616	9	-1	-1	-1	0
3679	3474	3678	4	-1	-1	-1	0
3769	3522	3540	5	-1	-1	-1	0
3775	3529	3528	0	-1	-1	-1	0
3675	3695	3463	0	-1	-1	-1	0
3681	3680	3472	4	-1	-1	-1	0
3679	3681	3473	4	-1	-1	-1	0
3689	3458	3688	0	-1	-1	-1	0
3687	3574	3575	2	-1	-1	-1	0
3691	3686	3460	2	-1	-1	-1	0
3576	3574	3687	2	-1	-1	-1	0
3530	3531	3777	0	-1	-1	-1	0
3690	3459	3689	0	-1	-1	-1	0
3544	3772	3525	6	-1	-1	-1	0
3530	3778	3533	0	-1	-1	-1	0
3691	3460	3690	2	-1	-1	-1	0
3780	3531	3532	0	-1	-1	-1	0
3693	3462	3692	0	-1	-1	-1	0
3534	3533	3781	0	-1	-1	-1	0
3694	3692	3463	0	-1	-1	-1	0
3695	3694	3463	0	-1	-1	-1	0
3783	3535	3534	0	-1	-1	-1	0
3464	3693	3696	0	-1	-1	-1	0
3618	3620	3617	9	-1	-1	-1	0
3536	3535	3785	0	-1	-1	-1	0
3537	3536	3785	5	-1	-1	-1	0
3698	3466	3696	0	-1	-1	-1	0
3537	3786	3539	5	-1	-1	-1	0
3697	3467	3699	0	-1	-1	-1	0
3698	3699	3467	0	-1	-1	-1	0
3788	3538	3539	5	-1	-1	-1	0
3540	3538	3789	5	-1	-1	-1	0
3697	3703	3469	0	-1	-1	-1	0
3468	3700	3701	0	-1	-1	-1	0
3700	3469	3702	0	-1	-1	-1	0
3542	3791	3541	6	-1	-1	-1	0
3469	3703	3702	0	-1	-1	-1	0
3543	3541	3791	6	-1	-1	-1	0
3704	3470	3701	0	-1	-1	-1	0
3598	3685	3597	2	-1	-1	-1	0
3471	3704	3705	0	-1	-1	-1	0
3674	3677	3529	0	-1	-1	-1	0
3546	3543	3792	6	-1	-1	-1	0
3542	3548	3791	6	-1	-1	-1	0
3545	3795	3544	6	-1	-1	-1	0
3599	3688	3598	2	-1	-1	-1	0
3676	3532	3677	0	-1	-1	-1	0
3796	3545	3546	6	-1	-1	-1	0
3707	3706	3476	0	-1	-1	-1	0
3477	3706	3708	0	-1	-1	-1	0
3708	3709	3477	0	-1	-1	-1	0
3550	3799	3548	6	-1	-1	-1	0
3478	3709	3711	0	-1	-1	-1	0
3710	3478	3711	0	-1	-1	-1	0
3549	3801	3550	6	-1	-1	-1	0
3552	3800	3549	7	-1	-1	-1	0
3712	3479	3710	0	-1	-1	-1	0
3637	3633	3632	9	-1	-1	-1	0
3552	3553	3800	7	-1	-1	-1	0
3551	3803	3553	7	-1	-1	-1	0
3713	3480	3714	6	-1	-1	-1	0
3712	3714	3482	0	-1	-1	-1	0
3481	3713	3715	6	-1	-1	-1	0
3555	3805	3554	0	-1	-1	-1	0
3554	3806	3556	0	-1	-1	-1	0
3716	3484	3717	6	-1	-1	-1	0
3555	3557	3807	7	-1	-1	-1	0
3717	3485	3718	6	-1	-1	-1	0
3715	3720	3487	6	-1	-1	-1	0
3557	3558	3808	7	-1	-1	-1	0
3719	3718	3487	6	-1	-1	-1	0
3487	3720	3719	6	-1	-1	-1	0
3556	3806	3564	0	-1	-1	-1	0
3808	3558	3560	7	-1	-1	-1	0
3561	3808	3560	7	-1	-1	-1	0
3559	3810	3561	6	-1	-1	-1	0
3810	3559	3562	6	-1	-1	-1	0
3489	3723	3722	5	-1	-1	-1	0
3490	3721	3724	8	-1	-1	-1	0
3707	3496	3731	0	-1	-1	-1	0
3563	3812	3562	6	-1	-1	-1	0
3490	3724	3723	8	-1	-1	-1	0
3726	3491	3725	5	-1	-1	-1	0
3565	3564	3814	0	-1	-1	-1	0
3727	3492	3726	5	-1	-1	-1	0
3491	3722	3725	5	-1	-1	-1	0
3565	3815	3566	0	-1	-1	-1	0
3727	3728	3493	5	-1	-1	-1	0
3566	3816	3567	0	-1	-1	-1	0
3653	3647	3650	9	-1	-1	-1	0
3567	3818	3568	0	-1	-1	-1	0
3730	3495	3728	0	-1	-1	-1	0
3730	3729	3495	0	-1	-1	-1	0
3733	3497	3729	0	-1	-1	-1	0
3572	3820	3569	9	-1	-1	-1	0
3497	3733	3732	0	-1	-1	-1	0
3820	3573	3569	9	-1	-1	-1	0
3821	3571	3570	9	-1	-1	-1	0
3734	3498	3732	0	-1	-1	-1	0
3822	3572	3571	9	-1	-1	-1	0
3736	3731	3499	0	-1	-1	-1	0
3734	3735	3499	0	-1	-1	-1	0
3736	3499	3735	0	-1	-1	-1	0
3598	3688	3685	2	-1	-1	-1	0
3586	3568	3819	0	-1	-1	-1	0
3500	3737	3738	8	-1	-1	-1	0
3738	3739	3501	8	-1	-1	-1	0
3674	3529	3776	0	-1	-1	-1	0
3578	3826	3577	9	-1	-1	-1	0
3827	3578	3579	9	-1	-1	-1	0
3570	3594	3821	9	-1	-1	-1	0
3828	3579	3580	2	-1	-1	-1	0
3741	3743	3504	3	-1	-1	-1	0
3780	3532	3676	0	-1	-1	-1	0
3504	3743	3742	3	-1	-1	-1	0
3744	3740	3505	3	-1	-1	-1	0
3826	3589	3577	9	-1	-1	-1	0
3505	3742	3746	3	-1	-1	-1	0
3582	3831	3581	2	-1	-1	-1	0
3505	3745	3744	3	-1	-1	-1	0
3580	3585	3830	2	-1	-1	-1	0
3745	3505	3746	3	-1	-1	-1	0
3507	3748	3741	3	-1	-1	-1	0
3831	3585	3581	2	-1	-1	-1	0
3832	3582	3583	0	-1	-1	-1	0
3599	3576	3825	2	-1	-1	-1	0
3833	3583	3584	0	-1	-1	-1	0
3507	3747	3748	3	-1	-1	-1	0
3510	3739	3753	8	-1	-1	-1	0
3721	3519	3763	8	-1	-1	-1	0
3835	3584	3586	0	-1	-1	-1	0
3511	3740	3755	3	-1	-1	-1	0
3750	3749	3508	8	-1	-1	-1	0
3752	3747	3509	8	-1	-1	-1	0
3508	3751	3750	8	-1	-1	-1	0
3749	3752	3509	8	-1	-1	-1	0
3618	3573	3824	9	-1	-1	-1	0
3510	3754	3751	8	-1	-1	-1	0
3588	3589	3839	9	-1	-1	-1	0
3838	3587	3591	9	-1	-1	-1	0
3590	3588	3839	9	-1	-1	-1	0
3510	3753	3754	8	-1	-1	-1	0
3838	3595	3587	9	-1	-1	-1	0
3842	3591	3590	9	-1	-1	-1	0
3757	3756	3512	8	-1	-1	-1	0
3755	3758	3513	3	-1	-1	-1	0
3758	3757	3513	3	-1	-1	-1	0
3844	3592	3593	9	-1	-1	-1	0
3523	3770	3737	8	-1	-1	-1	0
3594	3592	3844	9	-1	-1	-1	0
3761	3516	3756	8	-1	-1	-1	0
3759	3515	3760	8	-1	-1	-1	0
3845	3593	3596	9	-1	-1	-1	0
3761	3760	3516	8	-1	-1	-1	0
3595	3847	3596	9	-1	-1	-1	0
3518	3759	3765	8	-1	-1	-1	0
3763	3517	3762	8	-1	-1	-1	0
3518	3764	3762	8	-1	-1	-1	0
3765	3764	3518	8	-1	-1	-1	0
3602	3850	3601	9	-1	-1	-1	0
3521	3766	3767	8	-1	-1	-1	0
3850	3602	3603	9	-1	-1	-1	0
3768	3521	3767	8	-1	-1	-1	0
3766	3522	3769	8	-1	-1	-1	0
3604	3851	3603	9	-1	-1	-1	0
3803	3551	3705	0	-1	-1	-1	0
3770	3523	3768	8	-1	-1	-1	0
3852	3604	3605	9	-1	-1	-1	0
3687	3686	3691	2	-1	-1	-1	0
3606	3854	3605	9	-1	-1	-1	0
3771	3525	3772	0	-1	-1	-1	0
3774	3527	3771	0	-1	-1	-1	0
3612	3855	3606	9	-1	-1	-1	0
3609	3608	3856	9	-1	-1	-1	0
3774	3773	3527	0	-1	-1	-1	0
3775	3528	3773	0	-1	-1	-1	0
3857	3610	3609	9	-1	-1	-1	0
3692	3694	3693	0	-1	-1	-1	0
3856	3608	3616	9	-1	-1	-1	0
3775	3776	3529	0	-1	-1	-1	0
3859	3611	3610	9	-1	-1	-1	0
3612	3611	3860	9	-1	-1	-1	0
3777	3778	3530	0	-1	-1	-1	0
3531	3779	3777	0	-1	-1	-1	0
3687	3825	3576	2	-1	-1	-1	0
3613	3861	3615	9	-1	-1	-1	0
3613	3614	3862	9	-1	-1	-1	0
3531	3780	3779	0	-1	-1	-1	0
3813	3563	3716	6	-1	-1	-1	0
3533	3778	3782	0	-1	-1	-1	0
3864	3616	3615	9	-1	-1	-1	0
3781	3533	3782	0	-1	-1	-1	0
3619	3863	3614	9	-1	-1	-1	0
3540	3789	3769	5	-1	-1	-1	0
3534	3784	3783	0	-1	-1	-1	0
3784	3534	3781	0	-1	-1	-1	0
3535	3783	3785	0	-1	-1	-1	0
3780	3662	3663	0	-1	-1	-1	0
3618	3867	3620	9	-1	-1	-1	0
3620	3868	3619	9	-1	-1	-1	0
3537	3785	3786	5	-1	-1	-1	0
3795	3772	3544	6	-1	-1	-1	0
3869	3622	3621	9	-1	-1	-1	0
3538	3788	3787	5	-1	-1	-1	0
3787	3789	3538	5	-1	-1	-1	0
3790	3539	3786	5	-1	-1	-1	0
3788	3539	3790	5	-1	-1	-1	0
3627	3869	3621	9	-1	-1	-1	0
3676	3662	3780	0	-1	-1	-1	0
3623	3872	3624	9	-1	-1	-1	0
3872	3625	3624	9	-1	-1	-1	0
3622	3870	3631	9	-1	-1	-1	0
3674	3776	3675	0	-1	-1	-1	0
3625	3872	3629	9	-1	-1	-1	0
3873	3627	3626	9	-1	-1	-1	0
3873	3626	3628	9	-1	-1	-1	0
3793	3792	3543	6	-1	-1	-1	0
3543	3791	3794	6	-1	-1	-1	0
3794	3793	3543	6	-1	-1	-1	0
3849	3688	3599	2	-1	-1	-1	0
3795	3545	3796	6	-1	-1	-1	0
3792	3798	3546	6	-1	-1	-1	0
3631	3876	3630	9	-1	-1	-1	0
3791	3548	3799	6	-1	-1	-1	0
3546	3797	3796	6	-1	-1	-1	0
3797	3546	3798	6	-1	-1	-1	0
3636	3630	3877	9	-1	-1	-1	0
3879	3635	3634	9	-1	-1	-1	0
3637	3878	3633	9	-1	-1	-1	0
3636	3879	3634	9	-1	-1	-1	0
3801	3549	3800	6	-1	-1	-1	0
3799	3550	3802	6	-1	-1	-1	0
3801	3802	3550	6	-1	-1	-1	0
3635	3880	3638	9	-1	-1	-1	0
3637	3638	3882	9	-1	-1	-1	0
3804	3800	3553	7	-1	-1	-1	0
3553	3803	3804	7	-1	-1	-1	0
3641	3885	3639	9	-1	-1	-1	0
3806	3554	3805	0	-1	-1	-1	0
3805	3555	3807	0	-1	-1	-1	0
3640	3886	3642	9	-1	-1	-1	0
3643	3886	3640	9	-1	-1	-1	0
3887	3641	3642	9	-1	-1	-1	0
3639	3885	3648	9	-1	-1	-1	0
3809	3807	3557	7	-1	-1	-1	0
3809	3557	3808	7	-1	-1	-1	0
3889	3643	3646	9	-1	-1	-1	0
3644	3890	3645	9	-1	-1	-1	0
3808	3561	3811	7	-1	-1	-1	0
3561	3810	3811	6	-1	-1	-1	0
3646	3645	3892	9	-1	-1	-1	0
3812	3810	3562	6	-1	-1	-1	0
3564	3806	3814	0	-1	-1	-1	0
3812	3563	3813	6	-1	-1	-1	0
3648	3894	3649	9	-1	-1	-1	0
3683	3633	3878	9	-1	-1	-1	0
3565	3814	3815	0	-1	-1	-1	0
3896	3650	3649	9	-1	-1	-1	0
3815	3816	3566	0	-1	-1	-1	0
3816	3817	3567	0	-1	-1	-1	0
3897	3653	3650	9	-1	-1	-1	0
3651	3652	3898	9	-1	-1	-1	0
3817	3818	3567	0	-1	-1	-1	0
3653	3898	3652	9	-1	-1	-1	0
3825	3687	3691	2	-1	-1	-1	0
3818	3819	3568	0	-1	-1	-1	0
3901	3655	3654	0	-1	-1	-1	0
3656	3655	3902	0	-1	-1	-1	0
3822	3571	3821	9	-1	-1	-1	0
3572	3823	3820	9	-1	-1	-1	0
3898	3667	3651	9	-1	-1	-1	0
3824	3573	3820	9	-1	-1	-1	0
3822	3823	3572	9	-1	-1	-1	0
3902	3659	3656	0	-1	-1	-1	0
3644	3684	3890	9	-1	-1	-1	0
3904	3658	3657	0	-1	-1	-1	0
3654	3665	3900	4	-1	-1	-1	0
3903	3657	3661	0	-1	-1	-1	0
3660	3659	3907	0	-1	-1	-1	0
3849	3689	3688	2	-1	-1	-1	0
3658	3905	3664	0	-1	-1	-1	0
3908	3661	3660	0	-1	-1	-1	0
3827	3826	3578	9	-1	-1	-1	0
3579	3828	3827	2	-1	-1	-1	0
3829	3828	3580	2	-1	-1	-1	0
3830	3829	3580	2	-1	-1	-1	0
3913	3663	3664	0	-1	-1	-1	0
3819	3837	3586	0	-1	-1	-1	0
3582	3832	3831	0	-1	-1	-1	0
3583	3833	3832	0	-1	-1	-1	0
3666	3667	3917	9	-1	-1	-1	0
3584	3834	3833	0	-1	-1	-1	0
3830	3585	3836	2	-1	-1	-1	0
3666	3916	3670	9	-1	-1	-1	0
3831	3836	3585	2	-1	-1	-1	0
3665	3673	3915	4	-1	-1	-1	0
3834	3584	3835	0	-1	-1	-1	0
3589	3826	3840	9	-1	-1	-1	0
3668	3669	3921	4	-1	-1	-1	0
3835	3586	3837	0	-1	-1	-1	0
3668	3920	3672	4	-1	-1	-1	0
3669	3670	3922	9	-1	-1	-1	0
3594	3846	3821	9	-1	-1	-1	0
3671	3672	3925	4	-1	-1	-1	0
3841	3839	3589	9	-1	-1	-1	0
3671	3925	3673	4	-1	-1	-1	0
3589	3840	3841	9	-1	-1	-1	0
3590	3839	3842	9	-1	-1	-1	0
3591	3843	3838	9	-1	-1	-1	0
3849	3599	3825	2	-1	-1	-1	0
3842	3843	3591	9	-1	-1	-1	0
3595	3838	3847	9	-1	-1	-1	0
3593	3845	3844	9	-1	-1	-1	0
3846	3594	3844	9	-1	-1	-1	0
3848	3845	3596	9	-1	-1	-1	0
3847	3848	3596	9	-1	-1	-1	0
3682	3683	3929	9	-1	-1	-1	0
3682	3930	3684	9	-1	-1	-1	0
3928	3695	3675	0	-1	-1	-1	0
3837	3731	3736	0	-1	-1	-1	0
3850	3603	3851	9	-1	-1	-1	0
3604	3852	3851	9	-1	-1	-1	0
3867	3618	3824	9	-1	-1	-1	0
3853	3852	3605	9	-1	-1	-1	0
3690	3689	3933	2	-1	-1	-1	0
3854	3853	3605	9	-1	-1	-1	0
3933	3691	3690	2	-1	-1	-1	0
3854	3606	3855	9	-1	-1	-1	0
3694	3934	3693	0	-1	-1	-1	0
3856	3858	3609	9	-1	-1	-1	0
3694	3695	3934	0	-1	-1	-1	0
3609	3858	3857	9	-1	-1	-1	0
3935	3696	3693	0	-1	-1	-1	0
3857	3859	3610	9	-1	-1	-1	0
3855	3612	3860	9	-1	-1	-1	0
3698	3696	3935	0	-1	-1	-1	0
3859	3860	3611	9	-1	-1	-1	0
3937	3697	3699	0	-1	-1	-1	0
3698	3939	3699	0	-1	-1	-1	0
3862	3861	3613	9	-1	-1	-1	0
3865	3856	3616	9	-1	-1	-1	0
3703	3697	3937	0	-1	-1	-1	0
3862	3614	3863	9	-1	-1	-1	0
3861	3864	3615	9	-1	-1	-1	0
3702	3940	3700	0	-1	-1	-1	0
3700	3941	3701	0	-1	-1	-1	0
3616	3864	3866	9	-1	-1	-1	0
3866	3865	3616	9	-1	-1	-1	0
3704	3701	3942	0	-1	-1	-1	0
3703	3944	3702	0	-1	-1	-1	0
3863	3619	3868	9	-1	-1	-1	0
3704	3945	3705	0	-1	-1	-1	0
3663	3912	3780	0	-1	-1	-1	0
3867	3868	3620	9	-1	-1	-1	0
3706	3946	3708	0	-1	-1	-1	0
3947	3706	3707	0	-1	-1	-1	0
3871	3622	3869	9	-1	-1	-1	0
3871	3870	3622	9	-1	-1	-1	0
3950	3709	3708	0	-1	-1	-1	0
3709	3951	3711	0	-1	-1	-1	0
3875	3869	3627	9	-1	-1	-1	0
3711	3952	3710	0	-1	-1	-1	0
3627	3873	3874	9	-1	-1	-1	0
3710	3953	3712	0	-1	-1	-1	0
3627	3874	3875	9	-1	-1	-1	0
3870	3876	3631	9	-1	-1	-1	0
3928	3675	3776	0	-1	-1	-1	0
3714	3712	3953	0	-1	-1	-1	0
3713	3714	3955	6	-1	-1	-1	0
3630	3876	3877	9	-1	-1	-1	0
3713	3956	3715	6	-1	-1	-1	0
3799	3794	3791	6	-1	-1	-1	0
3948	3707	3731	0	-1	-1	-1	0
3720	3715	3956	6	-1	-1	-1	0
3881	3636	3877	9	-1	-1	-1	0
3959	3716	3717	0	-1	-1	-1	0
3879	3880	3635	9	-1	-1	-1	0
3718	3960	3717	0	-1	-1	-1	0
3879	3636	3881	9	-1	-1	-1	0
3637	3882	3878	9	-1	-1	-1	0
3961	3718	3719	0	-1	-1	-1	0
3883	3638	3880	9	-1	-1	-1	0
3719	3720	3964	6	-1	-1	-1	0
3638	3884	3882	9	-1	-1	-1	0
3638	3883	3884	9	-1	-1	-1	0
3736	3835	3837	0	-1	-1	-1	0
3721	3966	3724	8	-1	-1	-1	0
3967	3722	3723	5	-1	-1	-1	0
3885	3641	3887	9	-1	-1	-1	0
3722	3967	3725	5	-1	-1	-1	0
3886	3888	3642	9	-1	-1	-1	0
3968	3723	3724	8	-1	-1	-1	0
3642	3888	3887	9	-1	-1	-1	0
3643	3889	3886	9	-1	-1	-1	0
3726	3725	3971	5	-1	-1	-1	0
3972	3727	3726	5	-1	-1	-1	0
3645	3890	3891	9	-1	-1	-1	0
3892	3645	3891	9	-1	-1	-1	0
3646	3893	3889	9	-1	-1	-1	0
3973	3728	3727	5	-1	-1	-1	0
3648	3885	3895	9	-1	-1	-1	0
3809	3808	3811	7	-1	-1	-1	0
3892	3893	3646	9	-1	-1	-1	0
3973	3730	3728	5	-1	-1	-1	0
3937	3793	3703	0	-1	-1	-1	0
3729	3730	3975	0	-1	-1	-1	0
3974	3733	3729	0	-1	-1	-1	0
3895	3894	3648	9	-1	-1	-1	0
3896	3649	3894	9	-1	-1	-1	0
3944	3703	3793	0	-1	-1	-1	0
3732	3977	3734	0	-1	-1	-1	0
3650	3896	3897	9	-1	-1	-1	0
3733	3978	3732	0	-1	-1	-1	0
3899	3653	3897	9	-1	-1	-1	0
3691	3933	3825	2	-1	-1	-1	0
3734	3981	3735	0	-1	-1	-1	0
3653	3899	3898	9	-1	-1	-1	0
3721	3763	3966	8	-1	-1	-1	0
3803	3705	3945	0	-1	-1	-1	0
3736	3735	3983	0	-1	-1	-1	0
3654	3900	3901	0	-1	-1	-1	0
3901	3902	3655	0	-1	-1	-1	0
3738	3737	3985	8	-1	-1	-1	0
3739	3738	3986	8	-1	-1	-1	0
3903	3904	3657	0	-1	-1	-1	0
3905	3658	3904	0	-1	-1	-1	0
3902	3906	3659	0	-1	-1	-1	0
3744	3987	3740	3	-1	-1	-1	0
3779	3780	3912	0	-1	-1	-1	0
3689	3849	3933	2	-1	-1	-1	0
3659	3906	3907	0	-1	-1	-1	0
3741	3988	3743	3	-1	-1	-1	0
3989	3742	3743	3	-1	-1	-1	0
3911	3903	3661	0	-1	-1	-1	0
3907	3909	3660	0	-1	-1	-1	0
3988	3741	3748	3	-1	-1	-1	0
3742	3989	3746	3	-1	-1	-1	0
3909	3908	3660	0	-1	-1	-1	0
3739	3986	3753	8	-1	-1	-1	0
3910	3661	3908	0	-1	-1	-1	0
3665	3915	3900	4	-1	-1	-1	0
3744	3745	3992	3	-1	-1	-1	0
3911	3661	3910	0	-1	-1	-1	0
3987	3755	3740	3	-1	-1	-1	0
3905	3914	3664	0	-1	-1	-1	0
3667	3898	3919	9	-1	-1	-1	0
3746	3993	3745	9	-1	-1	-1	0
3958	3813	3716	0	-1	-1	-1	0
3913	3912	3663	0	-1	-1	-1	0
3914	3913	3664	0	-1	-1	-1	0
3996	3748	3747	3	-1	-1	-1	0
3984	3737	3770	8	-1	-1	-1	0
3932	3683	3878	9	-1	-1	-1	0
3996	3747	3752	3	-1	-1	-1	0
3749	3750	3998	8	-1	-1	-1	0
3749	3998	3752	8	-1	-1	-1	0
3666	3917	3916	9	-1	-1	-1	0
3999	3750	3751	8	-1	-1	-1	0
3918	3917	3667	9	-1	-1	-1	0
3919	3918	3667	9	-1	-1	-1	0
3930	3890	3684	9	-1	-1	-1	0
4001	3751	3754	8	-1	-1	-1	0
3921	3920	3668	4	-1	-1	-1	0
3924	3670	3916	9	-1	-1	-1	0
4005	3754	3753	0	-1	-1	-1	0
3915	3673	3925	4	-1	-1	-1	0
3669	3923	3921	4	-1	-1	-1	0
3923	3669	3922	4	-1	-1	-1	0
3670	3924	3922	9	-1	-1	-1	0
3731	3837	3948	0	-1	-1	-1	0
3926	3672	3920	4	-1	-1	-1	0
4007	3758	3755	3	-1	-1	-1	0
3793	3937	3792	0	-1	-1	-1	0
4009	3756	3757	8	-1	-1	-1	0
3672	3927	3925	4	-1	-1	-1	0
3926	3927	3672	4	-1	-1	-1	0
3758	4010	3757	3	-1	-1	-1	0
4008	3761	3756	8	-1	-1	-1	0
3798	3792	3939	0	-1	-1	-1	0
3760	4012	3759	8	-1	-1	-1	0
3794	3944	3793	6	-1	-1	-1	0
3761	4013	3760	8	-1	-1	-1	0
3765	3759	4012	8	-1	-1	-1	0
4014	3763	3762	8	-1	-1	-1	0
3764	4014	3762	8	-1	-1	-1	0
3930	3682	3929	9	-1	-1	-1	0
3683	3931	3929	9	-1	-1	-1	0
3765	4016	3764	8	-1	-1	-1	0
3931	3683	3932	9	-1	-1	-1	0
3766	4019	3767	8	-1	-1	-1	0
3766	3769	4019	8	-1	-1	-1	0
3835	3736	3983	0	-1	-1	-1	0
4021	3768	3767	8	-1	-1	-1	0
3695	3928	3936	0	-1	-1	-1	0
3768	4023	3770	8	-1	-1	-1	0
3935	3693	3934	0	-1	-1	-1	0
3936	3934	3695	0	-1	-1	-1	0
3772	4026	3771	0	-1	-1	-1	0
3698	3935	3938	0	-1	-1	-1	0
4026	3774	3771	0	-1	-1	-1	0
3938	3939	3698	0	-1	-1	-1	0
3939	3937	3699	0	-1	-1	-1	0
3774	4030	3773	0	-1	-1	-1	0
3773	4029	3775	0	-1	-1	-1	0
3865	3858	3856	9	-1	-1	-1	0
3940	3941	3700	0	-1	-1	-1	0
4024	3769	3789	5	-1	-1	-1	0
3775	4033	3776	0	-1	-1	-1	0
3818	3947	3819	0	-1	-1	-1	0
3941	3942	3701	0	-1	-1	-1	0
3940	3702	3943	0	-1	-1	-1	0
3943	3702	3944	0	-1	-1	-1	0
3779	4034	3777	0	-1	-1	-1	0
4035	3778	3777	0	-1	-1	-1	0
3704	3942	3945	0	-1	-1	-1	0
3772	3795	4027	6	-1	-1	-1	0
3778	4036	3782	0	-1	-1	-1	0
3706	3947	3946	0	-1	-1	-1	0
3947	3707	3948	0	-1	-1	-1	0
3782	4039	3781	0	-1	-1	-1	0
3946	3949	3708	0	-1	-1	-1	0
3948	3837	3819	0	-1	-1	-1	0
3781	4040	3784	0	-1	-1	-1	0
3949	3950	3708	0	-1	-1	-1	0
3825	3933	3849	2	-1	-1	-1	0
3783	3784	4042	0	-1	-1	-1	0
4042	3785	3783	0	-1	-1	-1	0
3951	3709	3950	0	-1	-1	-1	0
3953	3710	3952	0	-1	-1	-1	0
4044	3786	3785	5	-1	-1	-1	0
3869	3875	3871	9	-1	-1	-1	0
3711	3951	3954	0	-1	-1	-1	0
3711	3954	3952	0	-1	-1	-1	0
3790	3786	4045	5	-1	-1	-1	0
3788	4047	3787	5	-1	-1	-1	0
3953	3957	3714	0	-1	-1	-1	0
3956	3713	3955	6	-1	-1	-1	0
3787	4048	3789	5	-1	-1	-1	0
4049	3788	3790	5	-1	-1	-1	0
3955	3714	3957	6	-1	-1	-1	0
3958	3716	3959	0	-1	-1	-1	0
3717	3960	3959	0	-1	-1	-1	0
3962	3960	3718	0	-1	-1	-1	0
3880	3879	3881	9	-1	-1	-1	0
3965	3720	3956	6	-1	-1	-1	0
3962	3718	3961	0	-1	-1	-1	0
3963	3961	3719	0	-1	-1	-1	0
4053	3795	3796	6	-1	-1	-1	0
3880	3881	3883	9	-1	-1	-1	0
3794	3799	4052	6	-1	-1	-1	0
3796	3797	4053	6	-1	-1	-1	0
3963	3719	3964	0	-1	-1	-1	0
3753	3986	3909	0	-1	-1	-1	0
3720	3965	3964	6	-1	-1	-1	0
3797	3798	4054	6	-1	-1	-1	0
4052	3799	3802	6	-1	-1	-1	0
3801	3800	4057	6	-1	-1	-1	0
3967	3723	3968	8	-1	-1	-1	0
3969	3724	3966	8	-1	-1	-1	0
3968	3724	3969	8	-1	-1	-1	0
3800	3804	4057	6	-1	-1	-1	0
3802	3801	4059	6	-1	-1	-1	0
3967	3970	3725	5	-1	-1	-1	0
3725	3970	3971	5	-1	-1	-1	0
3909	4005	3753	0	-1	-1	-1	0
3804	3803	4060	7	-1	-1	-1	0
3939	3792	3937	0	-1	-1	-1	0
3726	3971	3972	5	-1	-1	-1	0
3973	3727	3972	5	-1	-1	-1	0
3805	3807	4062	0	-1	-1	-1	0
3806	3805	4063	0	-1	-1	-1	0
3975	3974	3729	0	-1	-1	-1	0
3730	3973	3976	5	-1	-1	-1	0
4065	3807	3809	7	-1	-1	-1	0
3976	3975	3730	5	-1	-1	-1	0
4064	3814	3806	0	-1	-1	-1	0
4066	3809	3811	7	-1	-1	-1	0
3977	3732	3978	0	-1	-1	-1	0
3974	3980	3733	0	-1	-1	-1	0
3810	4068	3811	6	-1	-1	-1	0
3812	4067	3810	6	-1	-1	-1	0
3978	3733	3979	0	-1	-1	-1	0
3981	3734	3977	0	-1	-1	-1	0
3932	3878	3882	9	-1	-1	-1	0
3979	3733	3980	0	-1	-1	-1	0
3813	4069	3812	6	-1	-1	-1	0
3932	3882	3884	9	-1	-1	-1	0
3735	3981	3982	0	-1	-1	-1	0
3982	3983	3735	0	-1	-1	-1	0
3814	4072	3815	0	-1	-1	-1	0
3816	3815	4073	0	-1	-1	-1	0
3984	3985	3737	8	-1	-1	-1	0
3817	3816	4076	0	-1	-1	-1	0
3985	3986	3738	8	-1	-1	-1	0
4077	3818	3817	0	-1	-1	-1	0
3819	3947	3948	0	-1	-1	-1	0
3743	3988	3990	3	-1	-1	-1	0
4079	3820	3823	9	-1	-1	-1	0
3743	3991	3989	3	-1	-1	-1	0
3822	3821	4080	9	-1	-1	-1	0
3824	3820	4079	9	-1	-1	-1	0
3744	3992	3987	3	-1	-1	-1	0
3743	3990	3991	3	-1	-1	-1	0
3823	3822	4081	9	-1	-1	-1	0
3779	3912	4038	0	-1	-1	-1	0
3746	3989	3995	9	-1	-1	-1	0
3745	3994	3992	9	-1	-1	-1	0
3994	3745	3993	9	-1	-1	-1	0
3988	3748	3997	3	-1	-1	-1	0
3993	3746	3995	9	-1	-1	-1	0
3776	4033	3928	0	-1	-1	-1	0
3826	3827	4084	9	-1	-1	-1	0
4085	3827	3828	2	-1	-1	-1	0
3748	3996	3997	3	-1	-1	-1	0
3829	4086	3828	2	-1	-1	-1	0
3966	3763	4014	8	-1	-1	-1	0
3830	4087	3829	2	-1	-1	-1	0
3846	4080	3821	9	-1	-1	-1	0
3750	4000	3998	8	-1	-1	-1	0
3755	3987	4007	3	-1	-1	-1	0
3999	4000	3750	8	-1	-1	-1	0
3826	4083	3840	9	-1	-1	-1	0
4002	3999	3751	8	-1	-1	-1	0
3752	4004	3996	3	-1	-1	-1	0
3832	4090	3831	0	-1	-1	-1	0
3998	4004	3752	3	-1	-1	-1	0
4089	3830	3836	2	-1	-1	-1	0
4001	4003	3751	8	-1	-1	-1	0
3832	3833	4091	0	-1	-1	-1	0
4002	3751	4003	8	-1	-1	-1	0
4090	3836	3831	0	-1	-1	-1	0
3833	3834	4091	0	-1	-1	-1	0
4001	3754	4006	0	-1	-1	-1	0
3835	4093	3834	0	-1	-1	-1	0
4006	3754	4005	0	-1	-1	-1	0
3867	3824	4082	9	-1	-1	-1	0
4008	3756	4009	8	-1	-1	-1	0
4007	4011	3758	3	-1	-1	-1	0
4010	4009	3757	3	-1	-1	-1	0
3841	4098	3839	9	-1	-1	-1	0
3843	4097	3838	9	-1	-1	-1	0
4011	4010	3758	3	-1	-1	-1	0
3842	3839	4098	9	-1	-1	-1	0
3984	3770	4025	8	-1	-1	-1	0
3841	3840	4100	9	-1	-1	-1	0
3847	3838	4097	9	-1	-1	-1	0
4013	3761	4008	8	-1	-1	-1	0
3760	4013	4012	8	-1	-1	-1	0
3842	4102	3843	9	-1	-1	-1	0
3944	3794	4052	6	-1	-1	-1	0
4056	3798	3939	0	-1	-1	-1	0
4014	3764	4015	8	-1	-1	-1	0
3765	4012	4017	8	-1	-1	-1	0
4015	3764	4016	8	-1	-1	-1	0
3844	3845	4107	9	-1	-1	-1	0
3844	4108	3846	9	-1	-1	-1	0
3765	4018	4016	8	-1	-1	-1	0
3765	4017	4018	8	-1	-1	-1	0
3848	4107	3845	9	-1	-1	-1	0
3848	3847	4110	9	-1	-1	-1	0
4020	3767	4019	8	-1	-1	-1	0
3767	4020	4021	8	-1	-1	-1	0
4060	3803	3945	0	-1	-1	-1	0
4021	4022	3768	8	-1	-1	-1	0
4024	4019	3769	8	-1	-1	-1	0
3768	4022	4023	8	-1	-1	-1	0
3770	4023	4025	8	-1	-1	-1	0
3853	3854	4113	9	-1	-1	-1	0
3855	4114	3854	9	-1	-1	-1	0
4028	4026	3772	0	-1	-1	-1	0
3772	4027	4028	6	-1	-1	-1	0
3855	3860	4115	9	-1	-1	-1	0
4116	3857	3858	9	-1	-1	-1	0
4026	4032	3774	0	-1	-1	-1	0
4029	3773	4030	0	-1	-1	-1	0
4117	3859	3857	9	-1	-1	-1	0
4030	3774	4031	0	-1	-1	-1	0
4031	3774	4032	0	-1	-1	-1	0
4033	3775	4029	0	-1	-1	-1	0
3859	4120	3860	9	-1	-1	-1	0
3865	4118	3858	9	-1	-1	-1	0
3813	3958	4070	0	-1	-1	-1	0
3818	4077	3947	0	-1	-1	-1	0
3861	3862	4121	9	-1	-1	-1	0
3861	4121	3864	9	-1	-1	-1	0
4034	4035	3777	0	-1	-1	-1	0
3863	4122	3862	9	-1	-1	-1	0
4036	3778	4035	0	-1	-1	-1	0
3865	3866	4118	9	-1	-1	-1	0
4037	4034	3779	0	-1	-1	-1	0
3866	3864	4121	9	-1	-1	-1	0
3779	4038	4037	0	-1	-1	-1	0
4124	3863	3868	9	-1	-1	-1	0
3782	4036	4041	0	-1	-1	-1	0
4040	3781	4039	0	-1	-1	-1	0
3867	4126	3868	9	-1	-1	-1	0
3782	4041	4039	0	-1	-1	-1	0
3912	3913	4038	0	-1	-1	-1	0
4051	4024	3789	5	-1	-1	-1	0
4043	3784	4040	0	-1	-1	-1	0
3784	4043	4042	0	-1	-1	-1	0
3871	4128	3870	9	-1	-1	-1	0
3785	4042	4044	5	-1	-1	-1	0
4053	4027	3795	6	-1	-1	-1	0
3876	3870	4129	9	-1	-1	-1	0
4044	4045	3786	5	-1	-1	-1	0
4130	3871	3875	9	-1	-1	-1	0
4130	3875	3874	9	-1	-1	-1	0
4046	3787	4047	5	-1	-1	-1	0
4046	4048	3787	5	-1	-1	-1	0
4045	4049	3790	5	-1	-1	-1	0
3876	4132	3877	9	-1	-1	-1	0
4050	4047	3788	5	-1	-1	-1	0
3788	4049	4050	5	-1	-1	-1	0
3789	4048	4051	5	-1	-1	-1	0
4134	3881	3877	9	-1	-1	-1	0
3881	4136	3883	9	-1	-1	-1	0
4137	3884	3883	9	-1	-1	-1	0
4053	3797	4055	6	-1	-1	-1	0
4054	4055	3797	6	-1	-1	-1	0
4054	3798	4056	0	-1	-1	-1	0
3887	4139	3885	9	-1	-1	-1	0
3835	3983	4094	0	-1	-1	-1	0
4059	4052	3802	6	-1	-1	-1	0
3886	4140	3888	9	-1	-1	-1	0
3889	4140	3886	9	-1	-1	-1	0
3801	4057	4058	6	-1	-1	-1	0
3887	3888	4141	9	-1	-1	-1	0
3801	4058	4059	6	-1	-1	-1	0
3895	3885	4139	9	-1	-1	-1	0
4061	4057	3804	6	-1	-1	-1	0
3891	3890	4144	9	-1	-1	-1	0
4060	4061	3804	6	-1	-1	-1	0
4143	3889	3893	9	-1	-1	-1	0
4146	3892	3891	9	-1	-1	-1	0
4062	4063	3805	0	-1	-1	-1	0
4147	3893	3892	9	-1	-1	-1	0
3938	4056	3939	0	-1	-1	-1	0
3806	4063	4064	0	-1	-1	-1	0
4065	4062	3807	0	-1	-1	-1	0
3896	3894	4148	9	-1	-1	-1	0
3895	4149	3894	9	-1	-1	-1	0
4052	3943	3944	6	-1	-1	-1	0
3809	4066	4065	7	-1	-1	-1	0
3896	4151	3897	9	-1	-1	-1	0
3810	4067	4068	6	-1	-1	-1	0
4066	3811	4068	6	-1	-1	-1	0
3899	3897	4151	9	-1	-1	-1	0
3812	4069	4067	6	-1	-1	-1	0
3969	3966	4014	8	-1	-1	-1	0
3814	4064	4071	0	-1	-1	-1	0
3899	4153	3898	9	-1	-1	-1	0
3813	4070	4069	0	-1	-1	-1	0
4138	3932	3884	9	-1	-1	-1	0
3814	4071	4072	0	-1	-1	-1	0
3900	4157	3901	0	-1	-1	-1	0
3902	3901	4158	0	-1	-1	-1	0
4074	3815	4072	0	-1	-1	-1	0
4074	4073	3815	0	-1	-1	-1	0
3890	3930	4144	9	-1	-1	-1	0
3816	4073	4075	0	-1	-1	-1	0
3816	4075	4076	0	-1	-1	-1	0
3903	4160	3904	0	-1	-1	-1	0
4159	3906	3902	0	-1	-1	-1	0
3904	4161	3905	0	-1	-1	-1	0
3946	3947	4077	0	-1	-1	-1	0
3898	4153	3919	9	-1	-1	-1	0
3817	4076	4078	0	-1	-1	-1	0
3915	4156	3900	4	-1	-1	-1	0
4077	3817	4078	0	-1	-1	-1	0
3903	3911	4160	0	-1	-1	-1	0
3997	3990	3988	3	-1	-1	-1	0
3906	4164	3907	0	-1	-1	-1	0
4162	3914	3905	0	-1	-1	-1	0
4165	3909	3907	0	-1	-1	-1	0
4081	3822	4080	9	-1	-1	-1	0
4079	3823	4081	9	-1	-1	-1	0
4166	3908	3909	0	-1	-1	-1	0
4167	3910	3908	0	-1	-1	-1	0
4079	4082	3824	9	-1	-1	-1	0
3959	4072	3958	0	-1	-1	-1	0
3911	3910	4168	0	-1	-1	-1	0
4084	4083	3826	9	-1	-1	-1	0
3959	3960	4074	0	-1	-1	-1	0
3827	4085	4084	2	-1	-1	-1	0
3960	3962	4074	0	-1	-1	-1	0
3962	3961	4075	0	-1	-1	-1	0
3913	3914	4171	0	-1	-1	-1	0
3828	4086	4085	2	-1	-1	-1	0
4088	4086	3829	2	-1	-1	-1	0
4088	3829	4087	2	-1	-1	-1	0
3830	4089	4087	2	-1	-1	-1	0
4176	3916	3917	9	-1	-1	-1	0
4177	3917	3918	9	-1	-1	-1	0
4091	4090	3832	0	-1	-1	-1	0
4175	3915	3925	4	-1	-1	-1	0
4178	3918	3919	9	-1	-1	-1	0
4176	3924	3916	9	-1	-1	-1	0
4092	4091	3834	0	-1	-1	-1	0
3834	4093	4092	0	-1	-1	-1	0
4089	3836	4095	0	-1	-1	-1	0
3920	3921	4181	4	-1	-1	-1	0
3836	4090	4096	0	-1	-1	-1	0
3835	4094	4093	0	-1	-1	-1	0
4083	4099	3840	9	-1	-1	-1	0
4095	3836	4096	0	-1	-1	-1	0
3927	4175	3925	4	-1	-1	-1	0
4182	3926	3920	4	-1	-1	-1	0
3923	4184	3921	4	-1	-1	-1	0
3923	3922	4186	4	-1	-1	-1	0
3922	3924	4185	9	-1	-1	-1	0
3846	4109	4080	9	-1	-1	-1	0
3840	4099	4100	9	-1	-1	-1	0
3841	4101	4098	9	-1	-1	-1	0
3926	4189	3927	4	-1	-1	-1	0
3841	4100	4101	9	-1	-1	-1	0
4103	3842	4098	9	-1	-1	-1	0
4097	3843	4104	9	-1	-1	-1	0
3842	4103	4102	9	-1	-1	-1	0
3843	4102	4105	9	-1	-1	-1	0
4104	3843	4105	9	-1	-1	-1	0
4194	3930	3929	9	-1	-1	-1	0
4059	3943	4052	6	-1	-1	-1	0
4110	3847	4097	9	-1	-1	-1	0
4195	3929	3931	9	-1	-1	-1	0
4106	3844	4107	9	-1	-1	-1	0
3928	4193	3936	0	-1	-1	-1	0
3844	4106	4108	9	-1	-1	-1	0
4196	3931	3932	9	-1	-1	-1	0
3909	3986	4166	0	-1	-1	-1	0
4109	3846	4108	9	-1	-1	-1	0
3934	4197	3935	0	-1	-1	-1	0
4111	4107	3848	9	-1	-1	-1	0
4197	3934	3936	0	-1	-1	-1	0
3848	4110	4112	9	-1	-1	-1	0
3848	4112	4111	9	-1	-1	-1	0
3938	3935	4198	0	-1	-1	-1	0
3867	4082	4127	9	-1	-1	-1	0
4165	4005	3909	0	-1	-1	-1	0
3854	4114	4113	9	-1	-1	-1	0
3940	4200	3941	0	-1	-1	-1	0
4200	3940	3943	0	-1	-1	-1	0
3855	4115	4114	9	-1	-1	-1	0
4201	3942	3941	0	-1	-1	-1	0
4026	4028	4032	0	-1	-1	-1	0
3942	4203	3945	0	-1	-1	-1	0
3857	4116	4117	9	-1	-1	-1	0
4119	4116	3858	9	-1	-1	-1	0
4120	4115	3860	9	-1	-1	-1	0
3858	4118	4119	9	-1	-1	-1	0
4120	3859	4117	9	-1	-1	-1	0
4071	4070	3958	0	-1	-1	-1	0
4204	3949	3946	0	-1	-1	-1	0
4072	4071	3958	0	-1	-1	-1	0
3946	4077	4078	0	-1	-1	-1	0
3950	3949	4205	0	-1	-1	-1	0
3959	4074	4072	0	-1	-1	-1	0
4121	3862	4123	9	-1	-1	-1	0
4123	3862	4122	9	-1	-1	-1	0
3951	3950	4206	0	-1	-1	-1	0
3863	4124	4122	9	-1	-1	-1	0
4074	3962	4073	0	-1	-1	-1	0
4125	4118	3866	9	-1	-1	-1	0
4073	3962	4075	0	-1	-1	-1	0
3954	3951	4206	0	-1	-1	-1	0
4125	3866	4121	9	-1	-1	-1	0
4207	3953	3952	0	-1	-1	-1	0
4207	3952	3954	0	-1	-1	-1	0
3953	4207	3957	0	-1	-1	-1	0
4124	3868	4126	9	-1	-1	-1	0
4209	3956	3955	6	-1	-1	-1	0
4127	4126	3867	9	-1	-1	-1	0
3957	4209	3955	6	-1	-1	-1	0
3913	4171	4038	0	-1	-1	-1	0
3870	4128	4129	9	-1	-1	-1	0
4043	4044	4042	5	-1	-1	-1	0
3956	4209	3965	6	-1	-1	-1	0
4128	3871	4131	9	-1	-1	-1	0
4131	3871	4130	9	-1	-1	-1	0
3961	3963	4211	0	-1	-1	-1	0
3984	4167	3985	0	-1	-1	-1	0
3986	3985	4166	0	-1	-1	-1	0
4129	4132	3876	9	-1	-1	-1	0
3964	4213	3963	0	-1	-1	-1	0
4133	3877	4132	9	-1	-1	-1	0
3964	3965	4214	6	-1	-1	-1	0
4134	3877	4133	9	-1	-1	-1	0
3881	4134	4135	9	-1	-1	-1	0
4136	3881	4135	9	-1	-1	-1	0
3967	3968	4217	8	-1	-1	-1	0
3967	4216	3970	5	-1	-1	-1	0
4193	3928	4033	0	-1	-1	-1	0
3969	4217	3968	8	-1	-1	-1	0
4136	4137	3883	9	-1	-1	-1	0
3884	4137	4138	9	-1	-1	-1	0
3970	4220	3971	5	-1	-1	-1	0
3971	4223	3972	5	-1	-1	-1	0
3887	4141	4139	9	-1	-1	-1	0
3972	4223	3973	5	-1	-1	-1	0
4142	3888	4140	9	-1	-1	-1	0
4142	4141	3888	9	-1	-1	-1	0
3889	4143	4140	9	-1	-1	-1	0
4225	3976	3973	5	-1	-1	-1	0
3975	4226	3974	0	-1	-1	-1	0
4025	4168	3984	0	-1	-1	-1	0
4228	3975	3976	5	-1	-1	-1	0
4144	4145	3891	9	-1	-1	-1	0
3974	4226	3980	0	-1	-1	-1	0
3891	4145	4146	9	-1	-1	-1	0
4143	3893	4147	9	-1	-1	-1	0
4150	3895	4139	9	-1	-1	-1	0
4147	3892	4146	9	-1	-1	-1	0
3977	3978	4230	0	-1	-1	-1	0
3977	4229	3981	0	-1	-1	-1	0
3979	4231	3978	0	-1	-1	-1	0
4149	4148	3894	9	-1	-1	-1	0
3979	3980	4232	0	-1	-1	-1	0
4229	3982	3981	0	-1	-1	-1	0
4198	4056	3938	0	-1	-1	-1	0
4150	4149	3895	9	-1	-1	-1	0
4152	3896	4148	9	-1	-1	-1	0
3896	4152	4151	9	-1	-1	-1	0
3982	4235	3983	0	-1	-1	-1	0
4200	3943	4059	6	-1	-1	-1	0
4219	3969	4014	8	-1	-1	-1	0
4155	3899	4151	9	-1	-1	-1	0
4154	4153	3899	9	-1	-1	-1	0
4154	3899	4155	9	-1	-1	-1	0
4060	3945	4203	0	-1	-1	-1	0
4157	3900	4156	0	-1	-1	-1	0
4157	4158	3901	0	-1	-1	-1	0
4238	3987	3992	3	-1	-1	-1	0
3989	3991	4239	9	-1	-1	-1	0
3902	4158	4159	0	-1	-1	-1	0
3990	4240	3991	3	-1	-1	-1	0
4239	3995	3989	9	-1	-1	-1	0
3994	4238	3992	9	-1	-1	-1	0
4160	4161	3904	0	-1	-1	-1	0
3997	4241	3990	3	-1	-1	-1	0
3946	4078	4204	0	-1	-1	-1	0
3906	4159	4163	0	-1	-1	-1	0
4161	4162	3905	0	-1	-1	-1	0
4243	3993	3995	9	-1	-1	-1	0
4244	3994	3993	9	-1	-1	-1	0
4007	3987	4238	3	-1	-1	-1	0
4163	4164	3906	0	-1	-1	-1	0
3907	4164	4165	0	-1	-1	-1	0
3911	4169	4160	0	-1	-1	-1	0
4167	3908	4166	0	-1	-1	-1	0
4249	3997	3996	3	-1	-1	-1	0
4167	4168	3910	0	-1	-1	-1	0
4174	4156	3915	4	-1	-1	-1	0
4211	4075	3961	0	-1	-1	-1	0
3914	4162	4172	0	-1	-1	-1	0
3996	4004	4249	3	-1	-1	-1	0
3911	4168	4170	0	-1	-1	-1	0
4251	3998	4000	3	-1	-1	-1	0
4169	3911	4170	0	-1	-1	-1	0
4252	4000	3999	8	-1	-1	-1	0
4180	3919	4153	9	-1	-1	-1	0
3998	4251	4004	3	-1	-1	-1	0
4253	3999	4002	8	-1	-1	-1	0
4029	4193	4033	0	-1	-1	-1	0
4029	4030	4199	0	-1	-1	-1	0
3914	4173	4171	0	-1	-1	-1	0
3914	4172	4173	0	-1	-1	-1	0
4001	4255	4003	8	-1	-1	-1	0
4257	4002	4003	8	-1	-1	-1	0
4006	4256	4001	0	-1	-1	-1	0
3915	4175	4174	4	-1	-1	-1	0
3932	4138	4196	9	-1	-1	-1	0
3930	4194	4144	9	-1	-1	-1	0
4177	4176	3917	9	-1	-1	-1	0
4005	4260	4006	0	-1	-1	-1	0
4179	4177	3918	9	-1	-1	-1	0
4178	4179	3918	9	-1	-1	-1	0
4178	3919	4180	9	-1	-1	-1	0
4007	4262	4011	3	-1	-1	-1	0
4264	4008	4009	8	-1	-1	-1	0
3920	4181	4182	4	-1	-1	-1	0
4010	4266	4009	3	-1	-1	-1	0
4183	4181	3921	4	-1	-1	-1	0
4008	4265	4013	8	-1	-1	-1	0
4010	4011	4267	3	-1	-1	-1	0
4176	4188	3924	9	-1	-1	-1	0
4183	3921	4184	4	-1	-1	-1	0
4186	3922	4185	4	-1	-1	-1	0
4184	3923	4187	4	-1	-1	-1	0
3927	4192	4175	4	-1	-1	-1	0
4013	4269	4012	8	-1	-1	-1	0
3923	4186	4187	4	-1	-1	-1	0
3924	4188	4185	9	-1	-1	-1	0
4190	3926	4182	4	-1	-1	-1	0
4269	4017	4012	8	-1	-1	-1	0
4101	4103	4098	9	-1	-1	-1	0
4271	4014	4015	8	-1	-1	-1	0
4015	4016	4273	8	-1	-1	-1	0
3926	4190	4189	4	-1	-1	-1	0
4191	3927	4189	4	-1	-1	-1	0
4018	4274	4016	8	-1	-1	-1	0
3927	4191	4192	4	-1	-1	-1	0
4094	3983	4237	0	-1	-1	-1	0
4275	4018	4017	8	-1	-1	-1	0
4278	4020	4019	8	-1	-1	-1	0
4058	4057	4202	6	-1	-1	-1	0
4200	4059	4058	6	-1	-1	-1	0
4194	3929	4195	9	-1	-1	-1	0
4166	3985	4167	0	-1	-1	-1	0
4168	4167	3984	0	-1	-1	-1	0
4057	4061	4202	6	-1	-1	-1	0
4279	4021	4020	8	-1	-1	-1	0
4019	4024	4277	8	-1	-1	-1	0
4195	3931	4196	9	-1	-1	-1	0
4280	4022	4021	8	-1	-1	-1	0
4203	4061	4060	0	-1	-1	-1	0
4281	4023	4022	8	-1	-1	-1	0
4199	3936	4193	0	-1	-1	-1	0
4281	4025	4023	8	-1	-1	-1	0
4197	4198	3935	0	-1	-1	-1	0
4199	4197	3936	0	-1	-1	-1	0
4283	4028	4027	6	-1	-1	-1	0
4202	3941	4200	0	-1	-1	-1	0
4202	4201	3941	0	-1	-1	-1	0
4032	4028	4284	0	-1	-1	-1	0
4203	3942	4201	0	-1	-1	-1	0
4031	4285	4030	0	-1	-1	-1	0
4286	4031	4032	0	-1	-1	-1	0
4282	4024	4051	5	-1	-1	-1	0
4035	4034	4288	0	-1	-1	-1	0
4204	4205	3949	0	-1	-1	-1	0
4037	4288	4034	0	-1	-1	-1	0
4036	4035	4289	0	-1	-1	-1	0
3950	4205	4206	0	-1	-1	-1	0
4076	4075	4211	0	-1	-1	-1	0
4025	4170	4168	0	-1	-1	-1	0
4027	4053	4283	6	-1	-1	-1	0
4037	4038	4291	0	-1	-1	-1	0
4041	4036	4289	0	-1	-1	-1	0
4212	4078	4076	0	-1	-1	-1	0
4208	3954	4206	0	-1	-1	-1	0
3954	4208	4207	0	-1	-1	-1	0
4293	4040	4039	0	-1	-1	-1	0
4293	4039	4041	0	-1	-1	-1	0
4210	4209	3957	6	-1	-1	-1	0
3957	4207	4210	0	-1	-1	-1	0
4040	4294	4043	0	-1	-1	-1	0
4297	4044	4043	5	-1	-1	-1	0
4212	4211	3963	0	-1	-1	-1	0
4045	4044	4297	5	-1	-1	-1	0
4212	3963	4213	0	-1	-1	-1	0
4215	3965	4209	6	-1	-1	-1	0
3964	4214	4213	0	-1	-1	-1	0
4053	4055	4283	6	-1	-1	-1	0
4045	4298	4049	5	-1	-1	-1	0
4048	4046	4299	5	-1	-1	-1	0
4047	4301	4046	5	-1	-1	-1	0
4215	4214	3965	6	-1	-1	-1	0
4298	4050	4049	5	-1	-1	-1	0
4050	4302	4047	5	-1	-1	-1	0
4216	3967	4217	8	-1	-1	-1	0
4048	4304	4051	5	-1	-1	-1	0
4217	3969	4218	8	-1	-1	-1	0
4219	4218	3969	8	-1	-1	-1	0
3970	4216	4221	5	-1	-1	-1	0
4220	3970	4221	5	-1	-1	-1	0
4220	4222	3971	5	-1	-1	-1	0
4307	4055	4054	6	-1	-1	-1	0
3971	4222	4224	5	-1	-1	-1	0
4054	4056	4308	0	-1	-1	-1	0
3971	4224	4223	5	-1	-1	-1	0
4199	4193	4029	0	-1	-1	-1	0
4225	3973	4223	5	-1	-1	-1	0
3975	4227	4226	5	-1	-1	-1	0
4225	4228	3976	5	-1	-1	-1	0
4150	4139	4141	9	-1	-1	-1	0
4165	4260	4005	0	-1	-1	-1	0
3975	4228	4227	5	-1	-1	-1	0
4310	4063	4062	0	-1	-1	-1	0
4230	4229	3977	0	-1	-1	-1	0
4310	4062	4065	0	-1	-1	-1	0
4230	3978	4231	0	-1	-1	-1	0
4063	4312	4064	0	-1	-1	-1	0
3980	4226	4234	0	-1	-1	-1	0
3979	4233	4231	0	-1	-1	-1	0
3979	4232	4233	0	-1	-1	-1	0
4313	4065	4066	7	-1	-1	-1	0
4234	4232	3980	0	-1	-1	-1	0
3982	4229	4236	0	-1	-1	-1	0
4071	4064	4312	0	-1	-1	-1	0
4066	4068	4314	6	-1	-1	-1	0
4068	4067	4315	6	-1	-1	-1	0
4067	4069	4315	6	-1	-1	-1	0
4235	3982	4236	0	-1	-1	-1	0
4312	4070	4071	0	-1	-1	-1	0
3983	4235	4237	0	-1	-1	-1	0
4069	4070	4316	0	-1	-1	-1	0
4202	4200	4058	6	-1	-1	-1	0
4061	4201	4202	0	-1	-1	-1	0
4203	4201	4061	0	-1	-1	-1	0
4241	4240	3990	3	-1	-1	-1	0
4242	4239	3991	9	-1	-1	-1	0
4240	4242	3991	9	-1	-1	-1	0
4281	4170	4025	0	-1	-1	-1	0
4079	4081	4318	9	-1	-1	-1	0
4247	4238	3994	9	-1	-1	-1	0
4082	4079	4319	9	-1	-1	-1	0
4243	4244	3993	9	-1	-1	-1	0
4081	4080	4320	9	-1	-1	-1	0
3995	4239	4248	9	-1	-1	-1	0
4145	4144	4194	9	-1	-1	-1	0
3994	4244	4245	9	-1	-1	-1	0
4246	3994	4245	9	-1	-1	-1	0
3995	4248	4243	9	-1	-1	-1	0
4153	4154	4180	9	-1	-1	-1	0
3994	4246	4247	9	-1	-1	-1	0
4241	3997	4250	3	-1	-1	-1	0
4084	4322	4083	9	-1	-1	-1	0
4084	4085	4325	2	-1	-1	-1	0
3997	4249	4250	3	-1	-1	-1	0
4085	4086	4325	2	-1	-1	-1	0
4211	4212	4076	0	-1	-1	-1	0
4292	4038	4171	0	-1	-1	-1	0
4086	4088	4327	2	-1	-1	-1	0
4270	4219	4014	8	-1	-1	-1	0
4329	4088	4087	2	-1	-1	-1	0
3999	4253	4252	8	-1	-1	-1	0
4004	4251	4249	3	-1	-1	-1	0
4087	4089	4328	2	-1	-1	-1	0
4323	4099	4083	9	-1	-1	-1	0
4254	4251	4000	3	-1	-1	-1	0
4000	4252	4254	3	-1	-1	-1	0
4238	4263	4007	3	-1	-1	-1	0
4080	4109	4320	9	-1	-1	-1	0
4256	4255	4001	0	-1	-1	-1	0
4002	4258	4253	8	-1	-1	-1	0
4091	4333	4090	0	-1	-1	-1	0
4199	4030	4285	0	-1	-1	-1	0
4089	4095	4331	0	-1	-1	-1	0
4091	4092	4333	0	-1	-1	-1	0
4258	4002	4257	8	-1	-1	-1	0
4255	4259	4003	8	-1	-1	-1	0
4333	4096	4090	0	-1	-1	-1	0
4257	4003	4259	8	-1	-1	-1	0
4093	4336	4092	0	-1	-1	-1	0
4256	4006	4261	0	-1	-1	-1	0
4094	4337	4093	0	-1	-1	-1	0
4261	4006	4260	0	-1	-1	-1	0
4082	4321	4127	9	-1	-1	-1	0
4095	4096	4340	0	-1	-1	-1	0
4263	4262	4007	3	-1	-1	-1	0
4008	4264	4265	8	-1	-1	-1	0
4266	4264	4009	3	-1	-1	-1	0
4268	4011	4262	3	-1	-1	-1	0
4341	4097	4104	9	-1	-1	-1	0
4100	4099	4343	9	-1	-1	-1	0
4266	4010	4267	3	-1	-1	-1	0
4101	4100	4345	9	-1	-1	-1	0
4267	4011	4268	3	-1	-1	-1	0
4269	4013	4265	8	-1	-1	-1	0
4341	4110	4097	9	-1	-1	-1	0
4101	4345	4103	9	-1	-1	-1	0
4105	4341	4104	9	-1	-1	-1	0
4103	4347	4102	9	-1	-1	-1	0
4346	4105	4102	9	-1	-1	-1	0
4271	4270	4014	8	-1	-1	-1	0
4272	4271	4015	8	-1	-1	-1	0
4273	4272	4015	8	-1	-1	-1	0
4269	4275	4017	8	-1	-1	-1	0
4308	4056	4198	0	-1	-1	-1	0
4106	4107	4350	9	-1	-1	-1	0
4112	4110	4341	9	-1	-1	-1	0
4016	4274	4273	8	-1	-1	-1	0
4108	4106	4351	9	-1	-1	-1	0
4111	4350	4107	9	-1	-1	-1	0
4276	4274	4018	8	-1	-1	-1	0
4275	4276	4018	8	-1	-1	-1	0
4108	4353	4109	9	-1	-1	-1	0
4019	4277	4278	8	-1	-1	-1	0
4112	4354	4111	9	-1	-1	-1	0
4278	4279	4020	8	-1	-1	-1	0
4021	4279	4280	8	-1	-1	-1	0
4022	4280	4281	8	-1	-1	-1	0
4282	4277	4024	8	-1	-1	-1	0
4113	4114	4358	9	-1	-1	-1	0
4115	4358	4114	9	-1	-1	-1	0
4117	4116	4361	9	-1	-1	-1	0
4120	4360	4115	9	-1	-1	-1	0
4283	4284	4028	6	-1	-1	-1	0
4361	4116	4119	9	-1	-1	-1	0
4117	4362	4120	9	-1	-1	-1	0
4204	4078	4317	0	-1	-1	-1	0
4118	4364	4119	9	-1	-1	-1	0
4284	4286	4032	0	-1	-1	-1	0
4031	4287	4285	0	-1	-1	-1	0
4031	4286	4287	0	-1	-1	-1	0
4363	4118	4125	9	-1	-1	-1	0
4078	4212	4317	0	-1	-1	-1	0
4123	4367	4121	9	-1	-1	-1	0
4035	4288	4289	0	-1	-1	-1	0
4368	4123	4122	9	-1	-1	-1	0
4125	4121	4367	9	-1	-1	-1	0
4368	4122	4124	9	-1	-1	-1	0
4037	4290	4288	0	-1	-1	-1	0
4291	4290	4037	0	-1	-1	-1	0
4124	4126	4371	9	-1	-1	-1	0
4038	4292	4291	0	-1	-1	-1	0
4127	4371	4126	9	-1	-1	-1	0
4295	4041	4289	0	-1	-1	-1	0
4040	4293	4294	0	-1	-1	-1	0
4041	4295	4293	0	-1	-1	-1	0
4376	4129	4128	9	-1	-1	-1	0
4296	4043	4294	5	-1	-1	-1	0
4215	4209	4210	6	-1	-1	-1	0
4128	4131	4376	9	-1	-1	-1	0
4297	4043	4296	5	-1	-1	-1	0
4282	4051	4304	5	-1	-1	-1	0
4132	4129	4378	9	-1	-1	-1	0
4045	4297	4298	5	-1	-1	-1	0
4132	4379	4133	9	-1	-1	-1	0
4046	4300	4299	5	-1	-1	-1	0
4133	4380	4134	9	-1	-1	-1	0
4300	4046	4301	5	-1	-1	-1	0
4055	4309	4283	6	-1	-1	-1	0
4301	4047	4302	5	-1	-1	-1	0
4303	4048	4299	5	-1	-1	-1	0
4134	4381	4135	9	-1	-1	-1	0
4135	4382	4136	9	-1	-1	-1	0
4298	4306	4050	5	-1	-1	-1	0
4048	4303	4304	5	-1	-1	-1	0
4136	4383	4137	9	-1	-1	-1	0
4305	4302	4050	5	-1	-1	-1	0
4137	4386	4138	9	-1	-1	-1	0
4050	4306	4305	5	-1	-1	-1	0
4054	4308	4307	0	-1	-1	-1	0
4140	4387	4142	9	-1	-1	-1	0
4140	4143	4387	9	-1	-1	-1	0
4094	4237	4339	0	-1	-1	-1	0
4055	4307	4309	6	-1	-1	-1	0
4388	4141	4142	9	-1	-1	-1	0
4141	4388	4150	9	-1	-1	-1	0
4390	4143	4147	9	-1	-1	-1	0
4145	4392	4146	9	-1	-1	-1	0
4310	4311	4063	0	-1	-1	-1	0
4311	4312	4063	0	-1	-1	-1	0
4146	4393	4147	9	-1	-1	-1	0
4313	4310	4065	0	-1	-1	-1	0
4394	4148	4149	9	-1	-1	-1	0
4066	4314	4313	6	-1	-1	-1	0
4152	4148	4394	9	-1	-1	-1	0
4230	4236	4229	0	-1	-1	-1	0
4396	4149	4150	9	-1	-1	-1	0
4315	4314	4068	6	-1	-1	-1	0
4316	4070	4312	0	-1	-1	-1	0
4152	4397	4151	9	-1	-1	-1	0
4316	4315	4069	0	-1	-1	-1	0
4155	4151	4397	9	-1	-1	-1	0
4154	4155	4399	9	-1	-1	-1	0
4157	4156	4402	0	-1	-1	-1	0
4318	4319	4079	9	-1	-1	-1	0
4158	4157	4404	0	-1	-1	-1	0
4320	4318	4081	9	-1	-1	-1	0
4196	4138	4386	9	-1	-1	-1	0
4158	4405	4159	0	-1	-1	-1	0
4082	4319	4321	9	-1	-1	-1	0
4083	4322	4323	9	-1	-1	-1	0
4159	4406	4163	0	-1	-1	-1	0
4408	4161	4160	0	-1	-1	-1	0
4391	4145	4194	9	-1	-1	-1	0
4084	4324	4322	2	-1	-1	-1	0
4161	4410	4162	0	-1	-1	-1	0
4324	4084	4325	2	-1	-1	-1	0
4156	4174	4403	4	-1	-1	-1	0
4180	4154	4400	9	-1	-1	-1	0
4086	4326	4325	2	-1	-1	-1	0
4409	4160	4169	0	-1	-1	-1	0
4327	4326	4086	2	-1	-1	-1	0
4413	4164	4163	0	-1	-1	-1	0
4317	4212	4213	0	-1	-1	-1	0
4087	4328	4329	2	-1	-1	-1	0
4416	4165	4164	0	-1	-1	-1	0
4330	4327	4088	2	-1	-1	-1	0
4411	4172	4162	0	-1	-1	-1	0
4088	4329	4330	2	-1	-1	-1	0
4332	4328	4089	0	-1	-1	-1	0
4089	4331	4332	0	-1	-1	-1	0
4418	4169	4170	0	-1	-1	-1	0
4092	4334	4333	0	-1	-1	-1	0
4334	4092	4335	0	-1	-1	-1	0
4171	4173	4419	0	-1	-1	-1	0
4335	4092	4336	0	-1	-1	-1	0
4323	4342	4099	9	-1	-1	-1	0
4172	4420	4173	0	-1	-1	-1	0
4331	4095	4340	0	-1	-1	-1	0
4338	4336	4093	0	-1	-1	-1	0
4093	4337	4338	0	-1	-1	-1	0
4333	4340	4096	0	-1	-1	-1	0
4337	4094	4339	0	-1	-1	-1	0
4422	4174	4175	4	-1	-1	-1	0
4176	4177	4423	9	-1	-1	-1	0
4425	4177	4179	9	-1	-1	-1	0
4320	4109	4353	9	-1	-1	-1	0
4426	4179	4178	9	-1	-1	-1	0
4099	4342	4343	9	-1	-1	-1	0
4180	4427	4178	9	-1	-1	-1	0
4100	4343	4344	9	-1	-1	-1	0
4176	4424	4188	9	-1	-1	-1	0
4344	4345	4100	9	-1	-1	-1	0
4192	4422	4175	4	-1	-1	-1	0
4105	4348	4341	9	-1	-1	-1	0
4182	4181	4431	4	-1	-1	-1	0
4345	4347	4103	9	-1	-1	-1	0
4347	4346	4102	9	-1	-1	-1	0
4432	4181	4183	4	-1	-1	-1	0
4346	4349	4105	9	-1	-1	-1	0
4348	4105	4349	9	-1	-1	-1	0
4184	4435	4183	4	-1	-1	-1	0
4182	4433	4190	4	-1	-1	-1	0
4184	4187	4436	4	-1	-1	-1	0
4350	4351	4106	9	-1	-1	-1	0
4185	4438	4186	4	-1	-1	-1	0
4357	4112	4341	9	-1	-1	-1	0
4351	4352	4108	9	-1	-1	-1	0
4185	4188	4439	9	-1	-1	-1	0
4353	4108	4352	9	-1	-1	-1	0
4187	4186	4440	4	-1	-1	-1	0
4111	4355	4350	9	-1	-1	-1	0
4354	4355	4111	9	-1	-1	-1	0
4112	4356	4354	9	-1	-1	-1	0
4321	4375	4127	9	-1	-1	-1	0
4189	4190	4445	4	-1	-1	-1	0
4445	4191	4189	4	-1	-1	-1	0
4112	4357	4356	9	-1	-1	-1	0
4447	4192	4191	4	-1	-1	-1	0
4358	4115	4359	9	-1	-1	-1	0
4359	4115	4360	9	-1	-1	-1	0
4194	4195	4449	9	-1	-1	-1	0
4362	4117	4361	9	-1	-1	-1	0
4260	4165	4417	0	-1	-1	-1	0
4195	4196	4451	9	-1	-1	-1	0
4362	4360	4120	9	-1	-1	-1	0
4363	4364	4118	9	-1	-1	-1	0
4119	4366	4361	9	-1	-1	-1	0
4197	4453	4198	0	-1	-1	-1	0
4119	4364	4365	9	-1	-1	-1	0
4197	4199	4453	0	-1	-1	-1	0
4365	4366	4119	9	-1	-1	-1	0
4123	4369	4367	9	-1	-1	-1	0
4368	4369	4123	9	-1	-1	-1	0
4363	4125	4374	9	-1	-1	-1	0
4204	4455	4205	0	-1	-1	-1	0
4372	4368	4124	9	-1	-1	-1	0
4125	4367	4373	9	-1	-1	-1	0
4124	4371	4370	9	-1	-1	-1	0
4124	4370	4372	9	-1	-1	-1	0
4205	4456	4206	0	-1	-1	-1	0
4418	4170	4281	0	-1	-1	-1	0
4456	4208	4206	0	-1	-1	-1	0
4374	4125	4373	9	-1	-1	-1	0
4207	4208	4457	0	-1	-1	-1	0
4127	4375	4371	9	-1	-1	-1	0
4210	4207	4457	0	-1	-1	-1	0
4283	4309	4284	6	-1	-1	-1	0
4376	4377	4129	9	-1	-1	-1	0
4419	4292	4171	0	-1	-1	-1	0
4215	4210	4459	6	-1	-1	-1	0
4129	4377	4378	9	-1	-1	-1	0
4214	4460	4213	0	-1	-1	-1	0
4379	4132	4378	9	-1	-1	-1	0
4462	4214	4215	6	-1	-1	-1	0
4380	4133	4379	9	-1	-1	-1	0
4380	4381	4134	9	-1	-1	-1	0
4463	4216	4217	8	-1	-1	-1	0
4218	4463	4217	8	-1	-1	-1	0
4382	4135	4381	9	-1	-1	-1	0
4221	4216	4463	8	-1	-1	-1	0
4464	4218	4219	8	-1	-1	-1	0
4136	4382	4384	9	-1	-1	-1	0
4384	4383	4136	9	-1	-1	-1	0
4137	4383	4385	9	-1	-1	-1	0
4466	4220	4221	5	-1	-1	-1	0
4385	4386	4137	9	-1	-1	-1	0
4467	4222	4220	5	-1	-1	-1	0
4470	4224	4222	5	-1	-1	-1	0
4389	4142	4387	9	-1	-1	-1	0
4471	4223	4224	5	-1	-1	-1	0
4225	4223	4471	5	-1	-1	-1	0
4389	4388	4142	9	-1	-1	-1	0
4387	4143	4390	9	-1	-1	-1	0
4228	4225	4474	5	-1	-1	-1	0
4475	4226	4227	5	-1	-1	-1	0
4392	4145	4391	9	-1	-1	-1	0
4390	4147	4393	9	-1	-1	-1	0
4393	4146	4392	9	-1	-1	-1	0
4476	4227	4228	5	-1	-1	-1	0
4396	4150	4388	9	-1	-1	-1	0
4475	4234	4226	5	-1	-1	-1	0
4231	4477	4230	0	-1	-1	-1	0
4394	4149	4395	9	-1	-1	-1	0
4285	4454	4199	0	-1	-1	-1	0
4311	4316	4312	0	-1	-1	-1	0
4396	4395	4149	9	-1	-1	-1	0
4480	4231	4233	0	-1	-1	-1	0
4398	4152	4394	9	-1	-1	-1	0
4230	4479	4236	0	-1	-1	-1	0
4233	4232	4481	0	-1	-1	-1	0
4234	4481	4232	0	-1	-1	-1	0
4398	4397	4152	9	-1	-1	-1	0
4154	4399	4400	9	-1	-1	-1	0
4401	4155	4397	9	-1	-1	-1	0
4465	4219	4270	8	-1	-1	-1	0
4401	4399	4155	9	-1	-1	-1	0
4236	4484	4235	0	-1	-1	-1	0
4237	4235	4484	0	-1	-1	-1	0
4308	4198	4453	0	-1	-1	-1	0
4402	4156	4403	0	-1	-1	-1	0
4404	4157	4402	0	-1	-1	-1	0
4242	4486	4239	9	-1	-1	-1	0
4158	4404	4405	0	-1	-1	-1	0
4488	4240	4241	3	-1	-1	-1	0
4487	4242	4240	9	-1	-1	-1	0
4485	4238	4247	9	-1	-1	-1	0
4159	4405	4407	0	-1	-1	-1	0
4407	4406	4159	0	-1	-1	-1	0
4239	4486	4248	9	-1	-1	-1	0
4317	4455	4204	0	-1	-1	-1	0
4408	4160	4409	0	-1	-1	-1	0
4243	4492	4244	9	-1	-1	-1	0
4161	4408	4410	0	-1	-1	-1	0
4490	4241	4250	3	-1	-1	-1	0
4163	4406	4414	0	-1	-1	-1	0
4494	4245	4244	9	-1	-1	-1	0
4493	4243	4248	9	-1	-1	-1	0
4410	4412	4162	0	-1	-1	-1	0
4411	4162	4412	0	-1	-1	-1	0
4238	4485	4263	3	-1	-1	-1	0
4246	4245	4495	9	-1	-1	-1	0
4497	4247	4246	9	-1	-1	-1	0
4413	4163	4414	0	-1	-1	-1	0
4461	4317	4213	0	-1	-1	-1	0
4413	4415	4164	0	-1	-1	-1	0
4416	4164	4415	0	-1	-1	-1	0
4418	4409	4169	0	-1	-1	-1	0
4416	4417	4165	0	-1	-1	-1	0
4403	4174	4422	4	-1	-1	-1	0
4499	4249	4251	3	-1	-1	-1	0
4501	4250	4249	3	-1	-1	-1	0
4411	4420	4172	0	-1	-1	-1	0
4251	4254	4499	3	-1	-1	-1	0
4334	4340	4333	0	-1	-1	-1	0
4180	4400	4427	9	-1	-1	-1	0
4252	4253	4503	8	-1	-1	-1	0
4504	4254	4252	3	-1	-1	-1	0
4419	4173	4421	0	-1	-1	-1	0
4420	4421	4173	0	-1	-1	-1	0
4505	4253	4258	8	-1	-1	-1	0
4256	4507	4255	0	-1	-1	-1	0
4255	4506	4259	8	-1	-1	-1	0
4176	4423	4424	9	-1	-1	-1	0
4509	4258	4257	8	-1	-1	-1	0
4257	4259	4509	8	-1	-1	-1	0
4508	4256	4261	0	-1	-1	-1	0
4423	4177	4425	9	-1	-1	-1	0
4421	4302	4305	0	-1	-1	-1	0
4427	4426	4178	9	-1	-1	-1	0
4196	4386	4451	9	-1	-1	-1	0
4426	4428	4179	9	-1	-1	-1	0
4260	4512	4261	0	-1	-1	-1	0
4425	4179	4429	9	-1	-1	-1	0
4194	4449	4391	9	-1	-1	-1	0
4179	4428	4430	9	-1	-1	-1	0
4429	4179	4430	9	-1	-1	-1	0
4515	4262	4263	3	-1	-1	-1	0
4432	4431	4181	4	-1	-1	-1	0
4262	4515	4268	3	-1	-1	-1	0
4182	4431	4433	4	-1	-1	-1	0
4348	4357	4341	9	-1	-1	-1	0
4264	4517	4265	8	-1	-1	-1	0
4266	4518	4264	3	-1	-1	-1	0
4434	4432	4183	4	-1	-1	-1	0
4183	4435	4434	4	-1	-1	-1	0
4269	4265	4519	8	-1	-1	-1	0
4520	4266	4267	3	-1	-1	-1	0
4188	4424	4443	9	-1	-1	-1	0
4521	4267	4268	3	-1	-1	-1	0
4435	4184	4437	4	-1	-1	-1	0
4184	4436	4437	4	-1	-1	-1	0
4339	4237	4484	0	-1	-1	-1	0
4438	4185	4439	4	-1	-1	-1	0
4422	4192	4448	4	-1	-1	-1	0
4271	4523	4270	8	-1	-1	-1	0
4438	4440	4186	4	-1	-1	-1	0
4187	4442	4436	4	-1	-1	-1	0
4522	4275	4269	8	-1	-1	-1	0
4440	4441	4187	4	-1	-1	-1	0
4272	4525	4271	8	-1	-1	-1	0
4446	4190	4433	4	-1	-1	-1	0
4442	4187	4441	4	-1	-1	-1	0
4439	4188	4444	9	-1	-1	-1	0
4273	4526	4272	8	-1	-1	-1	0
4188	4443	4444	9	-1	-1	-1	0
4274	4529	4273	8	-1	-1	-1	0
4529	4274	4276	8	-1	-1	-1	0
4446	4445	4190	4	-1	-1	-1	0
4276	4275	4530	8	-1	-1	-1	0
4191	4445	4447	4	-1	-1	-1	0
4447	4448	4192	4	-1	-1	-1	0
4533	4278	4277	8	-1	-1	-1	0
4534	4279	4278	8	-1	-1	-1	0
4277	4282	4533	8	-1	-1	-1	0
4534	4280	4279	8	-1	-1	-1	0
4450	4449	4195	9	-1	-1	-1	0
4195	4452	4450	9	-1	-1	-1	0
4535	4281	4280	8	-1	-1	-1	0
4195	4451	4452	9	-1	-1	-1	0
4199	4454	4453	0	-1	-1	-1	0
4284	4539	4286	0	-1	-1	-1	0
4287	4286	4539	0	-1	-1	-1	0
4540	4285	4287	0	-1	-1	-1	0
4456	4205	4455	0	-1	-1	-1	0
4288	4542	4289	0	-1	-1	-1	0
4290	4542	4288	0	-1	-1	-1	0
4456	4458	4208	0	-1	-1	-1	0
4457	4208	4458	0	-1	-1	-1	0
4543	4290	4291	0	-1	-1	-1	0
4304	4538	4282	5	-1	-1	-1	0
4542	4295	4289	0	-1	-1	-1	0
4459	4210	4457	0	-1	-1	-1	0
4291	4292	4545	0	-1	-1	-1	0
4539	4284	4309	6	-1	-1	-1	0
4213	4460	4461	0	-1	-1	-1	0
4294	4293	4548	0	-1	-1	-1	0
4293	4295	4547	0	-1	-1	-1	0
4214	4462	4460	0	-1	-1	-1	0
4215	4459	4462	6	-1	-1	-1	0
4294	4549	4296	5	-1	-1	-1	0
4420	4302	4421	0	-1	-1	-1	0
4551	4297	4296	5	-1	-1	-1	0
4463	4218	4464	8	-1	-1	-1	0
4297	4551	4298	5	-1	-1	-1	0
4464	4219	4465	8	-1	-1	-1	0
4553	4299	4300	5	-1	-1	-1	0
4468	4221	4463	8	-1	-1	-1	0
4467	4220	4466	5	-1	-1	-1	0
4299	4552	4303	5	-1	-1	-1	0
4306	4298	4551	5	-1	-1	-1	0
4555	4300	4301	0	-1	-1	-1	0
4221	4469	4466	5	-1	-1	-1	0
4469	4221	4468	8	-1	-1	-1	0
4467	4470	4222	5	-1	-1	-1	0
4302	4556	4301	0	-1	-1	-1	0
4557	4304	4303	5	-1	-1	-1	0
4472	4224	4470	5	-1	-1	-1	0
4224	4473	4471	5	-1	-1	-1	0
4305	4306	4558	5	-1	-1	-1	0
4473	4224	4472	5	-1	-1	-1	0
4474	4225	4471	5	-1	-1	-1	0
4307	4308	4560	0	-1	-1	-1	0
4307	4561	4309	6	-1	-1	-1	0
4227	4476	4475	5	-1	-1	-1	0
4476	4228	4474	5	-1	-1	-1	0
4310	4563	4311	0	-1	-1	-1	0
4230	4477	4478	0	-1	-1	-1	0
4563	4310	4313	0	-1	-1	-1	0
4479	4230	4478	0	-1	-1	-1	0
4480	4477	4231	0	-1	-1	-1	0
4417	4512	4260	0	-1	-1	-1	0
4313	4314	4563	0	-1	-1	-1	0
4316	4311	4564	0	-1	-1	-1	0
4475	4483	4234	5	-1	-1	-1	0
4564	4314	4315	0	-1	-1	-1	0
4482	4480	4233	0	-1	-1	-1	0
4564	4315	4316	0	-1	-1	-1	0
4481	4482	4233	0	-1	-1	-1	0
4397	4398	4401	9	-1	-1	-1	0
4481	4234	4483	5	-1	-1	-1	0
4484	4236	4479	0	-1	-1	-1	0
4319	4318	4566	9	-1	-1	-1	0
4318	4320	4566	9	-1	-1	-1	0
4568	4321	4319	9	-1	-1	-1	0
4240	4488	4487	9	-1	-1	-1	0
4323	4322	4571	9	-1	-1	-1	0
4489	4488	4241	3	-1	-1	-1	0
4322	4324	4572	2	-1	-1	-1	0
4486	4242	4491	9	-1	-1	-1	0
4241	4490	4489	3	-1	-1	-1	0
4487	4491	4242	9	-1	-1	-1	0
4324	4325	4575	2	-1	-1	-1	0
4493	4248	4486	9	-1	-1	-1	0
4493	4492	4243	9	-1	-1	-1	0
4577	4325	4326	2	-1	-1	-1	0
4244	4492	4494	9	-1	-1	-1	0
4247	4498	4485	9	-1	-1	-1	0
4578	4326	4327	2	-1	-1	-1	0
4535	4418	4281	0	-1	-1	-1	0
4245	4494	4495	9	-1	-1	-1	0
4327	4330	4578	2	-1	-1	-1	0
4329	4328	4579	2	-1	-1	-1	0
4495	4496	4246	9	-1	-1	-1	0
4573	4342	4323	9	-1	-1	-1	0
4497	4246	4496	9	-1	-1	-1	0
4330	4329	4581	2	-1	-1	-1	0
4328	4332	4580	0	-1	-1	-1	0
4497	4498	4247	9	-1	-1	-1	0
4502	4490	4250	3	-1	-1	-1	0
4570	4320	4353	9	-1	-1	-1	0
4584	4332	4331	0	-1	-1	-1	0
4499	4500	4249	3	-1	-1	-1	0
4501	4249	4500	3	-1	-1	-1	0
4501	4502	4250	3	-1	-1	-1	0
4340	4583	4331	0	-1	-1	-1	0
4335	4587	4334	0	-1	-1	-1	0
4292	4419	4546	0	-1	-1	-1	0
4499	4254	4504	3	-1	-1	-1	0
4523	4465	4270	8	-1	-1	-1	0
4503	4504	4252	3	-1	-1	-1	0
4335	4336	4589	0	-1	-1	-1	0
4586	4340	4334	0	-1	-1	-1	0
4253	4505	4503	8	-1	-1	-1	0
4263	4485	4516	3	-1	-1	-1	0
4590	4336	4338	0	-1	-1	-1	0
4375	4321	4568	9	-1	-1	-1	0
4592	4338	4337	0	-1	-1	-1	0
4592	4337	4339	0	-1	-1	-1	0
4255	4507	4506	0	-1	-1	-1	0
4507	4256	4508	0	-1	-1	-1	0
4546	4421	4305	0	-1	-1	-1	0
4505	4258	4510	8	-1	-1	-1	0
4506	4511	4259	8	-1	-1	-1	0
4509	4510	4258	8	-1	-1	-1	0
4420	4556	4302	0	-1	-1	-1	0
4285	4540	4454	0	-1	-1	-1	0
4259	4511	4509	8	-1	-1	-1	0
4342	4597	4343	9	-1	-1	-1	0
4508	4261	4514	0	-1	-1	-1	0
4598	4344	4343	9	-1	-1	-1	0
4513	4261	4512	0	-1	-1	-1	0
4514	4261	4513	0	-1	-1	-1	0
4600	4345	4344	9	-1	-1	-1	0
4600	4347	4345	9	-1	-1	-1	0
4516	4515	4263	3	-1	-1	-1	0
4346	4347	4601	9	-1	-1	-1	0
4349	4346	4601	9	-1	-1	-1	0
4517	4264	4518	3	-1	-1	-1	0
4349	4602	4348	9	-1	-1	-1	0
4521	4268	4515	3	-1	-1	-1	0
4265	4517	4519	8	-1	-1	-1	0
4266	4520	4518	3	-1	-1	-1	0
4350	4605	4351	9	-1	-1	-1	0
4357	4348	4602	9	-1	-1	-1	0
4520	4267	4521	3	-1	-1	-1	0
4351	4606	4352	9	-1	-1	-1	0
4269	4519	4522	8	-1	-1	-1	0
4350	4355	4605	9	-1	-1	-1	0
4352	4608	4353	9	-1	-1	-1	0
4524	4523	4271	8	-1	-1	-1	0
4355	4354	4609	9	-1	-1	-1	0
4356	4610	4354	9	-1	-1	-1	0
4525	4524	4271	8	-1	-1	-1	0
4453	4562	4308	0	-1	-1	-1	0
4525	4272	4526	8	-1	-1	-1	0
4612	4356	4357	9	-1	-1	-1	0
4273	4528	4526	8	-1	-1	-1	0
4527	4528	4273	8	-1	-1	-1	0
4531	4275	4522	8	-1	-1	-1	0
4527	4273	4529	8	-1	-1	-1	0
4360	4613	4359	9	-1	-1	-1	0
4362	4613	4360	9	-1	-1	-1	0
4275	4531	4530	8	-1	-1	-1	0
4565	4455	4317	0	-1	-1	-1	0
4276	4532	4529	8	-1	-1	-1	0
4532	4276	4530	8	-1	-1	-1	0
4362	4361	4615	9	-1	-1	-1	0
4614	4361	4366	9	-1	-1	-1	0
4317	4461	4565	0	-1	-1	-1	0
4364	4363	4617	9	-1	-1	-1	0
4278	4533	4534	8	-1	-1	-1	0
4364	4618	4365	9	-1	-1	-1	0
4536	4280	4534	8	-1	-1	-1	0
4365	4619	4366	9	-1	-1	-1	0
4280	4536	4535	8	-1	-1	-1	0
4282	4537	4533	8	-1	-1	-1	0
4617	4363	4374	9	-1	-1	-1	0
4537	4282	4538	8	-1	-1	-1	0
4622	4367	4369	9	-1	-1	-1	0
4369	4368	4623	9	-1	-1	-1	0
4373	4367	4622	9	-1	-1	-1	0
4368	4372	4623	9	-1	-1	-1	0
4370	4371	4626	9	-1	-1	-1	0
4370	4625	4372	9	-1	-1	-1	0
4539	4541	4287	0	-1	-1	-1	0
4540	4287	4541	0	-1	-1	-1	0
4626	4371	4375	9	-1	-1	-1	0
4459	4457	4458	0	-1	-1	-1	0
4543	4542	4290	0	-1	-1	-1	0
4373	4629	4374	9	-1	-1	-1	0
4555	4411	4412	0	-1	-1	-1	0
4291	4544	4543	0	-1	-1	-1	0
4544	4291	4545	0	-1	-1	-1	0
4292	4546	4545	0	-1	-1	-1	0
4421	4546	4419	0	-1	-1	-1	0
4556	4420	4411	0	-1	-1	-1	0
4542	4550	4295	0	-1	-1	-1	0
4548	4293	4547	0	-1	-1	-1	0
4378	4377	4633	9	-1	-1	-1	0
4379	4378	4634	9	-1	-1	-1	0
4548	4549	4294	5	-1	-1	-1	0
4547	4295	4550	0	-1	-1	-1	0
4635	4380	4379	9	-1	-1	-1	0
4549	4551	4296	5	-1	-1	-1	0
4304	4557	4538	5	-1	-1	-1	0
4638	4381	4380	9	-1	-1	-1	0
4381	4639	4382	9	-1	-1	-1	0
4552	4299	4553	5	-1	-1	-1	0
4382	4639	4384	9	-1	-1	-1	0
4384	4640	4383	9	-1	-1	-1	0
4554	4553	4300	0	-1	-1	-1	0
4385	4383	4640	9	-1	-1	-1	0
4546	4305	4558	0	-1	-1	-1	0
4554	4300	4555	0	-1	-1	-1	0
4309	4561	4539	6	-1	-1	-1	0
4301	4556	4555	0	-1	-1	-1	0
4552	4557	4303	5	-1	-1	-1	0
4385	4643	4386	9	-1	-1	-1	0
4559	4306	4551	5	-1	-1	-1	0
4595	4339	4484	0	-1	-1	-1	0
4387	4645	4389	9	-1	-1	-1	0
4390	4645	4387	9	-1	-1	-1	0
4646	4388	4389	9	-1	-1	-1	0
4561	4307	4560	0	-1	-1	-1	0
4306	4559	4558	5	-1	-1	-1	0
4560	4308	4562	0	-1	-1	-1	0
4388	4646	4396	9	-1	-1	-1	0
4390	4393	4650	9	-1	-1	-1	0
4392	4391	4652	9	-1	-1	-1	0
4653	4393	4392	9	-1	-1	-1	0
4311	4563	4564	0	-1	-1	-1	0
4314	4564	4563	0	-1	-1	-1	0
4395	4654	4394	9	-1	-1	-1	0
4396	4656	4395	9	-1	-1	-1	0
4398	4394	4655	9	-1	-1	-1	0
4566	4567	4319	9	-1	-1	-1	0
4568	4319	4567	9	-1	-1	-1	0
4569	4566	4320	9	-1	-1	-1	0
4398	4657	4401	9	-1	-1	-1	0
4400	4399	4658	9	-1	-1	-1	0
4320	4570	4569	9	-1	-1	-1	0
4399	4401	4659	9	-1	-1	-1	0
4322	4572	4571	2	-1	-1	-1	0
4323	4571	4573	9	-1	-1	-1	0
4403	4663	4402	0	-1	-1	-1	0
4453	4454	4562	0	-1	-1	-1	0
4663	4404	4402	0	-1	-1	-1	0
4324	4576	4572	2	-1	-1	-1	0
4575	4574	4324	2	-1	-1	-1	0
4665	4405	4404	0	-1	-1	-1	0
4576	4324	4574	2	-1	-1	-1	0
4565	4456	4455	0	-1	-1	-1	0
4577	4575	4325	2	-1	-1	-1	0
4665	4407	4405	0	-1	-1	-1	0
4666	4406	4407	0	-1	-1	-1	0
4451	4386	4643	9	-1	-1	-1	0
4577	4326	4578	2	-1	-1	-1	0
4666	4414	4406	0	-1	-1	-1	0
4409	4669	4408	0	-1	-1	-1	0
4579	4328	4580	0	-1	-1	-1	0
4427	4400	4660	9	-1	-1	-1	0
4408	4669	4410	0	-1	-1	-1	0
4579	4581	4329	2	-1	-1	-1	0
4422	4664	4403	4	-1	-1	-1	0
4578	4330	4582	2	-1	-1	-1	0
4651	4391	4449	9	-1	-1	-1	0
4581	4582	4330	2	-1	-1	-1	0
4410	4672	4412	0	-1	-1	-1	0
4418	4670	4409	0	-1	-1	-1	0
4332	4585	4580	0	-1	-1	-1	0
4584	4331	4583	0	-1	-1	-1	0
4413	4414	4674	3	-1	-1	-1	0
4673	4415	4413	3	-1	-1	-1	0
4585	4332	4584	0	-1	-1	-1	0
4587	4586	4334	0	-1	-1	-1	0
4416	4415	4676	0	-1	-1	-1	0
4586	4583	4340	0	-1	-1	-1	0
4335	4588	4587	0	-1	-1	-1	0
4416	4678	4417	0	-1	-1	-1	0
4596	4342	4573	9	-1	-1	-1	0
4589	4588	4335	0	-1	-1	-1	0
4336	4591	4589	0	-1	-1	-1	0
4591	4336	4590	0	-1	-1	-1	0
4555	4412	4554	0	-1	-1	-1	0
4338	4593	4590	0	-1	-1	-1	0
4555	4556	4411	0	-1	-1	-1	0
4592	4593	4338	0	-1	-1	-1	0
4339	4594	4592	0	-1	-1	-1	0
4681	4424	4423	9	-1	-1	-1	0
4595	4594	4339	0	-1	-1	-1	0
4425	4682	4423	9	-1	-1	-1	0
4570	4353	4608	9	-1	-1	-1	0
4448	4664	4422	4	-1	-1	-1	0
4596	4597	4342	9	-1	-1	-1	0
4425	4429	4684	9	-1	-1	-1	0
4598	4343	4597	9	-1	-1	-1	0
4426	4427	4685	9	-1	-1	-1	0
4426	4685	4428	9	-1	-1	-1	0
4598	4599	4344	9	-1	-1	-1	0
4599	4600	4344	9	-1	-1	-1	0
4686	4430	4428	9	-1	-1	-1	0
4430	4687	4429	9	-1	-1	-1	0
4601	4347	4600	9	-1	-1	-1	0
4424	4683	4443	9	-1	-1	-1	0
4651	4449	4450	9	-1	-1	-1	0
4602	4349	4603	9	-1	-1	-1	0
4349	4601	4604	9	-1	-1	-1	0
4431	4432	4691	4	-1	-1	-1	0
4603	4349	4604	9	-1	-1	-1	0
4431	4693	4433	4	-1	-1	-1	0
4595	4484	4479	0	-1	-1	-1	0
4434	4695	4432	4	-1	-1	-1	0
4351	4605	4606	9	-1	-1	-1	0
4352	4606	4607	9	-1	-1	-1	0
4352	4607	4608	9	-1	-1	-1	0
4434	4435	4698	4	-1	-1	-1	0
4605	4355	4611	9	-1	-1	-1	0
4357	4602	4612	9	-1	-1	-1	0
4610	4609	4354	9	-1	-1	-1	0
4701	4435	4437	4	-1	-1	-1	0
4696	4446	4433	4	-1	-1	-1	0
4702	4437	4436	4	-1	-1	-1	0
4632	4375	4568	9	-1	-1	-1	0
4355	4609	4611	9	-1	-1	-1	0
4610	4356	4612	9	-1	-1	-1	0
4436	4442	4702	4	-1	-1	-1	0
4439	4704	4438	4	-1	-1	-1	0
4438	4705	4440	4	-1	-1	-1	0
4440	4707	4441	4	-1	-1	-1	0
4439	4444	4706	9	-1	-1	-1	0
4615	4361	4614	9	-1	-1	-1	0
4362	4616	4613	9	-1	-1	-1	0
4709	4442	4441	9	-1	-1	-1	0
4616	4362	4615	9	-1	-1	-1	0
4444	4443	4711	9	-1	-1	-1	0
4618	4364	4617	9	-1	-1	-1	0
4620	4614	4366	9	-1	-1	-1	0
4618	4619	4365	9	-1	-1	-1	0
4445	4446	4714	4	-1	-1	-1	0
4619	4621	4366	9	-1	-1	-1	0
4445	4715	4447	4	-1	-1	-1	0
4620	4366	4621	9	-1	-1	-1	0
4417	4680	4512	0	-1	-1	-1	0
4718	4448	4447	4	-1	-1	-1	0
4624	4622	4369	9	-1	-1	-1	0
4369	4623	4624	9	-1	-1	-1	0
4625	4370	4626	9	-1	-1	-1	0
4452	4720	4450	9	-1	-1	-1	0
4631	4617	4374	9	-1	-1	-1	0
4372	4627	4623	9	-1	-1	-1	0
4535	4670	4418	0	-1	-1	-1	0
4622	4629	4373	9	-1	-1	-1	0
4452	4451	4721	9	-1	-1	-1	0
4625	4628	4372	9	-1	-1	-1	0
4627	4372	4628	9	-1	-1	-1	0
4629	4630	4374	9	-1	-1	-1	0
4375	4632	4626	9	-1	-1	-1	0
4374	4630	4631	9	-1	-1	-1	0
4412	4672	4554	0	-1	-1	-1	0
4456	4725	4458	0	-1	-1	-1	0
4541	4539	4561	6	-1	-1	-1	0
4726	4459	4458	0	-1	-1	-1	0
4634	4378	4633	9	-1	-1	-1	0
4459	4726	4462	6	-1	-1	-1	0
4379	4634	4635	9	-1	-1	-1	0
4727	4461	4460	0	-1	-1	-1	0
4462	4727	4460	0	-1	-1	-1	0
4558	4545	4546	0	-1	-1	-1	0
4637	4380	4635	9	-1	-1	-1	0
4637	4636	4380	9	-1	-1	-1	0
4638	4380	4636	9	-1	-1	-1	0
4464	4728	4463	8	-1	-1	-1	0
4381	4638	4639	9	-1	-1	-1	0
4551	4549	4559	5	-1	-1	-1	0
4729	4468	4463	8	-1	-1	-1	0
4465	4731	4464	8	-1	-1	-1	0
4384	4639	4641	9	-1	-1	-1	0
4467	4466	4733	5	-1	-1	-1	0
4642	4640	4384	9	-1	-1	-1	0
4641	4642	4384	9	-1	-1	-1	0
4733	4466	4469	5	-1	-1	-1	0
4644	4385	4640	9	-1	-1	-1	0
4470	4467	4734	5	-1	-1	-1	0
4385	4644	4643	9	-1	-1	-1	0
4469	4468	4735	8	-1	-1	-1	0
4734	4472	4470	5	-1	-1	-1	0
4389	4645	4648	9	-1	-1	-1	0
4647	4646	4389	9	-1	-1	-1	0
4471	4738	4474	5	-1	-1	-1	0
4473	4739	4471	5	-1	-1	-1	0
4648	4647	4389	9	-1	-1	-1	0
4390	4649	4645	9	-1	-1	-1	0
4740	4473	4472	5	-1	-1	-1	0
4474	4738	4476	5	-1	-1	-1	0
4390	4650	4649	9	-1	-1	-1	0
4652	4391	4651	9	-1	-1	-1	0
4476	4744	4475	5	-1	-1	-1	0
4393	4653	4650	9	-1	-1	-1	0
4392	4652	4653	9	-1	-1	-1	0
4396	4646	4656	9	-1	-1	-1	0
4478	4477	4745	0	-1	-1	-1	0
4744	4483	4475	5	-1	-1	-1	0
4480	4746	4477	0	-1	-1	-1	0
4394	4654	4655	9	-1	-1	-1	0
4479	4478	4747	0	-1	-1	-1	0
4395	4656	4654	9	-1	-1	-1	0
4746	4480	4482	0	-1	-1	-1	0
4655	4657	4398	9	-1	-1	-1	0
4749	4482	4481	5	-1	-1	-1	0
4483	4749	4481	5	-1	-1	-1	0
4658	4399	4659	9	-1	-1	-1	0
4660	4400	4658	9	-1	-1	-1	0
4540	4724	4454	0	-1	-1	-1	0
4732	4465	4523	8	-1	-1	-1	0
4657	4662	4401	9	-1	-1	-1	0
4659	4401	4661	9	-1	-1	-1	0
4661	4401	4662	9	-1	-1	-1	0
4664	4663	4403	0	-1	-1	-1	0
4756	4487	4488	9	-1	-1	-1	0
4491	4754	4486	9	-1	-1	-1	0
4493	4486	4753	9	-1	-1	-1	0
4404	4663	4665	0	-1	-1	-1	0
4487	4755	4491	9	-1	-1	-1	0
4485	4498	4751	9	-1	-1	-1	0
4488	4489	4758	3	-1	-1	-1	0
4489	4490	4759	3	-1	-1	-1	0
4454	4724	4562	0	-1	-1	-1	0
4666	4407	4667	0	-1	-1	-1	0
4665	4668	4407	0	-1	-1	-1	0
4407	4668	4667	0	-1	-1	-1	0
4456	4565	4725	0	-1	-1	-1	0
4763	4492	4493	9	-1	-1	-1	0
4669	4409	4670	0	-1	-1	-1	0
4494	4492	4763	9	-1	-1	-1	0
4671	4410	4669	0	-1	-1	-1	0
4490	4502	4760	3	-1	-1	-1	0
4727	4565	4461	0	-1	-1	-1	0
4410	4671	4672	0	-1	-1	-1	0
4485	4752	4516	3	-1	-1	-1	0
4675	4414	4666	3	-1	-1	-1	0
4766	4495	4494	9	-1	-1	-1	0
4495	4767	4496	9	-1	-1	-1	0
4413	4674	4673	3	-1	-1	-1	0
4496	4769	4497	9	-1	-1	-1	0
4675	4674	4414	3	-1	-1	-1	0
4497	4770	4498	9	-1	-1	-1	0
4415	4673	4677	3	-1	-1	-1	0
4415	4677	4676	3	-1	-1	-1	0
4500	4499	4772	3	-1	-1	-1	0
4679	4416	4676	0	-1	-1	-1	0
4685	4427	4660	9	-1	-1	-1	0
4416	4679	4678	0	-1	-1	-1	0
4499	4504	4772	3	-1	-1	-1	0
4680	4417	4678	0	-1	-1	-1	0
4500	4774	4501	3	-1	-1	-1	0
4501	4775	4502	3	-1	-1	-1	0
4776	4504	4503	3	-1	-1	-1	0
4503	4505	4776	3	-1	-1	-1	0
4681	4423	4682	9	-1	-1	-1	0
4683	4424	4681	9	-1	-1	-1	0
4425	4684	4682	9	-1	-1	-1	0
4505	4510	4777	8	-1	-1	-1	0
4506	4507	4780	0	-1	-1	-1	0
4781	4507	4508	0	-1	-1	-1	0
4779	4511	4506	8	-1	-1	-1	0
4686	4428	4685	9	-1	-1	-1	0
4510	4509	4782	8	-1	-1	-1	0
4684	4429	4688	9	-1	-1	-1	0
4782	4509	4511	8	-1	-1	-1	0
4514	4781	4508	0	-1	-1	-1	0
4429	4687	4688	9	-1	-1	-1	0
4430	4686	4689	9	-1	-1	-1	0
4724	4540	4541	0	-1	-1	-1	0
4430	4690	4687	9	-1	-1	-1	0
4512	4784	4513	0	-1	-1	-1	0
4689	4690	4430	9	-1	-1	-1	0
4785	4514	4513	0	-1	-1	-1	0
4692	4431	4691	4	-1	-1	-1	0
4643	4721	4451	9	-1	-1	-1	0
4431	4692	4693	4	-1	-1	-1	0
4694	4691	4432	4	-1	-1	-1	0
4516	4788	4515	3	-1	-1	-1	0
4479	4747	4595	0	-1	-1	-1	0
4695	4694	4432	4	-1	-1	-1	0
4450	4720	4651	9	-1	-1	-1	0
4433	4693	4696	4	-1	-1	-1	0
4789	4521	4515	3	-1	-1	-1	0
4541	4561	4724	0	-1	-1	-1	0
4695	4434	4697	4	-1	-1	-1	0
4517	4791	4519	8	-1	-1	-1	0
4517	4518	4792	3	-1	-1	-1	0
4698	4697	4434	4	-1	-1	-1	0
4664	4448	4719	4	-1	-1	-1	0
4520	4793	4518	3	-1	-1	-1	0
4435	4699	4698	4	-1	-1	-1	0
4435	4700	4699	4	-1	-1	-1	0
4522	4519	4794	8	-1	-1	-1	0
4520	4521	4795	3	-1	-1	-1	0
4700	4435	4701	4	-1	-1	-1	0
4712	4443	4683	9	-1	-1	-1	0
4703	4701	4437	4	-1	-1	-1	0
4437	4702	4703	4	-1	-1	-1	0
4796	4523	4524	8	-1	-1	-1	0
4560	4724	4561	0	-1	-1	-1	0
4724	4560	4562	0	-1	-1	-1	0
4531	4522	4794	8	-1	-1	-1	0
4704	4705	4438	4	-1	-1	-1	0
4525	4799	4524	0	-1	-1	-1	0
4704	4439	4706	4	-1	-1	-1	0
4526	4800	4525	0	-1	-1	-1	0
4440	4705	4707	4	-1	-1	-1	0
4442	4710	4702	9	-1	-1	-1	0
4801	4526	4528	0	-1	-1	-1	0
4708	4441	4707	9	-1	-1	-1	0
4802	4528	4527	8	-1	-1	-1	0
4696	4716	4446	4	-1	-1	-1	0
4708	4709	4441	9	-1	-1	-1	0
4803	4527	4529	8	-1	-1	-1	0
4442	4709	4710	9	-1	-1	-1	0
4706	4444	4713	9	-1	-1	-1	0
4529	4532	4803	8	-1	-1	-1	0
4711	4443	4712	9	-1	-1	-1	0
4805	4532	4530	8	-1	-1	-1	0
4806	4530	4531	8	-1	-1	-1	0
4444	4711	4713	9	-1	-1	-1	0
4445	4714	4715	4	-1	-1	-1	0
4533	4810	4534	8	-1	-1	-1	0
4446	4717	4714	4	-1	-1	-1	0
4446	4716	4717	4	-1	-1	-1	0
4447	4715	4718	4	-1	-1	-1	0
4536	4534	4810	8	-1	-1	-1	0
4533	4537	4810	8	-1	-1	-1	0
4535	4536	4811	8	-1	-1	-1	0
4719	4448	4718	4	-1	-1	-1	0
4538	4813	4537	8	-1	-1	-1	0
4720	4452	4722	9	-1	-1	-1	0
4452	4721	4723	9	-1	-1	-1	0
4723	4722	4452	9	-1	-1	-1	0
4543	4815	4542	0	-1	-1	-1	0
4816	4543	4544	0	-1	-1	-1	0
4545	4817	4544	0	-1	-1	-1	0
4542	4815	4550	0	-1	-1	-1	0
4538	4557	4814	5	-1	-1	-1	0
4725	4726	4458	0	-1	-1	-1	0
4819	4548	4547	0	-1	-1	-1	0
4727	4462	4726	0	-1	-1	-1	0
4547	4550	4819	0	-1	-1	-1	0
4820	4549	4548	5	-1	-1	-1	0
4728	4730	4463	8	-1	-1	-1	0
4818	4545	4558	0	-1	-1	-1	0
4463	4730	4729	8	-1	-1	-1	0
4464	4731	4728	8	-1	-1	-1	0
4732	4731	4465	8	-1	-1	-1	0
4553	4823	4552	5	-1	-1	-1	0
4820	4559	4549	5	-1	-1	-1	0
4552	4822	4557	5	-1	-1	-1	0
4553	4554	4824	0	-1	-1	-1	0
4729	4735	4468	8	-1	-1	-1	0
4467	4733	4734	5	-1	-1	-1	0
4558	4559	4818	5	-1	-1	-1	0
4469	4736	4733	5	-1	-1	-1	0
4735	4737	4469	8	-1	-1	-1	0
4736	4469	4737	5	-1	-1	-1	0
4645	4649	4648	9	-1	-1	-1	0
4734	4741	4472	5	-1	-1	-1	0
4738	4471	4739	5	-1	-1	-1	0
4472	4741	4740	5	-1	-1	-1	0
4742	4473	4740	0	-1	-1	-1	0
4739	4473	4743	0	-1	-1	-1	0
4476	4738	4744	5	-1	-1	-1	0
4743	4473	4742	0	-1	-1	-1	0
4826	4567	4566	9	-1	-1	-1	0
4826	4566	4569	9	-1	-1	-1	0
4568	4567	4827	9	-1	-1	-1	0
4828	4569	4570	9	-1	-1	-1	0
4477	4746	4745	0	-1	-1	-1	0
4478	4745	4748	0	-1	-1	-1	0
4747	4478	4748	0	-1	-1	-1	0
4829	4573	4571	9	-1	-1	-1	0
4572	4830	4571	2	-1	-1	-1	0
4680	4784	4512	0	-1	-1	-1	0
4749	4746	4482	0	-1	-1	-1	0
4744	4750	4483	5	-1	-1	-1	0
4832	4572	4576	2	-1	-1	-1	0
4750	4749	4483	5	-1	-1	-1	0
4835	4576	4574	2	-1	-1	-1	0
4837	4574	4575	2	-1	-1	-1	0
4485	4751	4752	3	-1	-1	-1	0
4838	4575	4577	2	-1	-1	-1	0
4577	4578	4838	2	-1	-1	-1	0
4754	4753	4486	9	-1	-1	-1	0
4582	4838	4578	2	-1	-1	-1	0
4756	4755	4487	9	-1	-1	-1	0
4840	4579	4580	0	-1	-1	-1	0
4756	4488	4757	9	-1	-1	-1	0
4581	4579	4841	2	-1	-1	-1	0
4834	4596	4573	9	-1	-1	-1	0
4757	4488	4758	3	-1	-1	-1	0
4759	4758	4489	3	-1	-1	-1	0
4828	4570	4608	9	-1	-1	-1	0
4581	4843	4582	2	-1	-1	-1	0
4580	4585	4842	0	-1	-1	-1	0
4762	4754	4491	9	-1	-1	-1	0
4491	4755	4762	9	-1	-1	-1	0
4761	4759	4490	3	-1	-1	-1	0
4493	4753	4764	9	-1	-1	-1	0
4760	4761	4490	3	-1	-1	-1	0
4584	4583	4846	0	-1	-1	-1	0
4586	4846	4583	0	-1	-1	-1	0
4811	4670	4535	0	-1	-1	-1	0
4585	4584	4847	0	-1	-1	-1	0
4727	4725	4565	0	-1	-1	-1	0
4846	4586	4587	0	-1	-1	-1	0
4771	4751	4498	9	-1	-1	-1	0
4493	4765	4763	9	-1	-1	-1	0
4493	4764	4765	9	-1	-1	-1	0
4766	4494	4763	9	-1	-1	-1	0
4720	4652	4651	9	-1	-1	-1	0
4587	4588	4849	0	-1	-1	-1	0
4632	4568	4827	9	-1	-1	-1	0
4766	4768	4495	9	-1	-1	-1	0
4589	4852	4588	0	-1	-1	-1	0
4767	4495	4768	9	-1	-1	-1	0
4496	4767	4769	9	-1	-1	-1	0
4591	4854	4589	0	-1	-1	-1	0
4769	4770	4497	9	-1	-1	-1	0
4590	4855	4591	0	-1	-1	-1	0
4760	4502	4775	3	-1	-1	-1	0
4593	4855	4590	0	-1	-1	-1	0
4771	4498	4770	9	-1	-1	-1	0
4592	4857	4593	0	-1	-1	-1	0
4592	4594	4857	0	-1	-1	-1	0
4500	4772	4773	3	-1	-1	-1	0
4773	4774	4500	3	-1	-1	-1	0
4595	4860	4594	0	-1	-1	-1	0
4672	4824	4554	0	-1	-1	-1	0
4501	4774	4775	3	-1	-1	-1	0
4732	4523	4797	8	-1	-1	-1	0
4504	4776	4772	3	-1	-1	-1	0
4596	4862	4597	9	-1	-1	-1	0
4752	4790	4516	3	-1	-1	-1	0
4863	4598	4597	9	-1	-1	-1	0
4505	4778	4776	3	-1	-1	-1	0
4777	4778	4505	3	-1	-1	-1	0
4864	4599	4598	9	-1	-1	-1	0
4780	4779	4506	0	-1	-1	-1	0
4599	4866	4600	9	-1	-1	-1	0
4507	4781	4780	0	-1	-1	-1	0
4782	4777	4510	8	-1	-1	-1	0
4868	4601	4600	9	-1	-1	-1	0
4783	4511	4779	8	-1	-1	-1	0
4601	4868	4604	9	-1	-1	-1	0
4603	4869	4602	9	-1	-1	-1	0
4511	4783	4782	8	-1	-1	-1	0
4604	4871	4603	9	-1	-1	-1	0
4785	4513	4784	0	-1	-1	-1	0
4514	4787	4781	0	-1	-1	-1	0
4869	4612	4602	9	-1	-1	-1	0
4874	4606	4605	9	-1	-1	-1	0
4514	4785	4786	0	-1	-1	-1	0
4787	4514	4786	0	-1	-1	-1	0
4875	4607	4606	9	-1	-1	-1	0
4874	4605	4611	9	-1	-1	-1	0
4610	4612	4869	9	-1	-1	-1	0
4607	4876	4608	9	-1	-1	-1	0
4789	4515	4788	3	-1	-1	-1	0
4790	4788	4516	3	-1	-1	-1	0
4609	4878	4611	9	-1	-1	-1	0
4609	4610	4879	9	-1	-1	-1	0
4517	4792	4791	3	-1	-1	-1	0
4518	4793	4792	3	-1	-1	-1	0
4794	4519	4791	8	-1	-1	-1	0
4789	4795	4521	3	-1	-1	-1	0
4520	4795	4793	3	-1	-1	-1	0
4614	4882	4615	9	-1	-1	-1	0
4616	4615	4882	9	-1	-1	-1	0
4620	4882	4614	9	-1	-1	-1	0
4796	4797	4523	8	-1	-1	-1	0
4798	4796	4524	0	-1	-1	-1	0
4617	4883	4618	9	-1	-1	-1	0
4798	4524	4799	0	-1	-1	-1	0
4618	4885	4619	9	-1	-1	-1	0
4799	4525	4800	0	-1	-1	-1	0
4619	4885	4621	9	-1	-1	-1	0
4801	4800	4526	0	-1	-1	-1	0
4631	4883	4617	9	-1	-1	-1	0
4624	4886	4622	9	-1	-1	-1	0
4803	4802	4527	8	-1	-1	-1	0
4531	4794	4807	8	-1	-1	-1	0
4801	4528	4804	0	-1	-1	-1	0
4528	4802	4804	0	-1	-1	-1	0
4624	4623	4888	9	-1	-1	-1	0
4888	4623	4627	9	-1	-1	-1	0
4887	4629	4622	9	-1	-1	-1	0
4806	4805	4530	8	-1	-1	-1	0
4892	4625	4626	9	-1	-1	-1	0
4891	4628	4625	9	-1	-1	-1	0
4803	4532	4809	8	-1	-1	-1	0
4806	4531	4808	8	-1	-1	-1	0
4629	4887	4630	9	-1	-1	-1	0
4809	4532	4805	8	-1	-1	-1	0
4807	4808	4531	8	-1	-1	-1	0
4893	4627	4628	9	-1	-1	-1	0
4892	4626	4632	9	-1	-1	-1	0
4895	4631	4630	9	-1	-1	-1	0
4812	4536	4810	8	-1	-1	-1	0
4536	4812	4811	8	-1	-1	-1	0
4813	4810	4537	8	-1	-1	-1	0
4813	4538	4814	8	-1	-1	-1	0
4633	4901	4634	9	-1	-1	-1	0
4634	4901	4635	9	-1	-1	-1	0
4635	4901	4637	9	-1	-1	-1	0
4816	4815	4543	0	-1	-1	-1	0
4636	4902	4638	9	-1	-1	-1	0
4816	4544	4817	0	-1	-1	-1	0
4725	4727	4726	0	-1	-1	-1	0
4902	4639	4638	9	-1	-1	-1	0
4818	4817	4545	0	-1	-1	-1	0
4639	4903	4641	9	-1	-1	-1	0
4815	4821	4550	0	-1	-1	-1	0
4820	4548	4819	5	-1	-1	-1	0
4905	4640	4642	9	-1	-1	-1	0
4904	4644	4640	9	-1	-1	-1	0
4642	4641	4907	9	-1	-1	-1	0
4821	4819	4550	0	-1	-1	-1	0
4743	4857	4594	0	-1	-1	-1	0
4557	4825	4814	5	-1	-1	-1	0
4643	4644	4909	9	-1	-1	-1	0
4820	4818	4559	5	-1	-1	-1	0
4594	4860	4743	0	-1	-1	-1	0
4552	4823	4822	5	-1	-1	-1	0
4553	4824	4823	0	-1	-1	-1	0
4860	4595	4747	0	-1	-1	-1	0
4557	4822	4825	5	-1	-1	-1	0
4646	4647	4912	9	-1	-1	-1	0
4648	4913	4647	9	-1	-1	-1	0
4649	4915	4648	9	-1	-1	-1	0
4649	4650	4915	9	-1	-1	-1	0
4912	4656	4646	9	-1	-1	-1	0
4827	4567	4826	9	-1	-1	-1	0
4917	4650	4653	9	-1	-1	-1	0
4828	4826	4569	9	-1	-1	-1	0
4652	4918	4653	9	-1	-1	-1	0
4655	4654	4921	9	-1	-1	-1	0
4830	4829	4571	2	-1	-1	-1	0
4656	4920	4654	9	-1	-1	-1	0
4831	4830	4572	2	-1	-1	-1	0
4922	4657	4655	9	-1	-1	-1	0
4832	4831	4572	2	-1	-1	-1	0
4833	4573	4829	9	-1	-1	-1	0
4834	4573	4833	9	-1	-1	-1	0
4659	4924	4658	9	-1	-1	-1	0
4922	4662	4657	9	-1	-1	-1	0
4658	4925	4660	9	-1	-1	-1	0
4836	4835	4574	2	-1	-1	-1	0
4661	4926	4659	9	-1	-1	-1	0
4574	4837	4836	2	-1	-1	-1	0
4839	4832	4576	2	-1	-1	-1	0
4839	4576	4835	2	-1	-1	-1	0
4837	4575	4838	2	-1	-1	-1	0
4928	4661	4662	9	-1	-1	-1	0
4663	4930	4665	0	-1	-1	-1	0
4931	4663	4664	0	-1	-1	-1	0
4579	4840	4841	0	-1	-1	-1	0
4580	4842	4840	0	-1	-1	-1	0
4668	4665	4930	0	-1	-1	-1	0
4838	4582	4845	2	-1	-1	-1	0
4581	4841	4843	2	-1	-1	-1	0
4666	4667	4932	3	-1	-1	-1	0
4668	4934	4667	0	-1	-1	-1	0
4843	4844	4582	2	-1	-1	-1	0
4844	4845	4582	2	-1	-1	-1	0
4685	4660	4927	9	-1	-1	-1	0
4675	4666	4932	3	-1	-1	-1	0
4643	4909	4721	9	-1	-1	-1	0
4848	4842	4585	0	-1	-1	-1	0
4669	4670	4936	0	-1	-1	-1	0
4669	4937	4671	0	-1	-1	-1	0
4846	4847	4584	0	-1	-1	-1	0
4847	4848	4585	0	-1	-1	-1	0
4672	4671	4938	0	-1	-1	-1	0
4846	4587	4849	0	-1	-1	-1	0
4940	4673	4674	3	-1	-1	-1	0
4850	4849	4588	0	-1	-1	-1	0
4677	4673	4939	3	-1	-1	-1	0
4851	4850	4588	0	-1	-1	-1	0
4675	4941	4674	3	-1	-1	-1	0
4852	4851	4588	0	-1	-1	-1	0
4596	4834	4861	9	-1	-1	-1	0
4652	4720	4919	9	-1	-1	-1	0
4589	4853	4852	0	-1	-1	-1	0
4676	4677	4943	3	-1	-1	-1	0
4589	4854	4853	0	-1	-1	-1	0
4943	4679	4676	3	-1	-1	-1	0
4854	4591	4856	0	-1	-1	-1	0
4855	4856	4591	0	-1	-1	-1	0
4678	4679	4945	0	-1	-1	-1	0
4945	4680	4678	0	-1	-1	-1	0
4855	4593	4858	0	-1	-1	-1	0
4859	4593	4857	0	-1	-1	-1	0
4859	4858	4593	0	-1	-1	-1	0
4682	4948	4681	9	-1	-1	-1	0
4681	4948	4683	9	-1	-1	-1	0
4608	4877	4828	9	-1	-1	-1	0
4948	4682	4684	9	-1	-1	-1	0
4931	4664	4719	0	-1	-1	-1	0
4596	4861	4862	9	-1	-1	-1	0
4862	4863	4597	9	-1	-1	-1	0
4685	4952	4686	9	-1	-1	-1	0
4951	4684	4688	9	-1	-1	-1	0
4598	4863	4865	9	-1	-1	-1	0
4864	4598	4865	9	-1	-1	-1	0
4954	4689	4686	9	-1	-1	-1	0
4687	4955	4688	9	-1	-1	-1	0
4867	4599	4864	9	-1	-1	-1	0
4867	4866	4599	9	-1	-1	-1	0
4690	4955	4687	9	-1	-1	-1	0
4868	4600	4866	9	-1	-1	-1	0
4689	4958	4690	9	-1	-1	-1	0
4870	4869	4603	9	-1	-1	-1	0
4742	4857	4743	0	-1	-1	-1	0
4961	4692	4691	4	-1	-1	-1	0
4683	4949	4712	9	-1	-1	-1	0
4603	4871	4870	9	-1	-1	-1	0
4604	4868	4873	9	-1	-1	-1	0
4694	4961	4691	4	-1	-1	-1	0
4871	4604	4872	9	-1	-1	-1	0
4692	4962	4693	4	-1	-1	-1	0
4873	4872	4604	9	-1	-1	-1	0
4693	4964	4696	4	-1	-1	-1	0
4966	4694	4695	3	-1	-1	-1	0
4875	4606	4874	9	-1	-1	-1	0
4876	4607	4875	9	-1	-1	-1	0
4695	4697	4967	3	-1	-1	-1	0
4632	4827	4900	9	-1	-1	-1	0
4869	4881	4610	9	-1	-1	-1	0
4876	4877	4608	9	-1	-1	-1	0
4611	4878	4874	9	-1	-1	-1	0
4969	4697	4698	4	-1	-1	-1	0
4609	4879	4878	9	-1	-1	-1	0
4699	4971	4698	4	-1	-1	-1	0
4879	4610	4880	9	-1	-1	-1	0
4610	4881	4880	9	-1	-1	-1	0
4700	4972	4699	4	-1	-1	-1	0
4701	4974	4700	4	-1	-1	-1	0
4975	4701	4703	4	-1	-1	-1	0
4696	4968	4716	4	-1	-1	-1	0
4976	4703	4702	9	-1	-1	-1	0
4884	4618	4883	9	-1	-1	-1	0
4885	4618	4884	9	-1	-1	-1	0
4704	4979	4705	4	-1	-1	-1	0
4978	4704	4706	4	-1	-1	-1	0
4710	4976	4702	9	-1	-1	-1	0
4705	4980	4707	4	-1	-1	-1	0
4622	4886	4887	9	-1	-1	-1	0
4707	4982	4708	9	-1	-1	-1	0
4886	4624	4890	9	-1	-1	-1	0
4706	4713	4981	9	-1	-1	-1	0
4708	4984	4709	9	-1	-1	-1	0
4624	4888	4889	9	-1	-1	-1	0
4624	4889	4890	9	-1	-1	-1	0
4710	4709	4985	9	-1	-1	-1	0
4893	4888	4627	9	-1	-1	-1	0
4891	4625	4892	9	-1	-1	-1	0
4712	4986	4711	9	-1	-1	-1	0
4713	4711	4987	9	-1	-1	-1	0
4631	4897	4883	9	-1	-1	-1	0
4784	4680	4947	0	-1	-1	-1	0
4896	4630	4887	9	-1	-1	-1	0
4628	4891	4894	9	-1	-1	-1	0
4628	4894	4893	9	-1	-1	-1	0
4936	4670	4811	0	-1	-1	-1	0
4714	4989	4715	4	-1	-1	-1	0
4714	4717	4990	4	-1	-1	-1	0
4630	4896	4895	9	-1	-1	-1	0
4632	4899	4892	9	-1	-1	-1	0
4895	4898	4631	9	-1	-1	-1	0
4991	4718	4715	4	-1	-1	-1	0
4716	4993	4717	4	-1	-1	-1	0
4897	4631	4898	9	-1	-1	-1	0
4719	4718	4994	4	-1	-1	-1	0
4899	4632	4900	9	-1	-1	-1	0
4938	4824	4672	0	-1	-1	-1	0
4812	4810	4813	8	-1	-1	-1	0
4720	4722	4996	9	-1	-1	-1	0
4723	4721	4997	9	-1	-1	-1	0
4722	4723	4998	9	-1	-1	-1	0
4903	4639	4902	9	-1	-1	-1	0
4905	4904	4640	9	-1	-1	-1	0
4852	4798	4799	0	-1	-1	-1	0
4641	4903	4906	9	-1	-1	-1	0
4851	4799	4800	0	-1	-1	-1	0
4815	4816	4821	0	-1	-1	-1	0
4641	4906	4907	9	-1	-1	-1	0
4905	4642	4908	9	-1	-1	-1	0
4642	4907	4908	9	-1	-1	-1	0
4859	4857	4742	0	-1	-1	-1	0
4904	4911	4644	9	-1	-1	-1	0
5001	4730	4728	8	-1	-1	-1	0
4728	4731	5001	8	-1	-1	-1	0
4730	5003	4729	8	-1	-1	-1	0
4909	4644	4910	9	-1	-1	-1	0
4910	4644	4911	9	-1	-1	-1	0
4729	5002	4735	8	-1	-1	-1	0
4732	5006	4731	8	-1	-1	-1	0
4647	4914	4912	9	-1	-1	-1	0
4913	4914	4647	9	-1	-1	-1	0
4733	5007	4734	5	-1	-1	-1	0
4648	4915	4913	9	-1	-1	-1	0
5007	4733	4736	5	-1	-1	-1	0
4735	5008	4737	8	-1	-1	-1	0
4650	4916	4915	9	-1	-1	-1	0
4737	5009	4736	5	-1	-1	-1	0
4741	4734	5007	5	-1	-1	-1	0
4650	4917	4916	9	-1	-1	-1	0
4653	4918	4917	9	-1	-1	-1	0
4738	4739	5011	5	-1	-1	-1	0
4918	4652	4919	9	-1	-1	-1	0
4656	4912	4923	9	-1	-1	-1	0
5011	4744	4738	5	-1	-1	-1	0
4739	4743	5012	0	-1	-1	-1	0
4740	4741	5014	5	-1	-1	-1	0
4740	5013	4742	0	-1	-1	-1	0
4921	4654	4920	9	-1	-1	-1	0
4655	4921	4922	9	-1	-1	-1	0
4923	4920	4656	9	-1	-1	-1	0
4852	4799	4851	0	-1	-1	-1	0
4750	4744	5011	5	-1	-1	-1	0
4747	4748	5012	0	-1	-1	-1	0
4658	4924	4925	9	-1	-1	-1	0
4746	5016	4745	0	-1	-1	-1	0
5011	4748	4750	0	-1	-1	-1	0
4926	4924	4659	9	-1	-1	-1	0
5016	4748	4745	0	-1	-1	-1	0
4749	5016	4746	0	-1	-1	-1	0
4927	4660	4925	9	-1	-1	-1	0
4929	4662	4922	9	-1	-1	-1	0
4750	4748	5016	0	-1	-1	-1	0
4749	4750	5016	0	-1	-1	-1	0
4926	4661	4928	9	-1	-1	-1	0
4662	4929	4928	9	-1	-1	-1	0
4838	4845	4837	2	-1	-1	-1	0
5018	4752	4751	3	-1	-1	-1	0
4930	4663	4931	0	-1	-1	-1	0
5020	4753	4754	9	-1	-1	-1	0
4667	4933	4932	3	-1	-1	-1	0
4756	5022	4755	9	-1	-1	-1	0
4935	4668	4930	0	-1	-1	-1	0
4934	4933	4667	3	-1	-1	-1	0
4797	5006	4732	8	-1	-1	-1	0
5023	4756	4757	9	-1	-1	-1	0
5021	4754	4762	9	-1	-1	-1	0
4668	4935	4934	0	-1	-1	-1	0
5020	4764	4753	9	-1	-1	-1	0
4758	5024	4757	3	-1	-1	-1	0
5022	4762	4755	9	-1	-1	-1	0
5017	4751	4771	9	-1	-1	-1	0
4669	4936	4937	0	-1	-1	-1	0
4759	5026	4758	3	-1	-1	-1	0
4937	4938	4671	0	-1	-1	-1	0
5027	4759	4761	3	-1	-1	-1	0
4942	4675	4932	3	-1	-1	-1	0
4760	5029	4761	3	-1	-1	-1	0
4939	4673	4940	3	-1	-1	-1	0
4940	4674	4941	3	-1	-1	-1	0
4942	4941	4675	3	-1	-1	-1	0
4944	4677	4939	3	-1	-1	-1	0
4790	4752	5019	3	-1	-1	-1	0
4766	4763	5034	9	-1	-1	-1	0
4775	5028	4760	3	-1	-1	-1	0
4765	5035	4763	9	-1	-1	-1	0
4943	4677	4944	3	-1	-1	-1	0
4927	4952	4685	9	-1	-1	-1	0
4765	4764	5037	9	-1	-1	-1	0
4679	4943	4946	3	-1	-1	-1	0
4945	4679	4946	3	-1	-1	-1	0
4947	4680	4945	0	-1	-1	-1	0
4766	5041	4768	9	-1	-1	-1	0
4767	4768	5042	9	-1	-1	-1	0
5043	4769	4767	9	-1	-1	-1	0
4948	4950	4683	9	-1	-1	-1	0
4950	4949	4683	9	-1	-1	-1	0
4948	4684	4951	9	-1	-1	-1	0
4770	4769	5046	9	-1	-1	-1	0
4770	5047	4771	9	-1	-1	-1	0
4953	4686	4952	9	-1	-1	-1	0
4953	4954	4686	9	-1	-1	-1	0
4772	5049	4773	3	-1	-1	-1	0
4951	4688	4956	9	-1	-1	-1	0
4772	4776	5049	3	-1	-1	-1	0
5050	4774	4773	3	-1	-1	-1	0
4956	4688	4955	9	-1	-1	-1	0
4957	4689	4954	9	-1	-1	-1	0
5052	4775	4774	3	-1	-1	-1	0
4776	4778	5049	3	-1	-1	-1	0
4959	4955	4690	9	-1	-1	-1	0
4957	4958	4689	9	-1	-1	-1	0
4960	4690	4958	9	-1	-1	-1	0
4690	4960	4959	9	-1	-1	-1	0
5054	4778	4777	3	-1	-1	-1	0
4859	4742	5013	0	-1	-1	-1	0
4782	5055	4777	8	-1	-1	-1	0
4860	5012	4743	0	-1	-1	-1	0
4692	4961	4963	4	-1	-1	-1	0
4780	5058	4779	0	-1	-1	-1	0
4962	4692	4963	4	-1	-1	-1	0
4964	4693	4962	4	-1	-1	-1	0
5012	4860	4747	0	-1	-1	-1	0
4779	5057	4783	8	-1	-1	-1	0
4782	4783	5055	8	-1	-1	-1	0
4965	4961	4694	3	-1	-1	-1	0
4780	4781	5060	0	-1	-1	-1	0
4966	4965	4694	3	-1	-1	-1	0
4909	4997	4721	9	-1	-1	-1	0
4787	5060	4781	0	-1	-1	-1	0
4695	4967	4966	3	-1	-1	-1	0
4964	4968	4696	4	-1	-1	-1	0
4784	5062	4785	0	-1	-1	-1	0
4697	4970	4967	3	-1	-1	-1	0
5063	4786	4785	0	-1	-1	-1	0
4720	4996	4919	9	-1	-1	-1	0
4697	4969	4970	3	-1	-1	-1	0
4787	4786	5064	0	-1	-1	-1	0
4698	4971	4969	4	-1	-1	-1	0
4972	4971	4699	4	-1	-1	-1	0
4788	5066	4789	3	-1	-1	-1	0
5066	4788	4790	3	-1	-1	-1	0
4973	4972	4700	4	-1	-1	-1	0
4995	4931	4719	0	-1	-1	-1	0
4974	4973	4700	4	-1	-1	-1	0
4949	4988	4712	9	-1	-1	-1	0
4974	4701	4975	4	-1	-1	-1	0
4795	4789	5067	3	-1	-1	-1	0
5069	4791	4792	3	-1	-1	-1	0
4959	4709	4984	9	-1	-1	-1	0
4985	4709	4959	9	-1	-1	-1	0
5068	4794	4791	8	-1	-1	-1	0
4793	5070	4792	3	-1	-1	-1	0
4977	4975	4703	9	-1	-1	-1	0
4976	4977	4703	9	-1	-1	-1	0
4793	4795	5071	3	-1	-1	-1	0
4978	4979	4704	4	-1	-1	-1	0
4884	4883	4897	9	-1	-1	-1	0
4705	4979	4980	4	-1	-1	-1	0
4978	4706	4981	4	-1	-1	-1	0
4796	5073	4797	0	-1	-1	-1	0
5073	4796	4798	0	-1	-1	-1	0
4707	4980	4982	9	-1	-1	-1	0
4985	4976	4710	9	-1	-1	-1	0
4794	5072	4807	8	-1	-1	-1	0
4982	4983	4708	9	-1	-1	-1	0
4984	4708	4983	9	-1	-1	-1	0
4968	4993	4716	4	-1	-1	-1	0
5077	4800	4801	0	-1	-1	-1	0
4987	4981	4713	9	-1	-1	-1	0
4711	4986	4987	9	-1	-1	-1	0
4804	5079	4801	0	-1	-1	-1	0
4988	4986	4712	9	-1	-1	-1	0
5080	4804	4802	0	-1	-1	-1	0
4803	5081	4802	8	-1	-1	-1	0
4803	4809	5081	8	-1	-1	-1	0
4714	4990	4989	4	-1	-1	-1	0
4805	4806	5083	8	-1	-1	-1	0
4992	4715	4989	4	-1	-1	-1	0
4805	5084	4809	8	-1	-1	-1	0
4992	4991	4715	4	-1	-1	-1	0
5085	4806	4808	8	-1	-1	-1	0
4993	4990	4717	4	-1	-1	-1	0
4807	5087	4808	8	-1	-1	-1	0
4994	4718	4991	4	-1	-1	-1	0
4994	4995	4719	0	-1	-1	-1	0
4811	4812	5090	8	-1	-1	-1	0
5091	4812	4813	8	-1	-1	-1	0
4722	4999	4996	9	-1	-1	-1	0
5091	4813	4814	8	-1	-1	-1	0
4722	4998	4999	9	-1	-1	-1	0
4997	5000	4723	9	-1	-1	-1	0
4723	5000	4998	9	-1	-1	-1	0
5076	4798	4852	0	-1	-1	-1	0
4816	4817	5093	0	-1	-1	-1	0
4800	5077	4851	0	-1	-1	-1	0
4818	5093	4817	0	-1	-1	-1	0
5093	4821	4816	0	-1	-1	-1	0
5093	4818	4820	5	-1	-1	-1	0
5092	4814	4825	5	-1	-1	-1	0
4820	4819	5093	5	-1	-1	-1	0
5093	4819	4821	5	-1	-1	-1	0
5002	4729	5003	8	-1	-1	-1	0
5004	4730	5001	8	-1	-1	-1	0
4730	5005	5003	8	-1	-1	-1	0
4731	5006	5001	8	-1	-1	-1	0
5005	4730	5004	8	-1	-1	-1	0
4822	4823	5094	5	-1	-1	-1	0
4825	4822	5094	5	-1	-1	-1	0
4823	4824	5095	0	-1	-1	-1	0
5008	4735	5002	8	-1	-1	-1	0
4914	4923	4912	9	-1	-1	-1	0
4826	5097	4827	9	-1	-1	-1	0
5097	4826	4828	9	-1	-1	-1	0
5009	5007	4736	5	-1	-1	-1	0
4737	5008	5010	8	-1	-1	-1	0
5009	4737	5010	5	-1	-1	-1	0
4830	5100	4829	2	-1	-1	-1	0
5099	4833	4829	9	-1	-1	-1	0
5011	4739	5012	0	-1	-1	-1	0
4830	4831	5101	2	-1	-1	-1	0
5015	4741	5007	5	-1	-1	-1	0
4832	5102	4831	2	-1	-1	-1	0
5013	4740	5014	0	-1	-1	-1	0
4741	5015	5014	5	-1	-1	-1	0
4748	5011	5012	0	-1	-1	-1	0
4834	4833	5107	9	-1	-1	-1	0
4832	4839	5104	2	-1	-1	-1	0
4850	5078	4849	0	-1	-1	-1	0
4851	5077	4850	0	-1	-1	-1	0
5109	4835	4836	2	-1	-1	-1	0
4853	5076	4852	0	-1	-1	-1	0
4836	4837	5111	2	-1	-1	-1	0
5110	4839	4835	2	-1	-1	-1	0
5018	4751	5017	3	-1	-1	-1	0
5018	5019	4752	3	-1	-1	-1	0
4947	5062	4784	0	-1	-1	-1	0
4837	4845	5113	2	-1	-1	-1	0
5020	4754	5021	9	-1	-1	-1	0
5116	4841	4840	0	-1	-1	-1	0
4842	5116	4840	0	-1	-1	-1	0
5023	5022	4756	9	-1	-1	-1	0
4843	4841	5117	2	-1	-1	-1	0
4828	4877	5098	9	-1	-1	-1	0
4834	5108	4861	9	-1	-1	-1	0
5023	4757	5025	9	-1	-1	-1	0
5024	5025	4757	3	-1	-1	-1	0
4843	5120	4844	2	-1	-1	-1	0
4933	4942	4932	3	-1	-1	-1	0
5026	5024	4758	3	-1	-1	-1	0
4842	4848	5119	0	-1	-1	-1	0
4844	5122	4845	2	-1	-1	-1	0
4759	5027	5026	3	-1	-1	-1	0
4762	5022	5032	9	-1	-1	-1	0
4762	5033	5021	9	-1	-1	-1	0
4760	5028	5029	3	-1	-1	-1	0
4847	4846	5125	0	-1	-1	-1	0
5031	5027	4761	3	-1	-1	-1	0
4846	4849	5124	0	-1	-1	-1	0
5036	4764	5020	9	-1	-1	-1	0
5029	5030	4761	3	-1	-1	-1	0
4761	5030	5031	3	-1	-1	-1	0
5127	4848	4847	0	-1	-1	-1	0
5097	4900	4827	9	-1	-1	-1	0
5033	4762	5032	9	-1	-1	-1	0
4763	5035	5034	9	-1	-1	-1	0
4853	4854	5128	0	-1	-1	-1	0
4771	5048	5017	9	-1	-1	-1	0
4936	4811	5090	0	-1	-1	-1	0
4764	5036	5037	9	-1	-1	-1	0
4765	5038	5035	9	-1	-1	-1	0
5129	4854	4856	0	-1	-1	-1	0
4766	5034	5040	9	-1	-1	-1	0
5039	4765	5037	9	-1	-1	-1	0
4765	5039	5038	9	-1	-1	-1	0
5131	4856	4855	0	-1	-1	-1	0
4858	5130	4855	0	-1	-1	-1	0
5040	5041	4766	9	-1	-1	-1	0
4951	4950	4948	9	-1	-1	-1	0
5133	4858	4859	0	-1	-1	-1	0
4767	5042	5043	9	-1	-1	-1	0
4768	5041	5045	9	-1	-1	-1	0
5044	5042	4768	9	-1	-1	-1	0
4775	5053	5028	3	-1	-1	-1	0
4861	5134	4862	9	-1	-1	-1	0
5045	5044	4768	9	-1	-1	-1	0
5095	4824	4938	0	-1	-1	-1	0
5046	4769	5043	9	-1	-1	-1	0
4862	5136	4863	9	-1	-1	-1	0
4770	5046	5047	9	-1	-1	-1	0
5137	4865	4863	9	-1	-1	-1	0
5047	5048	4771	9	-1	-1	-1	0
4864	4865	5138	9	-1	-1	-1	0
4867	4864	5139	9	-1	-1	-1	0
5049	5051	4773	3	-1	-1	-1	0
5051	5050	4773	3	-1	-1	-1	0
4867	5142	4866	9	-1	-1	-1	0
5019	5066	4790	3	-1	-1	-1	0
5050	5052	4774	3	-1	-1	-1	0
5142	4868	4866	9	-1	-1	-1	0
4797	5075	5006	8	-1	-1	-1	0
5051	5049	4778	3	-1	-1	-1	0
4775	5052	5053	3	-1	-1	-1	0
5142	4873	4868	9	-1	-1	-1	0
4870	5145	4869	9	-1	-1	-1	0
5056	5051	4778	3	-1	-1	-1	0
5055	5054	4777	3	-1	-1	-1	0
4871	5146	4870	9	-1	-1	-1	0
5054	5056	4778	3	-1	-1	-1	0
4872	5148	4871	9	-1	-1	-1	0
4873	5149	4872	9	-1	-1	-1	0
5057	4779	5058	0	-1	-1	-1	0
4955	4984	4956	9	-1	-1	-1	0
5145	4881	4869	9	-1	-1	-1	0
5059	5058	4780	0	-1	-1	-1	0
4959	4984	4955	9	-1	-1	-1	0
5060	5059	4780	0	-1	-1	-1	0
5055	4783	5061	8	-1	-1	-1	0
4874	5151	4875	9	-1	-1	-1	0
5057	5061	4783	8	-1	-1	-1	0
4874	4878	5152	9	-1	-1	-1	0
4959	4960	4985	9	-1	-1	-1	0
5155	4876	4875	9	-1	-1	-1	0
4876	5155	4877	9	-1	-1	-1	0
4878	4879	5152	9	-1	-1	-1	0
4940	5031	4939	3	-1	-1	-1	0
5062	5063	4785	0	-1	-1	-1	0
4787	5065	5060	0	-1	-1	-1	0
5063	5064	4786	0	-1	-1	-1	0
5031	4944	4939	3	-1	-1	-1	0
5065	4787	5064	0	-1	-1	-1	0
4879	4880	5157	9	-1	-1	-1	0
4880	4881	5158	9	-1	-1	-1	0
5066	5067	4789	3	-1	-1	-1	0
4983	4956	4984	9	-1	-1	-1	0
5069	5068	4791	3	-1	-1	-1	0
5069	4792	5070	3	-1	-1	-1	0
4795	5067	5071	3	-1	-1	-1	0
5068	5072	4794	8	-1	-1	-1	0
5070	4793	5071	3	-1	-1	-1	0
5163	4887	4886	9	-1	-1	-1	0
4886	4890	5162	9	-1	-1	-1	0
4889	4888	5164	9	-1	-1	-1	0
5073	5074	4797	0	-1	-1	-1	0
4889	5165	4890	9	-1	-1	-1	0
4888	4893	5164	9	-1	-1	-1	0
4896	4887	5163	9	-1	-1	-1	0
5075	4797	5074	0	-1	-1	-1	0
5076	5073	4798	0	-1	-1	-1	0
4892	5170	4891	9	-1	-1	-1	0
5169	4894	4891	9	-1	-1	-1	0
5077	4801	5078	0	-1	-1	-1	0
5079	5078	4801	0	-1	-1	-1	0
4894	5174	4893	9	-1	-1	-1	0
4802	5081	5080	0	-1	-1	-1	0
5172	4892	4899	9	-1	-1	-1	0
5086	4807	5072	8	-1	-1	-1	0
4804	5082	5079	0	-1	-1	-1	0
4804	5080	5082	0	-1	-1	-1	0
5177	4895	4896	9	-1	-1	-1	0
4895	5177	4898	9	-1	-1	-1	0
5084	4805	5083	8	-1	-1	-1	0
5083	4806	5085	8	-1	-1	-1	0
4900	5179	4899	9	-1	-1	-1	0
5089	5081	4809	8	-1	-1	-1	0
5086	5087	4807	8	-1	-1	-1	0
5088	5085	4808	8	-1	-1	-1	0
5089	4809	5084	8	-1	-1	-1	0
5088	4808	5087	8	-1	-1	-1	0
4905	5182	4904	9	-1	-1	-1	0
5091	5090	4812	8	-1	-1	-1	0
4908	5183	4905	9	-1	-1	-1	0
4904	5182	4911	9	-1	-1	-1	0
5092	5091	4814	8	-1	-1	-1	0
5185	4907	4906	9	-1	-1	-1	0
4907	5185	4908	9	-1	-1	-1	0
5133	4859	5013	0	-1	-1	-1	0
4909	4910	5186	9	-1	-1	-1	0
5031	5030	4944	3	-1	-1	-1	0
5077	5078	4850	0	-1	-1	-1	0
4911	5187	4910	9	-1	-1	-1	0
5095	5094	4823	0	-1	-1	-1	0
5092	4825	5096	5	-1	-1	-1	0
5094	5096	4825	5	-1	-1	-1	0
4913	4915	5191	9	-1	-1	-1	0
4914	4913	5192	9	-1	-1	-1	0
4828	5098	5097	9	-1	-1	-1	0
5195	4915	4916	9	-1	-1	-1	0
5100	5099	4829	2	-1	-1	-1	0
4916	4917	5196	9	-1	-1	-1	0
5193	4923	4914	9	-1	-1	-1	0
5015	5007	5009	5	-1	-1	-1	0
4830	5101	5100	2	-1	-1	-1	0
4918	5197	4917	9	-1	-1	-1	0
5103	5101	4831	2	-1	-1	-1	0
4918	4919	5198	9	-1	-1	-1	0
5103	4831	5102	2	-1	-1	-1	0
5099	5107	4833	9	-1	-1	-1	0
4832	5106	5102	2	-1	-1	-1	0
4832	5104	5105	2	-1	-1	-1	0
5105	5106	4832	2	-1	-1	-1	0
4921	4920	5202	9	-1	-1	-1	0
4923	5201	4920	9	-1	-1	-1	0
5203	4922	4921	9	-1	-1	-1	0
4834	5107	5108	9	-1	-1	-1	0
5078	5124	4849	0	-1	-1	-1	0
5109	5110	4835	2	-1	-1	-1	0
4925	4924	5206	9	-1	-1	-1	0
4922	5204	4929	9	-1	-1	-1	0
5206	4924	4926	9	-1	-1	-1	0
5114	5104	4839	2	-1	-1	-1	0
5112	5109	4836	2	-1	-1	-1	0
5128	5076	4853	0	-1	-1	-1	0
4836	5111	5112	2	-1	-1	-1	0
5207	4927	4925	9	-1	-1	-1	0
5113	5111	4837	2	-1	-1	-1	0
4928	5209	4926	9	-1	-1	-1	0
5115	4839	5110	2	-1	-1	-1	0
5211	4928	4929	9	-1	-1	-1	0
5114	4839	5115	2	-1	-1	-1	0
4841	5116	5117	0	-1	-1	-1	0
5213	4930	4931	0	-1	-1	-1	0
5116	4842	5118	0	-1	-1	-1	0
5023	5032	5022	9	-1	-1	-1	0
5213	4935	4930	0	-1	-1	-1	0
5118	4842	5119	0	-1	-1	-1	0
5001	5075	5004	8	-1	-1	-1	0
5120	4843	5117	2	-1	-1	-1	0
5123	5113	4845	2	-1	-1	-1	0
5001	5006	5075	8	-1	-1	-1	0
4933	4934	5216	3	-1	-1	-1	0
4844	5120	5121	2	-1	-1	-1	0
4935	5217	4934	0	-1	-1	-1	0
4844	5121	5122	2	-1	-1	-1	0
4952	4927	5210	9	-1	-1	-1	0
4845	5122	5123	2	-1	-1	-1	0
4933	5215	4942	3	-1	-1	-1	0
5219	4937	4936	0	-1	-1	-1	0
5186	4997	4909	9	-1	-1	-1	0
5127	5119	4848	0	-1	-1	-1	0
5220	4938	4937	0	-1	-1	-1	0
4846	5124	5125	0	-1	-1	-1	0
5126	4847	5125	0	-1	-1	-1	0
5126	5127	4847	0	-1	-1	-1	0
4940	4941	5222	3	-1	-1	-1	0
5108	5135	4861	9	-1	-1	-1	0
4854	5129	5128	0	-1	-1	-1	0
5226	4943	4944	3	-1	-1	-1	0
5224	4941	4942	3	-1	-1	-1	0
4919	4996	5200	9	-1	-1	-1	0
4946	4943	5226	3	-1	-1	-1	0
5131	4855	5130	0	-1	-1	-1	0
4856	5132	5129	0	-1	-1	-1	0
5227	4945	4946	3	-1	-1	-1	0
5132	4856	5131	0	-1	-1	-1	0
5227	4947	4945	3	-1	-1	-1	0
5130	4858	5133	0	-1	-1	-1	0
5044	5043	5042	9	-1	-1	-1	0
4949	4950	5231	9	-1	-1	-1	0
4861	5135	5134	9	-1	-1	-1	0
4877	5156	5098	9	-1	-1	-1	0
5134	5136	4862	9	-1	-1	-1	0
5232	4950	4951	9	-1	-1	-1	0
5137	4863	5136	9	-1	-1	-1	0
4953	4952	5233	9	-1	-1	-1	0
4951	4956	5232	9	-1	-1	-1	0
4931	4995	5214	0	-1	-1	-1	0
4864	5138	5139	9	-1	-1	-1	0
4954	4953	5234	9	-1	-1	-1	0
5140	5138	4865	9	-1	-1	-1	0
5137	5141	4865	9	-1	-1	-1	0
5141	5140	4865	9	-1	-1	-1	0
4954	5236	4957	9	-1	-1	-1	0
4867	5139	5144	9	-1	-1	-1	0
5143	5142	4867	9	-1	-1	-1	0
4957	5237	4958	9	-1	-1	-1	0
5144	5143	4867	9	-1	-1	-1	0
4965	4966	5225	3	-1	-1	-1	0
5224	4966	4967	3	-1	-1	-1	0
4960	4958	5240	9	-1	-1	-1	0
5146	5145	4870	9	-1	-1	-1	0
5146	4871	5147	9	-1	-1	-1	0
5150	4873	5142	9	-1	-1	-1	0
5148	5147	4871	9	-1	-1	-1	0
5242	4963	4961	3	-1	-1	-1	0
4988	4949	5230	9	-1	-1	-1	0
4961	4965	5242	3	-1	-1	-1	0
4963	5243	4962	4	-1	-1	-1	0
4872	5149	5148	9	-1	-1	-1	0
4962	5243	4964	4	-1	-1	-1	0
4983	5232	4956	9	-1	-1	-1	0
5150	5149	4873	9	-1	-1	-1	0
5180	4900	5097	9	-1	-1	-1	0
5245	4968	4964	4	-1	-1	-1	0
5152	5151	4874	9	-1	-1	-1	0
4875	5151	5154	9	-1	-1	-1	0
4875	5154	5153	9	-1	-1	-1	0
4970	5246	4967	3	-1	-1	-1	0
4875	5153	5155	9	-1	-1	-1	0
4985	4960	5241	9	-1	-1	-1	0
4881	5145	5161	9	-1	-1	-1	0
4877	5155	5156	9	-1	-1	-1	0
5152	4879	5157	9	-1	-1	-1	0
4969	4971	5249	4	-1	-1	-1	0
5250	4970	4969	3	-1	-1	-1	0
5031	4940	5222	3	-1	-1	-1	0
5200	4996	4999	9	-1	-1	-1	0
5157	4880	5159	9	-1	-1	-1	0
5253	4971	4972	4	-1	-1	-1	0
5158	5159	4880	9	-1	-1	-1	0
5253	4972	4973	4	-1	-1	-1	0
4881	5160	5158	9	-1	-1	-1	0
5226	4944	5030	3	-1	-1	-1	0
5254	4973	4974	4	-1	-1	-1	0
4881	5161	5160	9	-1	-1	-1	0
4985	5241	4976	9	-1	-1	-1	0
5256	4974	4975	4	-1	-1	-1	0
4975	4977	5257	9	-1	-1	-1	0
4993	4968	5248	4	-1	-1	-1	0
4977	4976	5258	9	-1	-1	-1	0
4886	5162	5163	9	-1	-1	-1	0
4978	5261	4979	4	-1	-1	-1	0
4981	5260	4978	4	-1	-1	-1	0
4889	5164	5166	9	-1	-1	-1	0
4890	5167	5162	9	-1	-1	-1	0
5166	5165	4889	9	-1	-1	-1	0
4980	4979	5262	4	-1	-1	-1	0
5168	4890	5165	9	-1	-1	-1	0
5074	5073	5076	0	-1	-1	-1	0
5168	5167	4890	9	-1	-1	-1	0
4980	5263	4982	9	-1	-1	-1	0
4982	5265	4983	9	-1	-1	-1	0
4893	5173	5164	9	-1	-1	-1	0
5169	4891	5171	9	-1	-1	-1	0
4981	4987	5264	9	-1	-1	-1	0
4891	5170	5171	9	-1	-1	-1	0
4892	5172	5170	9	-1	-1	-1	0
5178	4896	5163	9	-1	-1	-1	0
5169	5175	4894	9	-1	-1	-1	0
4947	5229	5062	3	-1	-1	-1	0
5266	4987	4986	9	-1	-1	-1	0
5173	4893	5174	9	-1	-1	-1	0
4986	4988	5267	9	-1	-1	-1	0
5176	5174	4894	9	-1	-1	-1	0
4936	5090	5219	0	-1	-1	-1	0
5176	4894	5175	9	-1	-1	-1	0
4990	5269	4989	4	-1	-1	-1	0
5172	4899	5179	9	-1	-1	-1	0
4992	4989	5270	4	-1	-1	-1	0
4896	5178	5177	9	-1	-1	-1	0
5220	5095	4938	0	-1	-1	-1	0
5271	4990	4993	4	-1	-1	-1	0
4992	5272	4991	4	-1	-1	-1	0
4994	4991	5273	4	-1	-1	-1	0
5179	4900	5181	9	-1	-1	-1	0
5181	4900	5180	9	-1	-1	-1	0
4994	5276	4995	0	-1	-1	-1	0
4905	5184	5182	9	-1	-1	-1	0
4905	5183	5184	9	-1	-1	-1	0
5000	4997	5277	9	-1	-1	-1	0
4908	5185	5183	9	-1	-1	-1	0
5279	4998	5000	9	-1	-1	-1	0
5280	4999	4998	9	-1	-1	-1	0
5076	5128	5074	0	-1	-1	-1	0
5124	5078	5079	0	-1	-1	-1	0
5190	4911	5182	9	-1	-1	-1	0
4910	5188	5186	9	-1	-1	-1	0
5030	5029	5226	3	-1	-1	-1	0
5188	4910	5187	9	-1	-1	-1	0
5003	5282	5002	8	-1	-1	-1	0
5189	5187	4911	9	-1	-1	-1	0
5283	5003	5005	8	-1	-1	-1	0
5190	5189	4911	9	-1	-1	-1	0
5282	5008	5002	8	-1	-1	-1	0
5285	5005	5004	0	-1	-1	-1	0
5191	5192	4913	9	-1	-1	-1	0
5192	5194	4914	9	-1	-1	-1	0
5195	5191	4915	9	-1	-1	-1	0
5193	4914	5194	9	-1	-1	-1	0
5008	5288	5010	8	-1	-1	-1	0
5196	5195	4916	9	-1	-1	-1	0
5289	5009	5010	5	-1	-1	-1	0
4917	5197	5196	9	-1	-1	-1	0
5289	5015	5009	5	-1	-1	-1	0
5197	4918	5198	9	-1	-1	-1	0
5199	5198	4919	9	-1	-1	-1	0
4923	5193	5201	9	-1	-1	-1	0
5013	5014	5291	0	-1	-1	-1	0
4919	5200	5199	9	-1	-1	-1	0
5014	5015	5292	5	-1	-1	-1	0
4920	5201	5202	9	-1	-1	-1	0
4921	5202	5203	9	-1	-1	-1	0
5018	5017	5293	3	-1	-1	-1	0
4922	5203	5205	9	-1	-1	-1	0
4922	5205	5204	9	-1	-1	-1	0
5018	5298	5019	3	-1	-1	-1	0
4925	5206	5207	9	-1	-1	-1	0
5208	5206	4926	9	-1	-1	-1	0
5299	5020	5021	9	-1	-1	-1	0
4926	5209	5208	9	-1	-1	-1	0
4927	5207	5210	9	-1	-1	-1	0
5212	4929	5204	9	-1	-1	-1	0
4928	5211	5209	9	-1	-1	-1	0
5301	5023	5025	9	-1	-1	-1	0
5211	4929	5212	9	-1	-1	-1	0
5024	5303	5025	3	-1	-1	-1	0
5026	5302	5024	3	-1	-1	-1	0
5300	5021	5033	9	-1	-1	-1	0
5299	5036	5020	9	-1	-1	-1	0
5032	5023	5301	9	-1	-1	-1	0
5305	5026	5027	3	-1	-1	-1	0
4931	5214	5213	0	-1	-1	-1	0
5017	5048	5295	9	-1	-1	-1	0
5075	5284	5004	0	-1	-1	-1	0
5027	5031	5306	3	-1	-1	-1	0
5216	5215	4933	3	-1	-1	-1	0
5028	5307	5029	3	-1	-1	-1	0
5213	5218	4935	0	-1	-1	-1	0
4934	5217	5216	3	-1	-1	-1	0
5217	4935	5218	0	-1	-1	-1	0
5033	5032	5309	9	-1	-1	-1	0
5221	4937	5219	0	-1	-1	-1	0
5097	5098	5180	9	-1	-1	-1	0
5221	5220	4937	0	-1	-1	-1	0
5312	5034	5035	9	-1	-1	-1	0
4942	5215	5225	3	-1	-1	-1	0
5066	5019	5298	3	-1	-1	-1	0
5313	5035	5038	9	-1	-1	-1	0
5312	5040	5034	9	-1	-1	-1	0
5223	5222	4941	3	-1	-1	-1	0
5037	5036	5314	9	-1	-1	-1	0
5307	5028	5053	3	-1	-1	-1	0
5224	5223	4941	3	-1	-1	-1	0
5315	5039	5037	9	-1	-1	-1	0
5224	4942	5225	3	-1	-1	-1	0
5039	5316	5038	9	-1	-1	-1	0
5233	4952	5210	9	-1	-1	-1	0
4946	5226	5228	3	-1	-1	-1	0
5319	5041	5040	9	-1	-1	-1	0
5227	4946	5228	3	-1	-1	-1	0
5229	4947	5227	3	-1	-1	-1	0
5045	5041	5320	9	-1	-1	-1	0
5230	4949	5231	9	-1	-1	-1	0
5043	5044	5323	9	-1	-1	-1	0
5043	5322	5046	9	-1	-1	-1	0
5323	5044	5045	9	-1	-1	-1	0
4950	5232	5231	9	-1	-1	-1	0
5224	5225	4966	3	-1	-1	-1	0
5326	5047	5046	9	-1	-1	-1	0
5233	5235	4953	9	-1	-1	-1	0
5047	5327	5048	9	-1	-1	-1	0
5235	5234	4953	9	-1	-1	-1	0
5236	4954	5234	9	-1	-1	-1	0
5066	5298	5067	3	-1	-1	-1	0
5238	4957	5236	9	-1	-1	-1	0
5050	5051	5330	3	-1	-1	-1	0
5242	4965	5225	3	-1	-1	-1	0
5238	5237	4957	9	-1	-1	-1	0
5331	5052	5050	3	-1	-1	-1	0
5237	5239	4958	9	-1	-1	-1	0
5150	5142	5143	9	-1	-1	-1	0
4958	5239	5240	9	-1	-1	-1	0
5291	5133	5013	0	-1	-1	-1	0
5052	5333	5053	3	-1	-1	-1	0
5224	4967	5247	3	-1	-1	-1	0
5051	5056	5332	3	-1	-1	-1	0
5240	5241	4960	9	-1	-1	-1	0
5055	5334	5054	3	-1	-1	-1	0
5056	5054	5334	3	-1	-1	-1	0
5244	4963	5242	3	-1	-1	-1	0
5243	4963	5244	3	-1	-1	-1	0
5335	5055	5061	3	-1	-1	-1	0
5337	5057	5058	0	-1	-1	-1	0
5245	4964	5243	4	-1	-1	-1	0
5336	5061	5057	8	-1	-1	-1	0
5058	5059	5338	0	-1	-1	-1	0
5059	5060	5339	0	-1	-1	-1	0
5247	4967	5246	3	-1	-1	-1	0
5245	5248	4968	4	-1	-1	-1	0
5186	5278	4997	9	-1	-1	-1	0
5065	5339	5060	0	-1	-1	-1	0
5341	5063	5062	3	-1	-1	-1	0
5246	4970	5251	3	-1	-1	-1	0
4969	5249	5250	3	-1	-1	-1	0
5063	5342	5064	3	-1	-1	-1	0
5250	5251	4970	3	-1	-1	-1	0
5343	5065	5064	3	-1	-1	-1	0
4971	5252	5249	4	-1	-1	-1	0
5241	5258	4976	9	-1	-1	-1	0
5253	5252	4971	4	-1	-1	-1	0
5265	5232	4983	9	-1	-1	-1	0
5281	5200	4999	9	-1	-1	-1	0
4973	5255	5253	4	-1	-1	-1	0
5254	5255	4973	4	-1	-1	-1	0
5071	5067	5345	3	-1	-1	-1	0
5069	5346	5068	3	-1	-1	-1	0
5256	5254	4974	4	-1	-1	-1	0
5276	5214	4995	0	-1	-1	-1	0
5070	5071	5345	3	-1	-1	-1	0
5230	5268	4988	9	-1	-1	-1	0
5072	5068	5347	8	-1	-1	-1	0
5070	5348	5069	3	-1	-1	-1	0
4975	5257	5256	9	-1	-1	-1	0
5259	5257	4977	9	-1	-1	-1	0
5259	4977	5258	9	-1	-1	-1	0
5075	5074	5350	0	-1	-1	-1	0
5261	4978	5260	4	-1	-1	-1	0
4979	5261	5262	4	-1	-1	-1	0
5173	5166	5164	9	-1	-1	-1	0
4980	5262	5263	9	-1	-1	-1	0
5086	5072	5347	8	-1	-1	-1	0
5264	5260	4981	4	-1	-1	-1	0
5265	4982	5263	9	-1	-1	-1	0
5082	5352	5079	0	-1	-1	-1	0
5080	5081	5353	0	-1	-1	-1	0
5080	5354	5082	0	-1	-1	-1	0
5275	4993	5248	4	-1	-1	-1	0
5264	4987	5266	9	-1	-1	-1	0
5266	4986	5267	9	-1	-1	-1	0
5356	5084	5083	8	-1	-1	-1	0
5268	5267	4988	9	-1	-1	-1	0
5083	5085	5356	8	-1	-1	-1	0
5355	5081	5089	8	-1	-1	-1	0
5270	4989	5269	4	-1	-1	-1	0
5084	5357	5089	8	-1	-1	-1	0
5271	5269	4990	4	-1	-1	-1	0
5088	5358	5085	8	-1	-1	-1	0
5086	5360	5087	8	-1	-1	-1	0
5274	4992	5270	4	-1	-1	-1	0
5088	5087	5361	8	-1	-1	-1	0
4991	5272	5273	4	-1	-1	-1	0
4992	5274	5272	4	-1	-1	-1	0
5271	4993	5275	4	-1	-1	-1	0
5362	5090	5091	8	-1	-1	-1	0
5276	4994	5273	0	-1	-1	-1	0
5091	5092	5362	8	-1	-1	-1	0
5131	5285	5132	0	-1	-1	-1	0
5096	5363	5092	5	-1	-1	-1	0
4997	5278	5277	9	-1	-1	-1	0
5074	5128	5350	0	-1	-1	-1	0
5364	5094	5095	0	-1	-1	-1	0
5124	5079	5351	0	-1	-1	-1	0
5364	5096	5094	0	-1	-1	-1	0
5190	5182	5184	9	-1	-1	-1	0
5000	5277	5279	9	-1	-1	-1	0
5280	4998	5279	9	-1	-1	-1	0
5031	5222	5306	3	-1	-1	-1	0
4999	5280	5281	9	-1	-1	-1	0
5226	5029	5308	3	-1	-1	-1	0
5100	5368	5099	2	-1	-1	-1	0
5282	5003	5283	8	-1	-1	-1	0
5369	5100	5101	2	-1	-1	-1	0
5004	5284	5285	0	-1	-1	-1	0
5367	5107	5099	9	-1	-1	-1	0
5286	5283	5005	0	-1	-1	-1	0
5103	5371	5101	2	-1	-1	-1	0
5286	5005	5285	0	-1	-1	-1	0
5103	5102	5372	2	-1	-1	-1	0
5282	5287	5008	8	-1	-1	-1	0
5102	5106	5372	2	-1	-1	-1	0
5008	5287	5288	8	-1	-1	-1	0
5105	5104	5374	2	-1	-1	-1	0
5105	5375	5106	2	-1	-1	-1	0
5290	5010	5288	8	-1	-1	-1	0
5290	5289	5010	5	-1	-1	-1	0
5374	5104	5114	2	-1	-1	-1	0
5108	5107	5380	9	-1	-1	-1	0
5289	5292	5015	5	-1	-1	-1	0
5291	5014	5292	0	-1	-1	-1	0
5351	5125	5124	0	-1	-1	-1	0
5382	5110	5109	2	-1	-1	-1	0
5383	5109	5112	2	-1	-1	-1	0
5017	5294	5293	3	-1	-1	-1	0
5295	5294	5017	3	-1	-1	-1	0
5128	5129	5350	0	-1	-1	-1	0
5018	5293	5297	3	-1	-1	-1	0
5113	5386	5111	2	-1	-1	-1	0
5387	5112	5111	2	-1	-1	-1	0
5110	5385	5115	2	-1	-1	-1	0
5350	5129	5132	0	-1	-1	-1	0
5296	5018	5297	3	-1	-1	-1	0
5018	5296	5298	3	-1	-1	-1	0
5114	5115	5390	2	-1	-1	-1	0
5021	5300	5299	9	-1	-1	-1	0
5366	5098	5156	9	-1	-1	-1	0
5381	5135	5108	9	-1	-1	-1	0
5389	5113	5123	2	-1	-1	-1	0
5117	5116	5393	0	-1	-1	-1	0
5393	5116	5118	0	-1	-1	-1	0
5024	5302	5303	3	-1	-1	-1	0
5025	5304	5301	9	-1	-1	-1	0
5117	5394	5120	2	-1	-1	-1	0
5304	5025	5303	3	-1	-1	-1	0
5062	5229	5341	3	-1	-1	-1	0
5396	5118	5119	0	-1	-1	-1	0
5305	5302	5026	3	-1	-1	-1	0
5121	5120	5394	2	-1	-1	-1	0
5027	5306	5305	3	-1	-1	-1	0
5309	5032	5301	9	-1	-1	-1	0
5121	5399	5122	2	-1	-1	-1	0
5397	5119	5127	0	-1	-1	-1	0
5310	5300	5033	9	-1	-1	-1	0
5307	5308	5029	3	-1	-1	-1	0
5366	5180	5098	9	-1	-1	-1	0
5218	5213	5214	0	-1	-1	-1	0
5122	5400	5123	2	-1	-1	-1	0
5036	5299	5314	9	-1	-1	-1	0
5278	5186	5188	9	-1	-1	-1	0
5125	5402	5126	0	-1	-1	-1	0
5309	5311	5033	9	-1	-1	-1	0
5311	5310	5033	9	-1	-1	-1	0
5403	5127	5126	0	-1	-1	-1	0
5035	5313	5312	9	-1	-1	-1	0
5315	5037	5314	9	-1	-1	-1	0
5131	5130	5406	0	-1	-1	-1	0
5317	5313	5038	9	-1	-1	-1	0
5405	5130	5133	0	-1	-1	-1	0
5319	5040	5312	9	-1	-1	-1	0
5316	5317	5038	9	-1	-1	-1	0
5362	5219	5090	0	-1	-1	-1	0
5329	5295	5048	9	-1	-1	-1	0
5315	5318	5039	9	-1	-1	-1	0
5316	5039	5318	9	-1	-1	-1	0
5134	5135	5408	9	-1	-1	-1	0
5134	5408	5136	9	-1	-1	-1	0
5095	5220	5364	0	-1	-1	-1	0
5041	5319	5320	9	-1	-1	-1	0
5242	5225	5215	3	-1	-1	-1	0
5137	5136	5410	9	-1	-1	-1	0
5322	5043	5321	9	-1	-1	-1	0
5043	5323	5321	9	-1	-1	-1	0
5137	5410	5141	9	-1	-1	-1	0
5320	5325	5045	9	-1	-1	-1	0
5138	5140	5412	9	-1	-1	-1	0
5138	5413	5139	9	-1	-1	-1	0
5333	5307	5053	3	-1	-1	-1	0
5324	5323	5045	9	-1	-1	-1	0
5045	5325	5324	9	-1	-1	-1	0
5046	5322	5326	9	-1	-1	-1	0
5141	5415	5140	9	-1	-1	-1	0
5144	5139	5414	9	-1	-1	-1	0
5285	5284	5132	0	-1	-1	-1	0
5244	5242	5215	3	-1	-1	-1	0
5326	5328	5047	9	-1	-1	-1	0
5285	5131	5286	0	-1	-1	-1	0
5328	5327	5047	9	-1	-1	-1	0
5048	5327	5329	9	-1	-1	-1	0
5418	5143	5144	9	-1	-1	-1	0
5075	5350	5284	0	-1	-1	-1	0
5345	5067	5298	3	-1	-1	-1	0
5050	5330	5331	3	-1	-1	-1	0
5145	5146	5420	9	-1	-1	-1	0
5143	5418	5150	9	-1	-1	-1	0
5051	5332	5330	3	-1	-1	-1	0
5147	5421	5146	9	-1	-1	-1	0
5052	5331	5333	3	-1	-1	-1	0
5422	5147	5148	9	-1	-1	-1	0
5423	5148	5149	9	-1	-1	-1	0
5056	5334	5332	3	-1	-1	-1	0
5150	5423	5149	9	-1	-1	-1	0
5335	5334	5055	3	-1	-1	-1	0
5181	5180	5366	9	-1	-1	-1	0
5145	5420	5161	9	-1	-1	-1	0
5265	5231	5232	9	-1	-1	-1	0
5152	5426	5151	9	-1	-1	-1	0
5336	5057	5337	0	-1	-1	-1	0
5151	5426	5154	9	-1	-1	-1	0
5058	5338	5337	0	-1	-1	-1	0
5428	5153	5154	9	-1	-1	-1	0
5061	5340	5335	3	-1	-1	-1	0
5427	5152	5157	9	-1	-1	-1	0
5059	5339	5338	0	-1	-1	-1	0
5336	5340	5061	3	-1	-1	-1	0
5429	5155	5153	9	-1	-1	-1	0
5155	5431	5156	9	-1	-1	-1	0
5341	5342	5063	3	-1	-1	-1	0
5159	5432	5157	9	-1	-1	-1	0
5339	5065	5344	3	-1	-1	-1	0
5064	5342	5343	3	-1	-1	-1	0
5159	5158	5433	9	-1	-1	-1	0
5160	5433	5158	9	-1	-1	-1	0
5343	5344	5065	3	-1	-1	-1	0
5160	5161	5435	9	-1	-1	-1	0
5347	5068	5346	3	-1	-1	-1	0
5226	5308	5228	3	-1	-1	-1	0
5163	5162	5437	9	-1	-1	-1	0
5346	5069	5348	3	-1	-1	-1	0
5349	5070	5345	3	-1	-1	-1	0
5350	5132	5284	0	-1	-1	-1	0
5162	5167	5437	9	-1	-1	-1	0
5348	5070	5349	3	-1	-1	-1	0
5166	5438	5165	9	-1	-1	-1	0
5438	5168	5165	9	-1	-1	-1	0
5178	5163	5437	9	-1	-1	-1	0
5166	5173	5441	9	-1	-1	-1	0
5352	5351	5079	0	-1	-1	-1	0
5442	5169	5171	9	-1	-1	-1	0
5171	5170	5443	9	-1	-1	-1	0
5170	5172	5443	9	-1	-1	-1	0
5175	5169	5442	9	-1	-1	-1	0
5080	5353	5354	0	-1	-1	-1	0
5174	5441	5173	9	-1	-1	-1	0
5354	5352	5082	0	-1	-1	-1	0
5081	5355	5353	0	-1	-1	-1	0
5176	5441	5174	9	-1	-1	-1	0
5086	5347	5360	8	-1	-1	-1	0
5356	5357	5084	8	-1	-1	-1	0
5172	5179	5447	9	-1	-1	-1	0
5176	5175	5448	9	-1	-1	-1	0
5356	5085	5359	8	-1	-1	-1	0
5089	5357	5355	8	-1	-1	-1	0
5221	5219	5362	0	-1	-1	-1	0
5358	5359	5085	8	-1	-1	-1	0
5365	5220	5221	0	-1	-1	-1	0
5088	5361	5358	8	-1	-1	-1	0
5360	5361	5087	8	-1	-1	-1	0
5179	5181	5450	9	-1	-1	-1	0
5363	5362	5092	8	-1	-1	-1	0
5286	5131	5406	0	-1	-1	-1	0
5363	5096	5365	0	-1	-1	-1	0
5096	5364	5365	0	-1	-1	-1	0
5187	5189	5452	9	-1	-1	-1	0
5188	5187	5453	9	-1	-1	-1	0
5133	5291	5407	0	-1	-1	-1	0
5368	5367	5099	2	-1	-1	-1	0
5369	5368	5100	2	-1	-1	-1	0
5455	5192	5191	9	-1	-1	-1	0
5369	5101	5370	2	-1	-1	-1	0
5195	5455	5191	9	-1	-1	-1	0
5370	5101	5371	2	-1	-1	-1	0
5192	5456	5194	9	-1	-1	-1	0
5458	5193	5194	9	-1	-1	-1	0
5373	5371	5103	2	-1	-1	-1	0
5373	5103	5372	2	-1	-1	-1	0
5457	5201	5193	9	-1	-1	-1	0
5367	5379	5107	9	-1	-1	-1	0
5195	5196	5462	9	-1	-1	-1	0
5376	5105	5374	2	-1	-1	-1	0
5372	5106	5377	2	-1	-1	-1	0
5196	5197	5463	9	-1	-1	-1	0
5376	5375	5105	2	-1	-1	-1	0
5198	5463	5197	9	-1	-1	-1	0
5311	5238	5310	9	-1	-1	-1	0
5375	5378	5106	2	-1	-1	-1	0
5457	5202	5201	9	-1	-1	-1	0
5199	5463	5198	9	-1	-1	-1	0
5106	5378	5377	2	-1	-1	-1	0
5200	5465	5199	9	-1	-1	-1	0
5380	5107	5379	9	-1	-1	-1	0
5380	5381	5108	9	-1	-1	-1	0
5202	5467	5203	9	-1	-1	-1	0
5109	5383	5382	2	-1	-1	-1	0
5467	5205	5203	9	-1	-1	-1	0
5110	5382	5384	2	-1	-1	-1	0
5125	5351	5402	0	-1	-1	-1	0
5469	5204	5205	9	-1	-1	-1	0
5391	5374	5114	2	-1	-1	-1	0
5384	5385	5110	2	-1	-1	-1	0
5383	5112	5388	2	-1	-1	-1	0
5386	5387	5111	2	-1	-1	-1	0
5472	5207	5206	9	-1	-1	-1	0
5469	5212	5204	9	-1	-1	-1	0
5472	5206	5208	9	-1	-1	-1	0
5112	5387	5388	2	-1	-1	-1	0
5389	5386	5113	2	-1	-1	-1	0
5207	5473	5210	9	-1	-1	-1	0
5209	5475	5208	9	-1	-1	-1	0
5115	5385	5392	2	-1	-1	-1	0
5114	5390	5391	2	-1	-1	-1	0
5211	5477	5209	9	-1	-1	-1	0
5115	5392	5390	2	-1	-1	-1	0
5212	5477	5211	9	-1	-1	-1	0
5394	5117	5393	0	-1	-1	-1	0
5395	5393	5118	0	-1	-1	-1	0
5395	5118	5396	0	-1	-1	-1	0
5119	5397	5396	0	-1	-1	-1	0
5216	5481	5215	3	-1	-1	-1	0
5480	5218	5214	0	-1	-1	-1	0
5401	5389	5123	2	-1	-1	-1	0
5121	5394	5398	2	-1	-1	-1	0
5217	5483	5216	3	-1	-1	-1	0
5399	5121	5398	2	-1	-1	-1	0
5217	5218	5484	0	-1	-1	-1	0
5454	5278	5188	9	-1	-1	-1	0
5478	5233	5210	9	-1	-1	-1	0
5122	5399	5400	2	-1	-1	-1	0
5401	5123	5400	2	-1	-1	-1	0
5381	5409	5135	9	-1	-1	-1	0
5127	5404	5397	0	-1	-1	-1	0
5485	5222	5223	3	-1	-1	-1	0
5403	5126	5402	0	-1	-1	-1	0
5224	5486	5223	3	-1	-1	-1	0
5403	5404	5127	0	-1	-1	-1	0
5481	5244	5215	3	-1	-1	-1	0
5130	5405	5406	0	-1	-1	-1	0
5487	5227	5228	3	-1	-1	-1	0
5227	5487	5229	3	-1	-1	-1	0
5407	5405	5133	0	-1	-1	-1	0
5221	5362	5363	0	-1	-1	-1	0
5281	5466	5200	9	-1	-1	-1	0
5365	5221	5363	0	-1	-1	-1	0
5220	5365	5364	0	-1	-1	-1	0
5490	5230	5231	9	-1	-1	-1	0
5135	5409	5408	9	-1	-1	-1	0
5156	5431	5366	9	-1	-1	-1	0
5411	5136	5408	9	-1	-1	-1	0
5136	5411	5410	9	-1	-1	-1	0
5224	5247	5486	3	-1	-1	-1	0
5491	5235	5233	9	-1	-1	-1	0
5493	5234	5235	9	-1	-1	-1	0
5492	5236	5234	9	-1	-1	-1	0
5138	5412	5413	9	-1	-1	-1	0
5139	5413	5414	9	-1	-1	-1	0
5412	5140	5416	9	-1	-1	-1	0
5410	5417	5141	9	-1	-1	-1	0
5236	5495	5238	9	-1	-1	-1	0
5214	5276	5480	0	-1	-1	-1	0
5140	5415	5416	9	-1	-1	-1	0
5238	5496	5237	9	-1	-1	-1	0
5239	5237	5496	9	-1	-1	-1	0
5141	5417	5415	9	-1	-1	-1	0
5497	5240	5239	9	-1	-1	-1	0
5414	5419	5144	9	-1	-1	-1	0
5241	5240	5498	9	-1	-1	-1	0
5418	5144	5419	9	-1	-1	-1	0
5490	5231	5265	9	-1	-1	-1	0
5244	5499	5243	3	-1	-1	-1	0
5243	5499	5245	3	-1	-1	-1	0
5268	5230	5489	9	-1	-1	-1	0
5146	5421	5420	9	-1	-1	-1	0
5421	5147	5422	9	-1	-1	-1	0
5499	5248	5245	3	-1	-1	-1	0
5247	5246	5500	3	-1	-1	-1	0
5425	5150	5418	9	-1	-1	-1	0
5422	5148	5424	9	-1	-1	-1	0
5424	5148	5423	9	-1	-1	-1	0
5500	5246	5251	3	-1	-1	-1	0
5498	5258	5241	9	-1	-1	-1	0
5181	5366	5451	9	-1	-1	-1	0
5150	5425	5423	9	-1	-1	-1	0
5249	5504	5250	3	-1	-1	-1	0
5249	5252	5504	3	-1	-1	-1	0
5426	5152	5427	9	-1	-1	-1	0
5250	5505	5251	3	-1	-1	-1	0
5153	5428	5429	9	-1	-1	-1	0
5426	5430	5154	9	-1	-1	-1	0
5154	5430	5428	9	-1	-1	-1	0
5485	5306	5222	3	-1	-1	-1	0
5510	5252	5253	4	-1	-1	-1	0
5498	5259	5258	9	-1	-1	-1	0
5429	5431	5155	9	-1	-1	-1	0
5427	5157	5432	9	-1	-1	-1	0
5161	5420	5436	9	-1	-1	-1	0
5344	5343	5331	3	-1	-1	-1	0
5511	5253	5255	4	-1	-1	-1	0
5255	5254	5512	4	-1	-1	-1	0
5512	5254	5256	4	-1	-1	-1	0
5487	5228	5308	3	-1	-1	-1	0
5434	5432	5159	9	-1	-1	-1	0
5248	5502	5275	3	-1	-1	-1	0
5433	5434	5159	9	-1	-1	-1	0
5515	5256	5257	9	-1	-1	-1	0
5435	5433	5160	9	-1	-1	-1	0
5516	5257	5259	9	-1	-1	-1	0
5435	5161	5436	9	-1	-1	-1	0
5518	5261	5260	4	-1	-1	-1	0
5260	5264	5518	4	-1	-1	-1	0
5519	5262	5261	4	-1	-1	-1	0
5238	5495	5310	9	-1	-1	-1	0
5439	5438	5166	9	-1	-1	-1	0
5520	5263	5262	9	-1	-1	-1	0
5439	5166	5440	9	-1	-1	-1	0
5311	5496	5238	9	-1	-1	-1	0
5166	5441	5440	9	-1	-1	-1	0
5263	5520	5265	9	-1	-1	-1	0
5264	5266	5521	9	-1	-1	-1	0
5266	5267	5521	9	-1	-1	-1	0
5522	5267	5268	9	-1	-1	-1	0
5443	5444	5171	9	-1	-1	-1	0
5341	5229	5488	3	-1	-1	-1	0
5446	5442	5171	9	-1	-1	-1	0
5171	5444	5445	9	-1	-1	-1	0
5269	5523	5270	4	-1	-1	-1	0
5445	5446	5171	9	-1	-1	-1	0
5443	5172	5447	9	-1	-1	-1	0
5524	5269	5271	4	-1	-1	-1	0
5175	5442	5448	9	-1	-1	-1	0
5176	5449	5441	9	-1	-1	-1	0
5525	5274	5270	4	-1	-1	-1	0
5524	5271	5275	4	-1	-1	-1	0
5526	5273	5272	4	-1	-1	-1	0
5274	5526	5272	4	-1	-1	-1	0
5449	5176	5448	9	-1	-1	-1	0
5447	5179	5450	9	-1	-1	-1	0
5273	5527	5276	0	-1	-1	-1	0
5451	5450	5181	9	-1	-1	-1	0
5277	5278	5530	9	-1	-1	-1	0
5277	5531	5279	9	-1	-1	-1	0
5187	5452	5453	9	-1	-1	-1	0
5534	5280	5279	9	-1	-1	-1	0
5188	5453	5454	9	-1	-1	-1	0
5485	5305	5306	3	-1	-1	-1	0
5535	5281	5280	9	-1	-1	-1	0
5283	5537	5282	8	-1	-1	-1	0
5488	5308	5307	3	-1	-1	-1	0
5192	5455	5456	9	-1	-1	-1	0
5282	5537	5287	8	-1	-1	-1	0
5283	5286	5538	0	-1	-1	-1	0
5193	5458	5457	9	-1	-1	-1	0
5456	5459	5194	9	-1	-1	-1	0
5455	5195	5461	9	-1	-1	-1	0
5194	5460	5458	9	-1	-1	-1	0
5460	5194	5459	9	-1	-1	-1	0
5288	5287	5539	8	-1	-1	-1	0
5290	5288	5540	8	-1	-1	-1	0
5462	5461	5195	9	-1	-1	-1	0
5289	5290	5541	5	-1	-1	-1	0
5196	5463	5462	9	-1	-1	-1	0
5541	5292	5289	5	-1	-1	-1	0
5464	5463	5199	9	-1	-1	-1	0
5292	5543	5291	0	-1	-1	-1	0
5202	5457	5468	9	-1	-1	-1	0
5465	5464	5199	9	-1	-1	-1	0
5544	5293	5294	3	-1	-1	-1	0
5465	5200	5466	9	-1	-1	-1	0
5297	5293	5544	3	-1	-1	-1	0
5295	5546	5294	3	-1	-1	-1	0
5468	5467	5202	9	-1	-1	-1	0
5470	5205	5467	9	-1	-1	-1	0
5550	5296	5297	3	-1	-1	-1	0
5469	5205	5471	9	-1	-1	-1	0
5296	5551	5298	3	-1	-1	-1	0
5205	5470	5471	9	-1	-1	-1	0
5300	5552	5299	9	-1	-1	-1	0
5207	5472	5474	9	-1	-1	-1	0
5207	5474	5473	9	-1	-1	-1	0
5472	5208	5475	9	-1	-1	-1	0
5479	5212	5469	9	-1	-1	-1	0
5476	5475	5209	9	-1	-1	-1	0
5555	5301	5304	9	-1	-1	-1	0
5473	5478	5210	9	-1	-1	-1	0
5209	5477	5476	9	-1	-1	-1	0
5303	5302	5557	3	-1	-1	-1	0
5310	5553	5300	9	-1	-1	-1	0
5557	5302	5305	3	-1	-1	-1	0
5299	5552	5314	9	-1	-1	-1	0
5558	5304	5303	3	-1	-1	-1	0
5301	5556	5309	9	-1	-1	-1	0
5479	5477	5212	9	-1	-1	-1	0
5295	5329	5549	9	-1	-1	-1	0
5216	5482	5481	3	-1	-1	-1	0
5309	5561	5311	9	-1	-1	-1	0
5482	5216	5483	3	-1	-1	-1	0
5484	5218	5480	0	-1	-1	-1	0
5217	5484	5483	3	-1	-1	-1	0
5563	5312	5313	9	-1	-1	-1	0
5564	5315	5314	9	-1	-1	-1	0
5563	5313	5317	9	-1	-1	-1	0
5486	5485	5223	3	-1	-1	-1	0
5298	5551	5345	3	-1	-1	-1	0
5312	5563	5319	9	-1	-1	-1	0
5564	5318	5315	9	-1	-1	-1	0
5317	5316	5566	9	-1	-1	-1	0
5333	5560	5307	3	-1	-1	-1	0
5316	5318	5567	9	-1	-1	-1	0
5233	5478	5491	9	-1	-1	-1	0
5229	5487	5488	3	-1	-1	-1	0
5230	5490	5489	9	-1	-1	-1	0
5571	5320	5319	9	-1	-1	-1	0
5321	5572	5322	9	-1	-1	-1	0
5571	5325	5320	9	-1	-1	-1	0
5323	5573	5321	9	-1	-1	-1	0
5492	5234	5493	9	-1	-1	-1	0
5491	5494	5235	9	-1	-1	-1	0
5493	5235	5494	9	-1	-1	-1	0
5326	5322	5574	9	-1	-1	-1	0
5323	5324	5575	9	-1	-1	-1	0
5495	5236	5492	9	-1	-1	-1	0
5499	5244	5481	3	-1	-1	-1	0
5576	5324	5325	9	-1	-1	-1	0
5406	5538	5286	0	-1	-1	-1	0
5496	5497	5239	9	-1	-1	-1	0
5328	5326	5579	9	-1	-1	-1	0
5501	5486	5247	3	-1	-1	-1	0
5497	5498	5240	9	-1	-1	-1	0
5580	5329	5327	9	-1	-1	-1	0
5327	5328	5581	9	-1	-1	-1	0
5543	5407	5291	0	-1	-1	-1	0
5585	5331	5330	3	-1	-1	-1	0
5332	5584	5330	3	-1	-1	-1	0
5247	5500	5501	3	-1	-1	-1	0
5248	5499	5503	3	-1	-1	-1	0
5331	5586	5333	3	-1	-1	-1	0
5587	5332	5334	3	-1	-1	-1	0
5248	5503	5502	3	-1	-1	-1	0
5334	5335	5587	3	-1	-1	-1	0
5251	5507	5500	3	-1	-1	-1	0
5250	5504	5505	3	-1	-1	-1	0
5586	5331	5343	3	-1	-1	-1	0
5331	5585	5344	3	-1	-1	-1	0
5588	5336	5337	3	-1	-1	-1	0
5585	5338	5339	3	-1	-1	-1	0
5340	5587	5335	3	-1	-1	-1	0
5251	5505	5506	3	-1	-1	-1	0
5532	5278	5454	9	-1	-1	-1	0
5340	5336	5588	3	-1	-1	-1	0
5337	5338	5589	3	-1	-1	-1	0
5507	5251	5506	3	-1	-1	-1	0
5252	5509	5504	3	-1	-1	-1	0
5585	5339	5344	3	-1	-1	-1	0
5252	5508	5509	3	-1	-1	-1	0
5341	5586	5342	3	-1	-1	-1	0
5252	5510	5508	4	-1	-1	-1	0
5343	5342	5586	3	-1	-1	-1	0
5425	5424	5423	9	-1	-1	-1	0
5498	5517	5259	9	-1	-1	-1	0
5253	5511	5510	4	-1	-1	-1	0
5265	5520	5490	9	-1	-1	-1	0
5522	5268	5489	9	-1	-1	-1	0
5512	5513	5255	4	-1	-1	-1	0
5255	5514	5511	4	-1	-1	-1	0
5535	5466	5281	9	-1	-1	-1	0
5255	5513	5514	4	-1	-1	-1	0
5527	5480	5276	0	-1	-1	-1	0
5512	5256	5515	9	-1	-1	-1	0
5488	5487	5308	3	-1	-1	-1	0
5346	5591	5347	3	-1	-1	-1	0
5345	5590	5349	3	-1	-1	-1	0
5348	5591	5346	3	-1	-1	-1	0
5516	5515	5257	9	-1	-1	-1	0
5349	5592	5348	3	-1	-1	-1	0
5516	5259	5517	9	-1	-1	-1	0
5261	5518	5519	4	-1	-1	-1	0
5591	5360	5347	3	-1	-1	-1	0
5352	5595	5351	0	-1	-1	-1	0
5262	5519	5520	9	-1	-1	-1	0
5352	5354	5596	0	-1	-1	-1	0
5264	5521	5518	4	-1	-1	-1	0
5529	5275	5502	3	-1	-1	-1	0
5354	5353	5599	0	-1	-1	-1	0
5600	5353	5355	0	-1	-1	-1	0
5522	5521	5267	9	-1	-1	-1	0
5357	5601	5355	8	-1	-1	-1	0
5602	5357	5356	8	-1	-1	-1	0
5523	5269	5524	4	-1	-1	-1	0
5603	5356	5359	8	-1	-1	-1	0
5525	5270	5523	4	-1	-1	-1	0
5358	5604	5359	8	-1	-1	-1	0
5361	5604	5358	8	-1	-1	-1	0
5527	5273	5526	0	-1	-1	-1	0
5274	5525	5528	4	-1	-1	-1	0
5529	5524	5275	3	-1	-1	-1	0
5526	5274	5528	4	-1	-1	-1	0
5361	5360	5609	8	-1	-1	-1	0
5449	5440	5441	9	-1	-1	-1	0
5277	5530	5531	9	-1	-1	-1	0
5278	5533	5530	9	-1	-1	-1	0
5278	5532	5533	9	-1	-1	-1	0
5531	5534	5279	9	-1	-1	-1	0
5557	5305	5485	3	-1	-1	-1	0
5368	5613	5367	2	-1	-1	-1	0
5402	5351	5595	0	-1	-1	-1	0
5280	5534	5536	9	-1	-1	-1	0
5535	5280	5536	9	-1	-1	-1	0
5614	5368	5369	2	-1	-1	-1	0
5370	5615	5369	2	-1	-1	-1	0
5560	5488	5307	3	-1	-1	-1	0
5283	5538	5537	0	-1	-1	-1	0
5495	5553	5310	9	-1	-1	-1	0
5379	5367	5612	9	-1	-1	-1	0
5371	5617	5370	9	-1	-1	-1	0
5371	5373	5618	9	-1	-1	-1	0
5287	5537	5539	8	-1	-1	-1	0
5619	5373	5372	2	-1	-1	-1	0
5539	5540	5288	8	-1	-1	-1	0
5377	5619	5372	2	-1	-1	-1	0
5562	5496	5311	9	-1	-1	-1	0
5374	5621	5376	2	-1	-1	-1	0
5290	5540	5542	8	-1	-1	-1	0
5541	5290	5542	5	-1	-1	-1	0
5376	5623	5375	2	-1	-1	-1	0
5375	5622	5378	2	-1	-1	-1	0
5541	5543	5292	0	-1	-1	-1	0
5625	5377	5378	2	-1	-1	-1	0
5458	5468	5457	9	-1	-1	-1	0
5294	5545	5544	3	-1	-1	-1	0
5547	5545	5294	3	-1	-1	-1	0
5374	5391	5621	2	-1	-1	-1	0
5379	5627	5380	9	-1	-1	-1	0
5547	5294	5546	3	-1	-1	-1	0
5488	5560	5341	3	-1	-1	-1	0
5628	5381	5380	9	-1	-1	-1	0
5295	5548	5546	3	-1	-1	-1	0
5550	5297	5544	3	-1	-1	-1	0
5549	5548	5295	3	-1	-1	-1	0
5631	5382	5383	2	-1	-1	-1	0
5382	5631	5384	2	-1	-1	-1	0
5296	5550	5551	3	-1	-1	-1	0
5632	5383	5388	2	-1	-1	-1	0
5385	5384	5634	3	-1	-1	-1	0
5470	5467	5468	9	-1	-1	-1	0
5554	5552	5300	9	-1	-1	-1	0
5553	5554	5300	9	-1	-1	-1	0
5366	5431	5611	9	-1	-1	-1	0
5636	5387	5386	2	-1	-1	-1	0
5555	5556	5301	9	-1	-1	-1	0
5635	5392	5385	3	-1	-1	-1	0
5386	5389	5637	2	-1	-1	-1	0
5388	5387	5638	2	-1	-1	-1	0
5557	5558	5303	3	-1	-1	-1	0
5304	5559	5555	9	-1	-1	-1	0
5381	5629	5409	9	-1	-1	-1	0
5391	5390	5640	2	-1	-1	-1	0
5559	5304	5558	3	-1	-1	-1	0
5641	5390	5392	2	-1	-1	-1	0
5556	5561	5309	9	-1	-1	-1	0
5401	5637	5389	2	-1	-1	-1	0
5366	5611	5451	9	-1	-1	-1	0
5314	5552	5565	9	-1	-1	-1	0
5645	5394	5393	0	-1	-1	-1	0
5645	5393	5395	0	-1	-1	-1	0
5311	5561	5562	9	-1	-1	-1	0
5394	5645	5398	0	-1	-1	-1	0
5647	5395	5396	0	-1	-1	-1	0
5648	5396	5397	0	-1	-1	-1	0
5564	5314	5565	9	-1	-1	-1	0
5398	5651	5399	2	-1	-1	-1	0
5569	5563	5317	9	-1	-1	-1	0
5567	5566	5316	9	-1	-1	-1	0
5399	5652	5400	2	-1	-1	-1	0
5317	5566	5568	9	-1	-1	-1	0
5397	5404	5650	0	-1	-1	-1	0
5318	5564	5570	9	-1	-1	-1	0
5401	5400	5652	2	-1	-1	-1	0
5571	5319	5563	9	-1	-1	-1	0
5569	5317	5568	9	-1	-1	-1	0
5567	5318	5570	9	-1	-1	-1	0
5329	5583	5549	9	-1	-1	-1	0
5403	5402	5657	0	-1	-1	-1	0
5658	5404	5403	0	-1	-1	-1	0
5321	5573	5572	9	-1	-1	-1	0
5503	5481	5482	3	-1	-1	-1	0
5572	5574	5322	9	-1	-1	-1	0
5659	5406	5405	0	-1	-1	-1	0
5431	5429	5611	9	-1	-1	-1	0
5407	5659	5405	0	-1	-1	-1	0
5323	5575	5573	9	-1	-1	-1	0
5325	5571	5578	9	-1	-1	-1	0
5575	5324	5576	9	-1	-1	-1	0
5325	5577	5576	9	-1	-1	-1	0
5574	5579	5326	9	-1	-1	-1	0
5333	5586	5560	3	-1	-1	-1	0
5409	5662	5408	9	-1	-1	-1	0
5325	5578	5577	9	-1	-1	-1	0
5411	5408	5662	9	-1	-1	-1	0
5481	5503	5499	3	-1	-1	-1	0
5410	5411	5663	9	-1	-1	-1	0
5590	5345	5551	3	-1	-1	-1	0
5560	5586	5341	3	-1	-1	-1	0
5580	5327	5581	9	-1	-1	-1	0
5328	5579	5582	9	-1	-1	-1	0
5410	5663	5417	9	-1	-1	-1	0
5328	5582	5581	9	-1	-1	-1	0
5580	5583	5329	9	-1	-1	-1	0
5412	5667	5413	9	-1	-1	-1	0
5416	5666	5412	9	-1	-1	-1	0
5669	5414	5413	9	-1	-1	-1	0
5330	5584	5585	3	-1	-1	-1	0
5416	5415	5671	9	-1	-1	-1	0
5670	5419	5414	9	-1	-1	-1	0
5584	5332	5587	3	-1	-1	-1	0
5415	5417	5672	9	-1	-1	-1	0
5589	5338	5585	3	-1	-1	-1	0
5418	5419	5675	9	-1	-1	-1	0
5588	5337	5589	3	-1	-1	-1	0
5340	5588	5587	3	-1	-1	-1	0
5504	5509	5505	3	-1	-1	-1	0
5677	5420	5421	9	-1	-1	-1	0
5418	5675	5425	9	-1	-1	-1	0
5421	5422	5678	9	-1	-1	-1	0
5424	5679	5422	9	-1	-1	-1	0
5557	5485	5486	3	-1	-1	-1	0
5680	5424	5425	9	-1	-1	-1	0
5593	5591	5348	3	-1	-1	-1	0
5593	5348	5592	3	-1	-1	-1	0
5436	5420	5677	9	-1	-1	-1	0
5590	5594	5349	3	-1	-1	-1	0
5594	5592	5349	3	-1	-1	-1	0
5426	5427	5683	9	-1	-1	-1	0
5426	5684	5430	9	-1	-1	-1	0
5432	5683	5427	9	-1	-1	-1	0
5685	5428	5430	9	-1	-1	-1	0
5429	5428	5686	9	-1	-1	-1	0
5501	5557	5486	3	-1	-1	-1	0
5352	5596	5597	0	-1	-1	-1	0
5352	5598	5595	0	-1	-1	-1	0
5352	5597	5598	0	-1	-1	-1	0
5599	5596	5354	0	-1	-1	-1	0
5600	5599	5353	0	-1	-1	-1	0
5562	5497	5496	9	-1	-1	-1	0
5432	5434	5689	9	-1	-1	-1	0
5600	5355	5601	0	-1	-1	-1	0
5433	5690	5434	9	-1	-1	-1	0
5435	5690	5433	9	-1	-1	-1	0
5360	5591	5608	3	-1	-1	-1	0
5357	5602	5601	8	-1	-1	-1	0
5603	5602	5356	8	-1	-1	-1	0
5436	5693	5435	9	-1	-1	-1	0
5604	5605	5359	8	-1	-1	-1	0
5606	5603	5359	8	-1	-1	-1	0
5605	5607	5359	8	-1	-1	-1	0
5606	5359	5607	8	-1	-1	-1	0
5440	5695	5439	9	-1	-1	-1	0
5361	5610	5604	8	-1	-1	-1	0
5360	5608	5609	3	-1	-1	-1	0
5610	5361	5609	8	-1	-1	-1	0
5440	5449	5695	9	-1	-1	-1	0
5696	5442	5446	9	-1	-1	-1	0
5443	5697	5444	9	-1	-1	-1	0
5442	5696	5448	9	-1	-1	-1	0
5445	5444	5699	9	-1	-1	-1	0
5443	5447	5698	9	-1	-1	-1	0
5367	5613	5612	2	-1	-1	-1	0
5702	5446	5445	9	-1	-1	-1	0
5614	5613	5368	2	-1	-1	-1	0
5614	5369	5615	2	-1	-1	-1	0
5370	5616	5615	9	-1	-1	-1	0
5705	5447	5450	9	-1	-1	-1	0
5616	5370	5617	9	-1	-1	-1	0
5406	5659	5538	0	-1	-1	-1	0
5449	5448	5708	9	-1	-1	-1	0
5617	5371	5618	9	-1	-1	-1	0
5450	5451	5705	9	-1	-1	-1	0
5661	5407	5543	0	-1	-1	-1	0
5620	5618	5373	9	-1	-1	-1	0
5373	5619	5620	9	-1	-1	-1	0
5558	5557	5501	3	-1	-1	-1	0
5452	5711	5453	9	-1	-1	-1	0
5711	5454	5453	9	-1	-1	-1	0
5612	5627	5379	9	-1	-1	-1	0
5375	5623	5622	2	-1	-1	-1	0
5621	5624	5376	2	-1	-1	-1	0
5619	5377	5625	2	-1	-1	-1	0
5624	5623	5376	2	-1	-1	-1	0
5455	5712	5456	9	-1	-1	-1	0
5378	5622	5626	2	-1	-1	-1	0
5455	5461	5712	9	-1	-1	-1	0
5713	5459	5456	9	-1	-1	-1	0
5378	5626	5625	2	-1	-1	-1	0
5716	5458	5460	9	-1	-1	-1	0
5627	5628	5380	9	-1	-1	-1	0
5717	5460	5459	9	-1	-1	-1	0
5628	5630	5381	9	-1	-1	-1	0
5630	5629	5381	9	-1	-1	-1	0
5715	5468	5458	9	-1	-1	-1	0
5719	5461	5462	9	-1	-1	-1	0
5383	5632	5631	2	-1	-1	-1	0
5462	5463	5721	9	-1	-1	-1	0
5631	5633	5384	3	-1	-1	-1	0
5721	5463	5464	9	-1	-1	-1	0
5633	5634	5384	3	-1	-1	-1	0
5464	5465	5723	9	-1	-1	-1	0
5715	5470	5468	9	-1	-1	-1	0
5402	5595	5656	0	-1	-1	-1	0
5385	5634	5635	3	-1	-1	-1	0
5391	5642	5621	2	-1	-1	-1	0
5471	5470	5715	9	-1	-1	-1	0
5465	5466	5725	9	-1	-1	-1	0
5388	5639	5632	2	-1	-1	-1	0
5637	5636	5386	2	-1	-1	-1	0
5387	5636	5638	2	-1	-1	-1	0
5638	5639	5388	2	-1	-1	-1	0
5471	5727	5469	9	-1	-1	-1	0
5390	5641	5640	2	-1	-1	-1	0
5565	5552	5554	9	-1	-1	-1	0
5392	5635	5644	3	-1	-1	-1	0
5391	5640	5643	2	-1	-1	-1	0
5391	5643	5642	2	-1	-1	-1	0
5469	5728	5479	9	-1	-1	-1	0
5644	5641	5392	3	-1	-1	-1	0
5474	5472	5731	9	-1	-1	-1	0
5731	5472	5475	9	-1	-1	-1	0
5473	5474	5732	9	-1	-1	-1	0
5473	5732	5478	9	-1	-1	-1	0
5479	5728	5477	9	-1	-1	-1	0
5476	5735	5475	9	-1	-1	-1	0
5395	5646	5645	0	-1	-1	-1	0
5646	5395	5647	0	-1	-1	-1	0
5738	5476	5477	9	-1	-1	-1	0
5396	5649	5647	0	-1	-1	-1	0
5637	5401	5655	2	-1	-1	-1	0
5396	5648	5649	0	-1	-1	-1	0
5398	5645	5651	0	-1	-1	-1	0
5648	5397	5650	0	-1	-1	-1	0
5454	5711	5532	9	-1	-1	-1	0
5409	5629	5662	9	-1	-1	-1	0
5571	5563	5569	9	-1	-1	-1	0
5399	5651	5653	2	-1	-1	-1	0
5484	5480	5740	0	-1	-1	-1	0
5652	5399	5653	2	-1	-1	-1	0
5482	5483	5741	3	-1	-1	-1	0
5654	5401	5652	2	-1	-1	-1	0
5491	5478	5739	9	-1	-1	-1	0
5484	5742	5483	3	-1	-1	-1	0
5401	5654	5655	2	-1	-1	-1	0
5658	5650	5404	0	-1	-1	-1	0
5402	5656	5657	0	-1	-1	-1	0
5658	5403	5657	0	-1	-1	-1	0
5743	5489	5490	9	-1	-1	-1	0
5741	5503	5482	3	-1	-1	-1	0
5659	5407	5660	0	-1	-1	-1	0
5726	5466	5535	9	-1	-1	-1	0
5687	5611	5429	9	-1	-1	-1	0
5661	5660	5407	0	-1	-1	-1	0
5494	5491	5745	9	-1	-1	-1	0
5748	5492	5493	9	-1	-1	-1	0
5495	5492	5747	9	-1	-1	-1	0
5750	5493	5494	9	-1	-1	-1	0
5411	5664	5663	9	-1	-1	-1	0
5662	5665	5411	9	-1	-1	-1	0
5665	5664	5411	9	-1	-1	-1	0
5542	5661	5541	0	-1	-1	-1	0
5667	5412	5666	9	-1	-1	-1	0
5543	5541	5661	0	-1	-1	-1	0
5741	5502	5503	3	-1	-1	-1	0
5527	5740	5480	0	-1	-1	-1	0
5498	5497	5752	9	-1	-1	-1	0
5668	5413	5667	9	-1	-1	-1	0
5669	5413	5668	9	-1	-1	-1	0
5417	5663	5672	9	-1	-1	-1	0
5669	5670	5414	9	-1	-1	-1	0
5490	5520	5743	9	-1	-1	-1	0
5754	5501	5500	3	-1	-1	-1	0
5744	5522	5489	9	-1	-1	-1	0
5416	5673	5666	9	-1	-1	-1	0
5585	5584	5589	3	-1	-1	-1	0
5671	5415	5672	9	-1	-1	-1	0
5584	5587	5588	3	-1	-1	-1	0
5507	5753	5500	3	-1	-1	-1	0
5674	5416	5671	9	-1	-1	-1	0
5584	5588	5589	3	-1	-1	-1	0
5416	5674	5673	9	-1	-1	-1	0
5670	5676	5419	9	-1	-1	-1	0
5517	5498	5752	9	-1	-1	-1	0
5756	5506	5505	3	-1	-1	-1	0
5509	5755	5505	3	-1	-1	-1	0
5676	5675	5419	9	-1	-1	-1	0
5757	5507	5506	3	-1	-1	-1	0
5451	5611	5710	9	-1	-1	-1	0
5502	5741	5529	3	-1	-1	-1	0
5421	5678	5677	9	-1	-1	-1	0
5510	5759	5508	4	-1	-1	-1	0
5509	5508	5760	3	-1	-1	-1	0
5422	5679	5678	9	-1	-1	-1	0
5744	5519	5518	4	-1	-1	-1	0
5519	5743	5520	9	-1	-1	-1	0
5425	5675	5682	9	-1	-1	-1	0
5761	5510	5511	4	-1	-1	-1	0
5518	5521	5744	4	-1	-1	-1	0
5424	5681	5679	9	-1	-1	-1	0
5424	5680	5681	9	-1	-1	-1	0
5762	5511	5514	4	-1	-1	-1	0
5522	5744	5521	4	-1	-1	-1	0
5425	5682	5680	9	-1	-1	-1	0
5512	5763	5513	9	-1	-1	-1	0
5515	5763	5512	9	-1	-1	-1	0
5513	5764	5514	4	-1	-1	-1	0
5593	5608	5591	3	-1	-1	-1	0
5426	5683	5684	9	-1	-1	-1	0
5553	5495	5747	9	-1	-1	-1	0
5685	5686	5428	9	-1	-1	-1	0
5768	5515	5516	9	-1	-1	-1	0
5430	5684	5685	9	-1	-1	-1	0
5769	5516	5517	9	-1	-1	-1	0
5687	5429	5686	9	-1	-1	-1	0
5688	5683	5432	9	-1	-1	-1	0
5436	5677	5694	9	-1	-1	-1	0
5688	5432	5689	9	-1	-1	-1	0
5497	5562	5751	9	-1	-1	-1	0
5558	5501	5754	3	-1	-1	-1	0
5691	5434	5690	9	-1	-1	-1	0
5434	5692	5689	9	-1	-1	-1	0
5434	5691	5692	9	-1	-1	-1	0
5523	5524	5770	4	-1	-1	-1	0
5523	5770	5525	4	-1	-1	-1	0
5690	5435	5693	9	-1	-1	-1	0
5694	5693	5436	9	-1	-1	-1	0
5528	5525	5770	4	-1	-1	-1	0
5529	5771	5524	3	-1	-1	-1	0
5526	5772	5527	0	-1	-1	-1	0
5526	5528	5772	0	-1	-1	-1	0
5531	5530	5773	9	-1	-1	-1	0
5533	5773	5530	9	-1	-1	-1	0
5443	5698	5697	9	-1	-1	-1	0
5531	5775	5534	9	-1	-1	-1	0
5444	5697	5700	9	-1	-1	-1	0
5699	5444	5700	9	-1	-1	-1	0
5699	5701	5445	9	-1	-1	-1	0
5534	5775	5536	9	-1	-1	-1	0
5446	5704	5696	9	-1	-1	-1	0
5536	5776	5535	9	-1	-1	-1	0
5445	5701	5702	9	-1	-1	-1	0
5595	5598	5656	0	-1	-1	-1	0
5706	5698	5447	9	-1	-1	-1	0
5703	5446	5702	9	-1	-1	-1	0
5448	5696	5707	9	-1	-1	-1	0
5446	5703	5704	9	-1	-1	-1	0
5695	5449	5708	9	-1	-1	-1	0
5537	5538	5779	0	-1	-1	-1	0
5554	5553	5747	9	-1	-1	-1	0
5779	5539	5537	0	-1	-1	-1	0
5447	5705	5706	9	-1	-1	-1	0
5780	5540	5539	0	-1	-1	-1	0
5448	5707	5708	9	-1	-1	-1	0
5540	5781	5542	0	-1	-1	-1	0
5451	5709	5705	9	-1	-1	-1	0
5451	5710	5709	9	-1	-1	-1	0
5754	5559	5558	3	-1	-1	-1	0
5544	5545	5783	3	-1	-1	-1	0
5782	5550	5544	3	-1	-1	-1	0
5547	5784	5545	3	-1	-1	-1	0
5546	5785	5547	3	-1	-1	-1	0
5548	5785	5546	3	-1	-1	-1	0
5714	5456	5712	9	-1	-1	-1	0
5456	5714	5713	9	-1	-1	-1	0
5549	5788	5548	3	-1	-1	-1	0
5713	5717	5459	9	-1	-1	-1	0
5458	5716	5715	9	-1	-1	-1	0
5551	5550	5791	3	-1	-1	-1	0
5712	5461	5720	9	-1	-1	-1	0
5718	5716	5460	9	-1	-1	-1	0
5460	5717	5718	9	-1	-1	-1	0
5664	5616	5617	9	-1	-1	-1	0
5719	5720	5461	9	-1	-1	-1	0
5462	5722	5719	9	-1	-1	-1	0
5794	5556	5555	9	-1	-1	-1	0
5721	5722	5462	9	-1	-1	-1	0
5559	5794	5555	9	-1	-1	-1	0
5723	5721	5464	9	-1	-1	-1	0
5556	5795	5561	9	-1	-1	-1	0
5565	5554	5793	9	-1	-1	-1	0
5723	5465	5724	9	-1	-1	-1	0
5465	5725	5724	9	-1	-1	-1	0
5471	5715	5730	9	-1	-1	-1	0
5726	5725	5466	9	-1	-1	-1	0
5562	5561	5798	9	-1	-1	-1	0
5790	5549	5583	9	-1	-1	-1	0
5728	5469	5727	9	-1	-1	-1	0
5727	5471	5729	9	-1	-1	-1	0
5564	5565	5799	9	-1	-1	-1	0
5471	5730	5729	9	-1	-1	-1	0
5590	5551	5792	3	-1	-1	-1	0
5570	5564	5800	9	-1	-1	-1	0
5567	5803	5566	9	-1	-1	-1	0
5804	5568	5566	9	-1	-1	-1	0
5732	5474	5733	9	-1	-1	-1	0
5474	5731	5734	9	-1	-1	-1	0
5731	5475	5735	9	-1	-1	-1	0
5734	5733	5474	9	-1	-1	-1	0
5567	5570	5805	9	-1	-1	-1	0
5568	5806	5569	9	-1	-1	-1	0
5477	5728	5738	9	-1	-1	-1	0
5664	5665	5616	9	-1	-1	-1	0
5571	5569	5807	9	-1	-1	-1	0
5476	5737	5735	9	-1	-1	-1	0
5739	5478	5732	9	-1	-1	-1	0
5736	5737	5476	9	-1	-1	-1	0
5736	5476	5738	9	-1	-1	-1	0
5573	5809	5572	9	-1	-1	-1	0
5572	5809	5574	9	-1	-1	-1	0
5578	5571	5807	9	-1	-1	-1	0
5575	5811	5573	9	-1	-1	-1	0
5811	5575	5576	9	-1	-1	-1	0
5812	5579	5574	9	-1	-1	-1	0
5483	5742	5741	3	-1	-1	-1	0
5740	5742	5484	3	-1	-1	-1	0
5577	5815	5576	9	-1	-1	-1	0
5816	5577	5578	9	-1	-1	-1	0
5779	5538	5659	0	-1	-1	-1	0
5746	5491	5739	9	-1	-1	-1	0
5489	5743	5744	9	-1	-1	-1	0
5590	5792	5594	3	-1	-1	-1	0
5579	5818	5582	9	-1	-1	-1	0
5580	5581	5820	9	-1	-1	-1	0
5580	5819	5583	9	-1	-1	-1	0
5745	5491	5746	9	-1	-1	-1	0
5542	5781	5661	0	-1	-1	-1	0
5821	5581	5582	9	-1	-1	-1	0
5747	5492	5748	9	-1	-1	-1	0
5750	5494	5745	9	-1	-1	-1	0
5493	5749	5748	9	-1	-1	-1	0
5749	5493	5750	9	-1	-1	-1	0
5497	5751	5752	9	-1	-1	-1	0
5519	5744	5743	9	-1	-1	-1	0
5754	5500	5753	3	-1	-1	-1	0
5710	5611	5687	9	-1	-1	-1	0
5593	5592	5824	3	-1	-1	-1	0
5592	5594	5824	3	-1	-1	-1	0
5529	5741	5742	3	-1	-1	-1	0
5505	5755	5756	3	-1	-1	-1	0
5507	5758	5753	3	-1	-1	-1	0
5757	5506	5756	3	-1	-1	-1	0
5828	5597	5596	0	-1	-1	-1	0
5507	5757	5758	3	-1	-1	-1	0
5509	5760	5755	3	-1	-1	-1	0
5596	5599	5829	0	-1	-1	-1	0
5593	5825	5608	3	-1	-1	-1	0
5597	5831	5598	0	-1	-1	-1	0
5508	5759	5760	3	-1	-1	-1	0
5761	5759	5510	4	-1	-1	-1	0
5599	5600	5834	0	-1	-1	-1	0
5511	5762	5761	4	-1	-1	-1	0
5535	5776	5726	9	-1	-1	-1	0
5600	5601	5836	0	-1	-1	-1	0
5517	5752	5769	9	-1	-1	-1	0
5602	5836	5601	8	-1	-1	-1	0
5772	5740	5527	0	-1	-1	-1	0
5763	5765	5513	9	-1	-1	-1	0
5608	5825	5609	3	-1	-1	-1	0
5765	5764	5513	9	-1	-1	-1	0
5742	5771	5529	3	-1	-1	-1	0
5837	5602	5603	8	-1	-1	-1	0
5514	5767	5762	4	-1	-1	-1	0
5514	5764	5766	4	-1	-1	-1	0
5825	5610	5609	3	-1	-1	-1	0
5768	5763	5515	9	-1	-1	-1	0
5514	5766	5767	4	-1	-1	-1	0
5603	5606	5838	8	-1	-1	-1	0
5839	5605	5604	8	-1	-1	-1	0
5607	5605	5840	8	-1	-1	-1	0
5610	5839	5604	8	-1	-1	-1	0
5768	5516	5769	9	-1	-1	-1	0
5841	5606	5607	8	-1	-1	-1	0
5524	5771	5770	3	-1	-1	-1	0
5844	5612	5613	2	-1	-1	-1	0
5770	5772	5528	3	-1	-1	-1	0
5846	5613	5614	2	-1	-1	-1	0
5614	5615	5847	2	-1	-1	-1	0
5773	5774	5531	9	-1	-1	-1	0
5848	5615	5616	9	-1	-1	-1	0
5531	5774	5775	9	-1	-1	-1	0
5849	5617	5618	9	-1	-1	-1	0
5627	5612	5845	9	-1	-1	-1	0
5656	5598	5832	0	-1	-1	-1	0
5620	5850	5618	9	-1	-1	-1	0
5536	5777	5776	9	-1	-1	-1	0
5536	5775	5778	9	-1	-1	-1	0
5852	5620	5619	9	-1	-1	-1	0
5777	5536	5778	9	-1	-1	-1	0
5747	5793	5554	9	-1	-1	-1	0
5625	5852	5619	9	-1	-1	-1	0
5660	5779	5659	0	-1	-1	-1	0
5780	5539	5779	0	-1	-1	-1	0
5621	5854	5624	2	-1	-1	-1	0
5622	5623	5855	2	-1	-1	-1	0
5540	5780	5781	0	-1	-1	-1	0
5660	5661	5781	0	-1	-1	-1	0
5855	5626	5622	2	-1	-1	-1	0
5856	5623	5624	2	-1	-1	-1	0
5704	5707	5696	9	-1	-1	-1	0
5783	5782	5544	3	-1	-1	-1	0
5625	5626	5858	9	-1	-1	-1	0
5559	5754	5797	3	-1	-1	-1	0
5562	5798	5751	9	-1	-1	-1	0
5784	5783	5545	3	-1	-1	-1	0
5628	5627	5860	9	-1	-1	-1	0
5642	5854	5621	2	-1	-1	-1	0
5547	5787	5784	3	-1	-1	-1	0
5785	5786	5547	3	-1	-1	-1	0
5630	5628	5861	9	-1	-1	-1	0
5787	5547	5786	3	-1	-1	-1	0
5548	5788	5785	3	-1	-1	-1	0
5630	5863	5629	9	-1	-1	-1	0
5550	5782	5791	3	-1	-1	-1	0
5788	5549	5789	3	-1	-1	-1	0
5549	5790	5789	3	-1	-1	-1	0
5865	5631	5632	3	-1	-1	-1	0
5865	5633	5631	3	-1	-1	-1	0
5848	5616	5665	9	-1	-1	-1	0
5617	5849	5664	9	-1	-1	-1	0
5792	5551	5791	3	-1	-1	-1	0
5634	5633	5867	3	-1	-1	-1	0
5639	5866	5632	3	-1	-1	-1	0
5868	5635	5634	3	-1	-1	-1	0
5872	5636	5637	2	-1	-1	-1	0
5657	5656	5832	0	-1	-1	-1	0
5638	5636	5871	2	-1	-1	-1	0
5556	5794	5796	9	-1	-1	-1	0
5556	5796	5795	9	-1	-1	-1	0
5644	5635	5870	3	-1	-1	-1	0
5797	5794	5559	9	-1	-1	-1	0
5638	5873	5639	2	-1	-1	-1	0
5629	5862	5662	9	-1	-1	-1	0
5561	5795	5798	9	-1	-1	-1	0
5640	5641	5875	2	-1	-1	-1	0
5640	5876	5643	2	-1	-1	-1	0
5565	5793	5801	9	-1	-1	-1	0
5716	5730	5715	9	-1	-1	-1	0
5641	5644	5877	3	-1	-1	-1	0
5878	5642	5643	2	-1	-1	-1	0
5800	5564	5799	9	-1	-1	-1	0
5637	5655	5872	2	-1	-1	-1	0
5802	5799	5565	9	-1	-1	-1	0
5801	5802	5565	9	-1	-1	-1	0
5804	5566	5803	9	-1	-1	-1	0
5882	5645	5646	0	-1	-1	-1	0
5805	5803	5567	9	-1	-1	-1	0
5646	5647	5883	0	-1	-1	-1	0
5663	5664	5849	9	-1	-1	-1	0
5645	5881	5651	0	-1	-1	-1	0
5806	5568	5804	9	-1	-1	-1	0
5570	5800	5808	9	-1	-1	-1	0
5649	5884	5647	0	-1	-1	-1	0
5807	5569	5806	9	-1	-1	-1	0
5649	5648	5885	3	-1	-1	-1	0
5808	5805	5570	9	-1	-1	-1	0
5849	5672	5663	9	-1	-1	-1	0
5648	5650	5886	3	-1	-1	-1	0
5651	5881	5653	0	-1	-1	-1	0
5665	5662	5862	9	-1	-1	-1	0
5573	5810	5809	9	-1	-1	-1	0
5810	5573	5811	9	-1	-1	-1	0
5652	5653	5890	2	-1	-1	-1	0
5809	5813	5574	9	-1	-1	-1	0
5790	5583	5823	9	-1	-1	-1	0
5890	5654	5652	2	-1	-1	-1	0
5889	5650	5658	3	-1	-1	-1	0
5812	5574	5813	9	-1	-1	-1	0
5734	5731	5735	9	-1	-1	-1	0
5811	5576	5814	9	-1	-1	-1	0
5654	5893	5655	2	-1	-1	-1	0
5807	5817	5578	9	-1	-1	-1	0
5815	5814	5576	9	-1	-1	-1	0
5577	5816	5815	9	-1	-1	-1	0
5579	5812	5818	9	-1	-1	-1	0
5816	5578	5817	9	-1	-1	-1	0
5658	5657	5897	3	-1	-1	-1	0
5792	5827	5594	3	-1	-1	-1	0
5820	5819	5580	9	-1	-1	-1	0
5779	5660	5780	0	-1	-1	-1	0
5660	5781	5780	0	-1	-1	-1	0
5582	5818	5822	9	-1	-1	-1	0
5820	5581	5821	9	-1	-1	-1	0
5823	5583	5819	9	-1	-1	-1	0
5822	5821	5582	9	-1	-1	-1	0
5666	5900	5667	9	-1	-1	-1	0
5668	5667	5901	9	-1	-1	-1	0
5673	5900	5666	9	-1	-1	-1	0
5668	5902	5669	9	-1	-1	-1	0
5824	5825	5593	3	-1	-1	-1	0
5904	5670	5669	9	-1	-1	-1	0
5824	5594	5826	3	-1	-1	-1	0
5827	5826	5594	3	-1	-1	-1	0
5671	5672	5906	9	-1	-1	-1	0
5676	5670	5905	9	-1	-1	-1	0
5906	5674	5671	9	-1	-1	-1	0
5829	5828	5596	0	-1	-1	-1	0
5771	5742	5740	3	-1	-1	-1	0
5597	5828	5830	0	-1	-1	-1	0
5674	5909	5673	9	-1	-1	-1	0
5597	5830	5831	0	-1	-1	-1	0
5598	5831	5832	0	-1	-1	-1	0
5833	5829	5599	0	-1	-1	-1	0
5676	5911	5675	9	-1	-1	-1	0
5833	5599	5834	0	-1	-1	-1	0
5678	5913	5677	9	-1	-1	-1	0
5675	5911	5682	9	-1	-1	-1	0
5834	5600	5835	0	-1	-1	-1	0
5679	5914	5678	9	-1	-1	-1	0
5835	5600	5836	0	-1	-1	-1	0
5914	5679	5681	9	-1	-1	-1	0
5602	5837	5836	8	-1	-1	-1	0
5916	5681	5680	9	-1	-1	-1	0
5915	5680	5682	9	-1	-1	-1	0
5838	5837	5603	8	-1	-1	-1	0
5825	5843	5610	3	-1	-1	-1	0
5740	5772	5771	3	-1	-1	-1	0
5839	5840	5605	8	-1	-1	-1	0
5913	5694	5677	9	-1	-1	-1	0
5838	5606	5841	8	-1	-1	-1	0
5684	5683	5920	9	-1	-1	-1	0
5793	5747	5748	9	-1	-1	-1	0
5842	5607	5840	8	-1	-1	-1	0
5607	5842	5841	8	-1	-1	-1	0
5683	5688	5920	9	-1	-1	-1	0
5684	5922	5685	9	-1	-1	-1	0
5610	5843	5839	3	-1	-1	-1	0
5923	5686	5685	9	-1	-1	-1	0
5765	5763	5768	9	-1	-1	-1	0
5748	5749	5801	9	-1	-1	-1	0
5925	5687	5686	9	-1	-1	-1	0
5612	5844	5845	2	-1	-1	-1	0
5844	5613	5846	2	-1	-1	-1	0
5688	5689	5926	9	-1	-1	-1	0
5754	5753	5797	3	-1	-1	-1	0
5926	5689	5692	9	-1	-1	-1	0
5847	5846	5614	2	-1	-1	-1	0
5690	5927	5691	9	-1	-1	-1	0
5693	5927	5690	9	-1	-1	-1	0
5847	5615	5848	9	-1	-1	-1	0
5691	5928	5692	9	-1	-1	-1	0
5772	5770	5771	3	-1	-1	-1	0
5849	5618	5851	9	-1	-1	-1	0
5931	5693	5694	9	-1	-1	-1	0
5851	5618	5850	9	-1	-1	-1	0
5687	5925	5710	9	-1	-1	-1	0
5850	5620	5853	9	-1	-1	-1	0
5853	5620	5852	9	-1	-1	-1	0
5778	5775	5774	9	-1	-1	-1	0
5697	5698	5934	9	-1	-1	-1	0
5934	5700	5697	9	-1	-1	-1	0
5845	5860	5627	9	-1	-1	-1	0
5623	5856	5855	2	-1	-1	-1	0
5857	5624	5854	2	-1	-1	-1	0
5858	5852	5625	9	-1	-1	-1	0
5699	5700	5936	9	-1	-1	-1	0
5699	5937	5701	9	-1	-1	-1	0
5624	5857	5856	2	-1	-1	-1	0
5935	5698	5706	9	-1	-1	-1	0
5859	5626	5855	9	-1	-1	-1	0
5801	5793	5748	9	-1	-1	-1	0
5940	5702	5701	9	-1	-1	-1	0
5859	5858	5626	9	-1	-1	-1	0
5702	5940	5703	9	-1	-1	-1	0
5860	5861	5628	9	-1	-1	-1	0
5705	5941	5706	9	-1	-1	-1	0
5862	5629	5863	9	-1	-1	-1	0
5861	5864	5630	9	-1	-1	-1	0
5705	5709	5941	9	-1	-1	-1	0
5864	5863	5630	9	-1	-1	-1	0
5944	5709	5710	9	-1	-1	-1	0
5865	5632	5866	3	-1	-1	-1	0
5865	5867	5633	3	-1	-1	-1	0
5869	5634	5867	3	-1	-1	-1	0
5945	5714	5712	9	-1	-1	-1	0
5869	5868	5634	3	-1	-1	-1	0
5635	5868	5870	3	-1	-1	-1	0
5714	5946	5713	9	-1	-1	-1	0
5878	5854	5642	2	-1	-1	-1	0
5712	5720	5945	9	-1	-1	-1	0
5717	5713	5947	9	-1	-1	-1	0
5636	5872	5871	2	-1	-1	-1	0
5866	5639	5874	3	-1	-1	-1	0
5947	5718	5717	9	-1	-1	-1	0
5638	5871	5873	2	-1	-1	-1	0
5950	5716	5718	9	-1	-1	-1	0
5657	5832	5896	3	-1	-1	-1	0
5639	5873	5874	3	-1	-1	-1	0
5720	5719	5951	9	-1	-1	-1	0
5875	5876	5640	2	-1	-1	-1	0
5951	5719	5722	9	-1	-1	-1	0
5641	5877	5875	3	-1	-1	-1	0
5870	5880	5644	3	-1	-1	-1	0
5949	5730	5716	9	-1	-1	-1	0
5721	5953	5722	9	-1	-1	-1	0
5721	5723	5953	9	-1	-1	-1	0
5643	5876	5879	2	-1	-1	-1	0
5643	5879	5878	2	-1	-1	-1	0
5799	5802	5800	9	-1	-1	-1	0
5880	5877	5644	3	-1	-1	-1	0
5956	5723	5724	9	-1	-1	-1	0
5725	5957	5724	9	-1	-1	-1	0
5881	5645	5882	0	-1	-1	-1	0
5725	5726	5958	9	-1	-1	-1	0
5883	5882	5646	0	-1	-1	-1	0
5899	5848	5665	9	-1	-1	-1	0
5883	5647	5884	0	-1	-1	-1	0
5962	5728	5727	9	-1	-1	-1	0
5961	5727	5729	9	-1	-1	-1	0
5886	5885	5648	3	-1	-1	-1	0
5885	5887	5649	3	-1	-1	-1	0
5872	5655	5894	2	-1	-1	-1	0
5884	5649	5888	3	-1	-1	-1	0
5730	5964	5729	9	-1	-1	-1	0
5887	5888	5649	3	-1	-1	-1	0
5650	5889	5886	3	-1	-1	-1	0
5891	5653	5881	0	-1	-1	-1	0
5862	5899	5665	9	-1	-1	-1	0
5672	5849	5907	9	-1	-1	-1	0
5963	5738	5728	9	-1	-1	-1	0
5817	5807	5806	9	-1	-1	-1	0
5732	5733	5966	9	-1	-1	-1	0
5734	5967	5733	9	-1	-1	-1	0
5892	5890	5653	2	-1	-1	-1	0
5891	5892	5653	0	-1	-1	-1	0
5965	5739	5732	9	-1	-1	-1	0
5734	5735	5968	9	-1	-1	-1	0
5893	5654	5890	2	-1	-1	-1	0
5737	5968	5735	9	-1	-1	-1	0
5737	5736	5969	9	-1	-1	-1	0
5895	5655	5893	2	-1	-1	-1	0
5970	5736	5738	9	-1	-1	-1	0
5894	5655	5895	2	-1	-1	-1	0
5658	5898	5889	3	-1	-1	-1	0
5657	5896	5897	3	-1	-1	-1	0
5965	5746	5739	9	-1	-1	-1	0
5658	5897	5898	3	-1	-1	-1	0
5960	5726	5776	9	-1	-1	-1	0
5746	5972	5745	9	-1	-1	-1	0
5901	5667	5900	9	-1	-1	-1	0
5750	5745	5973	9	-1	-1	-1	0
5668	5901	5903	9	-1	-1	-1	0
5902	5668	5903	9	-1	-1	-1	0
5826	5825	5824	3	-1	-1	-1	0
5902	5904	5669	9	-1	-1	-1	0
5977	5749	5750	9	-1	-1	-1	0
5670	5904	5905	9	-1	-1	-1	0
5908	5900	5673	9	-1	-1	-1	0
5978	5752	5751	9	-1	-1	-1	0
5907	5906	5672	9	-1	-1	-1	0
5673	5909	5908	9	-1	-1	-1	0
5910	5674	5906	9	-1	-1	-1	0
5980	5753	5758	3	-1	-1	-1	0
5755	5982	5756	3	-1	-1	-1	0
5905	5912	5676	9	-1	-1	-1	0
5910	5909	5674	9	-1	-1	-1	0
5843	5825	5826	3	-1	-1	-1	0
5756	5983	5757	3	-1	-1	-1	0
5760	5981	5755	3	-1	-1	-1	0
5912	5911	5676	9	-1	-1	-1	0
5769	5752	5978	9	-1	-1	-1	0
5984	5758	5757	3	-1	-1	-1	0
5678	5914	5913	9	-1	-1	-1	0
5760	5759	5987	3	-1	-1	-1	0
5759	5761	5988	4	-1	-1	-1	0
5915	5916	5680	9	-1	-1	-1	0
5919	5682	5911	9	-1	-1	-1	0
5914	5681	5918	9	-1	-1	-1	0
5762	5990	5761	4	-1	-1	-1	0
5777	5960	5776	9	-1	-1	-1	0
5917	5681	5916	9	-1	-1	-1	0
5919	5915	5682	9	-1	-1	-1	0
5681	5917	5918	9	-1	-1	-1	0
5991	5762	5767	4	-1	-1	-1	0
5764	5765	5992	9	-1	-1	-1	0
5764	5992	5766	9	-1	-1	-1	0
5921	5684	5920	9	-1	-1	-1	0
5801	5749	5976	9	-1	-1	-1	0
5768	5993	5765	9	-1	-1	-1	0
5766	5994	5767	4	-1	-1	-1	0
5684	5921	5922	9	-1	-1	-1	0
5798	5979	5751	9	-1	-1	-1	0
5980	5797	5753	3	-1	-1	-1	0
5685	5922	5923	9	-1	-1	-1	0
5768	5769	5995	9	-1	-1	-1	0
5923	5924	5686	9	-1	-1	-1	0
5688	5926	5920	9	-1	-1	-1	0
5925	5686	5924	9	-1	-1	-1	0
5932	5694	5913	9	-1	-1	-1	0
5929	5691	5927	9	-1	-1	-1	0
5929	5928	5691	9	-1	-1	-1	0
5926	5692	5930	9	-1	-1	-1	0
5928	5930	5692	9	-1	-1	-1	0
5693	5931	5927	9	-1	-1	-1	0
5933	5931	5694	9	-1	-1	-1	0
5933	5694	5932	9	-1	-1	-1	0
5996	5782	5783	3	-1	-1	-1	0
5783	5784	5997	3	-1	-1	-1	0
5934	5698	5935	9	-1	-1	-1	0
5787	5997	5784	3	-1	-1	-1	0
5786	5785	5998	3	-1	-1	-1	0
5996	5791	5782	3	-1	-1	-1	0
5785	5788	5998	3	-1	-1	-1	0
5786	5999	5787	3	-1	-1	-1	0
5699	5936	5937	9	-1	-1	-1	0
5934	5939	5700	9	-1	-1	-1	0
5938	5936	5700	9	-1	-1	-1	0
5700	5939	5938	9	-1	-1	-1	0
5937	5940	5701	9	-1	-1	-1	0
5789	6002	5788	3	-1	-1	-1	0
5976	5802	5801	9	-1	-1	-1	0
5944	5710	5925	9	-1	-1	-1	0
5706	5942	5935	9	-1	-1	-1	0
6005	5789	5790	3	-1	-1	-1	0
5706	5941	5943	9	-1	-1	-1	0
5791	6007	5792	3	-1	-1	-1	0
5942	5706	5943	9	-1	-1	-1	0
5941	5709	5944	9	-1	-1	-1	0
6008	5796	5794	9	-1	-1	-1	0
6008	5794	5797	9	-1	-1	-1	0
6009	5795	5796	9	-1	-1	-1	0
5795	6009	5798	9	-1	-1	-1	0
5947	5713	5946	9	-1	-1	-1	0
5948	5714	5945	9	-1	-1	-1	0
5851	5907	5849	9	-1	-1	-1	0
5714	5948	5946	9	-1	-1	-1	0
5802	6012	5800	9	-1	-1	-1	0
5716	5950	5949	9	-1	-1	-1	0
5718	5947	5950	9	-1	-1	-1	0
5952	5945	5720	9	-1	-1	-1	0
6006	5790	5823	9	-1	-1	-1	0
5800	6013	5808	9	-1	-1	-1	0
6016	5804	5803	9	-1	-1	-1	0
5720	5951	5952	9	-1	-1	-1	0
5803	5805	6015	9	-1	-1	-1	0
5792	6007	5827	3	-1	-1	-1	0
5954	5951	5722	9	-1	-1	-1	0
5806	5804	6017	9	-1	-1	-1	0
5722	5953	5955	9	-1	-1	-1	0
5901	5908	5822	9	-1	-1	-1	0
5805	5808	6018	9	-1	-1	-1	0
5954	5722	5955	9	-1	-1	-1	0
5953	5723	5956	9	-1	-1	-1	0
5957	5956	5724	9	-1	-1	-1	0
6017	5817	5806	9	-1	-1	-1	0
5958	5957	5725	9	-1	-1	-1	0
5810	6021	5809	9	-1	-1	-1	0
5809	6020	5813	9	-1	-1	-1	0
5958	5726	5959	9	-1	-1	-1	0
5730	5949	5964	9	-1	-1	-1	0
5810	5811	6023	9	-1	-1	-1	0
5960	5959	5726	9	-1	-1	-1	0
5811	5814	6024	9	-1	-1	-1	0
5962	5727	5961	9	-1	-1	-1	0
5812	5813	6026	9	-1	-1	-1	0
5962	5963	5728	9	-1	-1	-1	0
5964	5961	5729	9	-1	-1	-1	0
5882	5891	5881	0	-1	-1	-1	0
5812	6025	5818	9	-1	-1	-1	0
5815	6028	5814	9	-1	-1	-1	0
6029	5815	5816	9	-1	-1	-1	0
5732	5966	5965	9	-1	-1	-1	0
5822	5818	6025	9	-1	-1	-1	0
6032	5816	5817	9	-1	-1	-1	0
5966	5733	5967	9	-1	-1	-1	0
5734	5968	5967	9	-1	-1	-1	0
5738	5963	5970	9	-1	-1	-1	0
5820	6035	5819	9	-1	-1	-1	0
5969	5736	5970	9	-1	-1	-1	0
5892	5893	5890	2	-1	-1	-1	0
5737	5971	5968	9	-1	-1	-1	0
5819	6034	5823	9	-1	-1	-1	0
5821	6036	5820	9	-1	-1	-1	0
5971	5737	5969	9	-1	-1	-1	0
5822	6038	5821	9	-1	-1	-1	0
5998	5897	5786	3	-1	-1	-1	0
5786	5897	5999	3	-1	-1	-1	0
5965	5975	5746	9	-1	-1	-1	0
5973	5745	5972	9	-1	-1	-1	0
5972	5746	5974	9	-1	-1	-1	0
6040	5826	5827	3	-1	-1	-1	0
5975	5974	5746	9	-1	-1	-1	0
5973	5977	5750	9	-1	-1	-1	0
5828	5829	6044	0	-1	-1	-1	0
6044	5830	5828	0	-1	-1	-1	0
5749	5977	5976	9	-1	-1	-1	0
5829	5833	6046	0	-1	-1	-1	0
5979	5978	5751	9	-1	-1	-1	0
5831	5830	6047	3	-1	-1	-1	0
5901	5900	5908	9	-1	-1	-1	0
6041	5843	5826	3	-1	-1	-1	0
5832	5831	6049	3	-1	-1	-1	0
5833	5834	6050	0	-1	-1	-1	0
5755	5981	5982	3	-1	-1	-1	0
6051	5834	5835	0	-1	-1	-1	0
5839	6041	5840	3	-1	-1	-1	0
5983	5756	5982	3	-1	-1	-1	0
6041	5839	5843	3	-1	-1	-1	0
5842	5840	6041	3	-1	-1	-1	0
5836	6052	5835	0	-1	-1	-1	0
5758	5986	5980	3	-1	-1	-1	0
5985	5757	5983	3	-1	-1	-1	0
5837	6053	5836	8	-1	-1	-1	0
5757	5985	5984	3	-1	-1	-1	0
5758	5984	5986	3	-1	-1	-1	0
6054	5837	5838	8	-1	-1	-1	0
5989	5981	5760	3	-1	-1	-1	0
5988	5987	5759	3	-1	-1	-1	0
6055	5838	5841	8	-1	-1	-1	0
5987	5989	5760	3	-1	-1	-1	0
5988	5761	5990	4	-1	-1	-1	0
5841	5842	6056	8	-1	-1	-1	0
5869	6003	5868	3	-1	-1	-1	0
5919	5911	5912	9	-1	-1	-1	0
5995	5769	5978	9	-1	-1	-1	0
5991	5990	5762	4	-1	-1	-1	0
5845	5844	6058	2	-1	-1	-1	0
5844	5846	6058	2	-1	-1	-1	0
5822	6025	5901	9	-1	-1	-1	0
5993	5992	5765	9	-1	-1	-1	0
5991	5767	5994	4	-1	-1	-1	0
5766	5992	5994	9	-1	-1	-1	0
6060	5846	5847	2	-1	-1	-1	0
5848	6061	5847	9	-1	-1	-1	0
5995	5993	5768	9	-1	-1	-1	0
5851	5850	6062	9	-1	-1	-1	0
5845	6059	5860	9	-1	-1	-1	0
5869	5898	5998	3	-1	-1	-1	0
5853	5852	6064	9	-1	-1	-1	0
5850	5853	6062	9	-1	-1	-1	0
5822	5908	6039	9	-1	-1	-1	0
5858	6064	5852	9	-1	-1	-1	0
5783	5997	5996	3	-1	-1	-1	0
5896	5832	6049	3	-1	-1	-1	0
6066	5857	5854	2	-1	-1	-1	0
6068	5855	5856	9	-1	-1	-1	0
5861	5860	6059	9	-1	-1	-1	0
5859	6064	5858	9	-1	-1	-1	0
6068	5859	5855	9	-1	-1	-1	0
5857	6069	5856	9	-1	-1	-1	0
6000	5997	5787	3	-1	-1	-1	0
5797	5980	6008	9	-1	-1	-1	0
6009	5979	5798	9	-1	-1	-1	0
5787	5999	6001	3	-1	-1	-1	0
5931	5929	5927	9	-1	-1	-1	0
6000	5787	6001	3	-1	-1	-1	0
6003	5998	5788	3	-1	-1	-1	0
5976	6012	5802	9	-1	-1	-1	0
5999	5897	5896	3	-1	-1	-1	0
5898	5897	5998	3	-1	-1	-1	0
5788	6002	6003	3	-1	-1	-1	0
6007	5791	5996	3	-1	-1	-1	0
6002	5789	6004	3	-1	-1	-1	0
5861	6072	5864	9	-1	-1	-1	0
5862	5863	6073	9	-1	-1	-1	0
6005	6004	5789	3	-1	-1	-1	0
5854	5878	6067	2	-1	-1	-1	0
6005	5790	6006	3	-1	-1	-1	0
5864	6074	5863	9	-1	-1	-1	0
5865	5866	6075	3	-1	-1	-1	0
5867	5865	6075	3	-1	-1	-1	0
6061	5848	5899	9	-1	-1	-1	0
6010	5796	6008	9	-1	-1	-1	0
5867	6079	5869	3	-1	-1	-1	0
5796	6011	6009	9	-1	-1	-1	0
6077	5866	5874	3	-1	-1	-1	0
5796	6010	6011	9	-1	-1	-1	0
5868	6081	5870	3	-1	-1	-1	0
6063	5907	5851	9	-1	-1	-1	0
5800	6012	6014	9	-1	-1	-1	0
6014	6013	5800	9	-1	-1	-1	0
6084	5871	5872	2	-1	-1	-1	0
5873	5871	6083	2	-1	-1	-1	0
5903	5901	6025	9	-1	-1	-1	0
5870	6082	5880	3	-1	-1	-1	0
5874	5873	6086	3	-1	-1	-1	0
6016	5803	6015	9	-1	-1	-1	0
6073	5899	5862	9	-1	-1	-1	0
6016	6017	5804	9	-1	-1	-1	0
5805	6018	6015	9	-1	-1	-1	0
6087	5876	5875	2	-1	-1	-1	0
5875	5877	6088	3	-1	-1	-1	0
6019	5808	6013	9	-1	-1	-1	0
5876	6089	5879	2	-1	-1	-1	0
6019	6018	5808	9	-1	-1	-1	0
5869	6079	5898	3	-1	-1	-1	0
5877	5880	6091	3	-1	-1	-1	0
5809	6021	6020	9	-1	-1	-1	0
5894	6084	5872	2	-1	-1	-1	0
6080	5885	5886	3	-1	-1	-1	0
5878	5879	6094	2	-1	-1	-1	0
6080	5887	5885	3	-1	-1	-1	0
5810	6022	6021	9	-1	-1	-1	0
5886	5889	6078	3	-1	-1	-1	0
6022	5810	6023	9	-1	-1	-1	0
5908	5909	6039	9	-1	-1	-1	0
6024	6023	5811	9	-1	-1	-1	0
5813	6020	6027	9	-1	-1	-1	0
6096	5882	5883	0	-1	-1	-1	0
6026	6025	5812	9	-1	-1	-1	0
6006	5823	6034	9	-1	-1	-1	0
5883	5884	6097	0	-1	-1	-1	0
5898	6079	5889	3	-1	-1	-1	0
5817	6017	6032	9	-1	-1	-1	0
6028	6024	5814	9	-1	-1	-1	0
5813	6027	6026	9	-1	-1	-1	0
5882	6096	5891	0	-1	-1	-1	0
6003	5869	5998	3	-1	-1	-1	0
5888	6098	5884	3	-1	-1	-1	0
6029	6028	5815	9	-1	-1	-1	0
5888	5887	6099	3	-1	-1	-1	0
5816	6031	6029	9	-1	-1	-1	0
5906	5907	6063	9	-1	-1	-1	0
6031	5816	6030	9	-1	-1	-1	0
6043	5827	6007	3	-1	-1	-1	0
5816	6032	6030	9	-1	-1	-1	0
6063	5910	5906	9	-1	-1	-1	0
5891	6101	5892	0	-1	-1	-1	0
5819	6033	6034	9	-1	-1	-1	0
5819	6035	6033	9	-1	-1	-1	0
6102	5893	5892	2	-1	-1	-1	0
5893	6102	5895	2	-1	-1	-1	0
5820	6037	6035	9	-1	-1	-1	0
5820	6036	6037	9	-1	-1	-1	0
6105	5894	5895	2	-1	-1	-1	0
6036	5821	6038	9	-1	-1	-1	0
5822	6039	6038	9	-1	-1	-1	0
5966	5975	5965	9	-1	-1	-1	0
6041	5826	6040	3	-1	-1	-1	0
5827	6042	6040	3	-1	-1	-1	0
6107	5902	5903	9	-1	-1	-1	0
6043	6042	5827	3	-1	-1	-1	0
5902	6108	5904	9	-1	-1	-1	0
5904	6108	5905	9	-1	-1	-1	0
6044	5829	6045	0	-1	-1	-1	0
5829	6046	6045	0	-1	-1	-1	0
5830	6044	6048	3	-1	-1	-1	0
6047	5830	6048	3	-1	-1	-1	0
6047	6049	5831	3	-1	-1	-1	0
5905	6110	5912	9	-1	-1	-1	0
5833	6050	6046	0	-1	-1	-1	0
5909	5910	6113	9	-1	-1	-1	0
6051	6050	5834	0	-1	-1	-1	0
5835	6052	6051	0	-1	-1	-1	0
6041	6057	5842	3	-1	-1	-1	0
6052	5836	6053	0	-1	-1	-1	0
5999	5896	6049	3	-1	-1	-1	0
6054	6053	5837	8	-1	-1	-1	0
5914	6117	5913	9	-1	-1	-1	0
5838	6055	6054	8	-1	-1	-1	0
6116	5919	5912	9	-1	-1	-1	0
5918	6117	5914	9	-1	-1	-1	0
5915	6118	5916	9	-1	-1	-1	0
6081	5868	6003	3	-1	-1	-1	0
6119	5917	5916	9	-1	-1	-1	0
5919	6118	5915	9	-1	-1	-1	0
6056	6055	5841	8	-1	-1	-1	0
6025	6026	5903	9	-1	-1	-1	0
6120	5918	5917	9	-1	-1	-1	0
5842	6057	6056	3	-1	-1	-1	0
5913	6117	5932	9	-1	-1	-1	0
6058	6059	5845	2	-1	-1	-1	0
5846	6060	6058	2	-1	-1	-1	0
6125	5921	5920	9	-1	-1	-1	0
6125	5922	5921	9	-1	-1	-1	0
5847	6061	6060	9	-1	-1	-1	0
5926	6124	5920	9	-1	-1	-1	0
5923	5922	6126	9	-1	-1	-1	0
6127	5924	5923	9	-1	-1	-1	0
5986	6010	5980	9	-1	-1	-1	0
6063	5851	6062	9	-1	-1	-1	0
5924	6129	5925	9	-1	-1	-1	0
6062	5853	6065	9	-1	-1	-1	0
5853	6064	6065	9	-1	-1	-1	0
5854	6067	6066	2	-1	-1	-1	0
5926	5930	6132	9	-1	-1	-1	0
5929	6134	5928	9	-1	-1	-1	0
5930	5928	6133	9	-1	-1	-1	0
6059	6072	5861	9	-1	-1	-1	0
6069	6068	5856	9	-1	-1	-1	0
5857	6066	6070	9	-1	-1	-1	0
6064	5859	6071	9	-1	-1	-1	0
5929	5931	6135	9	-1	-1	-1	0
6069	5857	6070	9	-1	-1	-1	0
6008	5980	6010	9	-1	-1	-1	0
5859	6068	6071	9	-1	-1	-1	0
5933	6135	5931	9	-1	-1	-1	0
5925	6131	5944	9	-1	-1	-1	0
5933	5932	6138	9	-1	-1	-1	0
5935	6140	5934	9	-1	-1	-1	0
5864	6072	6074	9	-1	-1	-1	0
5863	6074	6073	9	-1	-1	-1	0
6140	5939	5934	9	-1	-1	-1	0
5943	5941	6131	9	-1	-1	-1	0
6131	5941	5944	9	-1	-1	-1	0
6076	6075	5866	3	-1	-1	-1	0
6141	5935	5942	9	-1	-1	-1	0
5866	6077	6076	3	-1	-1	-1	0
5939	6142	5938	9	-1	-1	-1	0
5867	6075	6080	3	-1	-1	-1	0
5867	6078	6079	3	-1	-1	-1	0
5867	6080	6078	3	-1	-1	-1	0
6143	5942	5943	9	-1	-1	-1	0
5899	6073	6061	9	-1	-1	-1	0
6082	5870	6081	3	-1	-1	-1	0
6086	6077	5874	3	-1	-1	-1	0
6093	6067	5878	2	-1	-1	-1	0
6084	6083	5871	2	-1	-1	-1	0
6109	5903	6026	9	-1	-1	-1	0
6146	5948	5945	9	-1	-1	-1	0
6148	5947	5946	9	-1	-1	-1	0
6085	5873	6083	3	-1	-1	-1	0
6147	5946	5948	9	-1	-1	-1	0
5945	5952	6146	9	-1	-1	-1	0
5886	6078	6080	3	-1	-1	-1	0
6086	5873	6085	3	-1	-1	-1	0
5950	5947	6148	9	-1	-1	-1	0
6079	6078	5889	3	-1	-1	-1	0
5999	6049	6001	3	-1	-1	-1	0
6087	5875	6088	3	-1	-1	-1	0
5950	6151	5949	9	-1	-1	-1	0
6090	5876	6087	2	-1	-1	-1	0
6089	5876	6090	2	-1	-1	-1	0
6082	6095	5880	3	-1	-1	-1	0
6088	5877	6092	3	-1	-1	-1	0
6154	5952	5951	9	-1	-1	-1	0
5877	6091	6092	3	-1	-1	-1	0
6155	5951	5954	9	-1	-1	-1	0
6113	6039	5909	9	-1	-1	-1	0
6094	5879	6089	2	-1	-1	-1	0
6151	5964	5949	9	-1	-1	-1	0
6017	6016	6032	9	-1	-1	-1	0
6094	6093	5878	2	-1	-1	-1	0
5953	6157	5955	9	-1	-1	-1	0
6080	6099	5887	3	-1	-1	-1	0
5880	6095	6091	3	-1	-1	-1	0
5956	6157	5953	9	-1	-1	-1	0
5954	5955	6158	9	-1	-1	-1	0
5957	6160	5956	9	-1	-1	-1	0
6097	6096	5883	0	-1	-1	-1	0
5957	5958	6162	9	-1	-1	-1	0
5884	6098	6097	3	-1	-1	-1	0
5958	5959	6164	9	-1	-1	-1	0
6104	6084	5894	2	-1	-1	-1	0
6081	6003	6002	3	-1	-1	-1	0
5888	6100	6098	3	-1	-1	-1	0
6099	6100	5888	3	-1	-1	-1	0
6096	6101	5891	0	-1	-1	-1	0
5910	6063	6115	9	-1	-1	-1	0
6166	5962	5961	9	-1	-1	-1	0
5961	5964	6165	9	-1	-1	-1	0
5963	5962	6168	9	-1	-1	-1	0
5892	6101	6103	0	-1	-1	-1	0
6047	6001	6049	3	-1	-1	-1	0
6102	5892	6103	2	-1	-1	-1	0
5970	5963	6168	9	-1	-1	-1	0
5894	6105	6104	2	-1	-1	-1	0
5966	5967	6170	9	-1	-1	-1	0
6106	5895	6102	2	-1	-1	-1	0
5895	6106	6105	2	-1	-1	-1	0
5968	6171	5967	9	-1	-1	-1	0
5968	5971	6171	9	-1	-1	-1	0
5966	6170	5975	9	-1	-1	-1	0
6172	5971	5969	9	-1	-1	-1	0
5970	6173	5969	9	-1	-1	-1	0
6107	6108	5902	9	-1	-1	-1	0
5903	6109	6107	9	-1	-1	-1	0
5973	5972	6177	9	-1	-1	-1	0
5972	5974	6177	9	-1	-1	-1	0
6108	6112	5905	9	-1	-1	-1	0
6110	5905	6111	9	-1	-1	-1	0
6111	5905	6112	9	-1	-1	-1	0
5974	5975	6179	9	-1	-1	-1	0
5977	5973	6178	9	-1	-1	-1	0
5977	6181	5976	9	-1	-1	-1	0
5910	6114	6113	9	-1	-1	-1	0
5912	6110	6116	9	-1	-1	-1	0
5910	6115	6114	9	-1	-1	-1	0
6184	5978	5979	9	-1	-1	-1	0
6186	5982	5981	3	-1	-1	-1	0
6187	5983	5982	3	-1	-1	-1	0
6119	5916	6118	9	-1	-1	-1	0
5985	5983	6187	3	-1	-1	-1	0
5981	5989	6186	3	-1	-1	-1	0
6117	5918	6121	9	-1	-1	-1	0
5917	6119	6120	9	-1	-1	-1	0
5995	5978	6184	9	-1	-1	-1	0
6188	5984	5985	3	-1	-1	-1	0
6123	5919	6116	9	-1	-1	-1	0
6188	5986	5984	3	-1	-1	-1	0
6118	5919	6122	9	-1	-1	-1	0
6121	5918	6120	9	-1	-1	-1	0
6109	6026	6027	9	-1	-1	-1	0
5919	6123	6122	9	-1	-1	-1	0
5987	5988	6191	3	-1	-1	-1	0
5989	5987	6192	3	-1	-1	-1	0
6125	5920	6124	9	-1	-1	-1	0
6182	6012	5976	9	-1	-1	-1	0
5988	5990	6193	4	-1	-1	-1	0
6126	5922	6125	9	-1	-1	-1	0
6009	6185	5979	9	-1	-1	-1	0
5991	6195	5990	4	-1	-1	-1	0
5923	6126	6128	9	-1	-1	-1	0
6127	5923	6128	9	-1	-1	-1	0
6130	5924	6127	9	-1	-1	-1	0
5994	6196	5991	4	-1	-1	-1	0
6124	5926	6132	9	-1	-1	-1	0
5993	6198	5992	9	-1	-1	-1	0
6129	5924	6130	9	-1	-1	-1	0
6197	5994	5992	9	-1	-1	-1	0
6131	5925	6129	9	-1	-1	-1	0
6010	5986	6190	9	-1	-1	-1	0
5932	6117	6138	9	-1	-1	-1	0
5993	5995	6200	9	-1	-1	-1	0
6113	6038	6039	9	-1	-1	-1	0
6201	5996	5997	3	-1	-1	-1	0
6134	6133	5928	9	-1	-1	-1	0
6201	5997	6000	3	-1	-1	-1	0
6136	6134	5929	9	-1	-1	-1	0
6137	6132	5930	9	-1	-1	-1	0
6137	5930	6133	9	-1	-1	-1	0
5929	6135	6136	9	-1	-1	-1	0
6001	6202	6000	3	-1	-1	-1	0
5996	6201	6007	3	-1	-1	-1	0
6009	6011	6185	9	-1	-1	-1	0
5933	6139	6135	9	-1	-1	-1	0
6014	6012	6182	9	-1	-1	-1	0
6004	6203	6002	3	-1	-1	-1	0
6139	5933	6138	9	-1	-1	-1	0
6010	6190	6011	9	-1	-1	-1	0
6005	6204	6004	3	-1	-1	-1	0
6006	6205	6005	3	-1	-1	-1	0
5943	6131	6145	9	-1	-1	-1	0
6140	5935	6141	9	-1	-1	-1	0
6140	6142	5939	9	-1	-1	-1	0
6143	6141	5942	9	-1	-1	-1	0
6143	5943	6144	9	-1	-1	-1	0
6145	6144	5943	9	-1	-1	-1	0
6209	6013	6014	9	-1	-1	-1	0
6063	6062	6115	9	-1	-1	-1	0
5946	6147	6148	9	-1	-1	-1	0
6062	6065	6115	9	-1	-1	-1	0
6013	6210	6019	9	-1	-1	-1	0
6149	6147	5948	9	-1	-1	-1	0
6146	6150	5948	9	-1	-1	-1	0
6213	6016	6015	9	-1	-1	-1	0
6015	6018	6212	9	-1	-1	-1	0
6034	6206	6006	9	-1	-1	-1	0
6150	6149	5948	9	-1	-1	-1	0
6018	6019	6212	9	-1	-1	-1	0
6075	6076	6099	3	-1	-1	-1	0
6202	6001	6047	3	-1	-1	-1	0
5950	6148	6152	9	-1	-1	-1	0
6100	6076	6077	3	-1	-1	-1	0
6075	6099	6080	3	-1	-1	-1	0
6146	5952	6156	9	-1	-1	-1	0
6153	6151	5950	9	-1	-1	-1	0
5950	6152	6153	9	-1	-1	-1	0
6007	6207	6043	3	-1	-1	-1	0
6217	6020	6021	9	-1	-1	-1	0
6155	6154	5951	9	-1	-1	-1	0
6154	6156	5952	9	-1	-1	-1	0
6215	6032	6016	9	-1	-1	-1	0
6022	6220	6021	9	-1	-1	-1	0
6020	6218	6027	9	-1	-1	-1	0
6221	6022	6023	9	-1	-1	-1	0
6158	6155	5954	9	-1	-1	-1	0
6024	6221	6023	9	-1	-1	-1	0
6159	5955	6157	9	-1	-1	-1	0
5955	6159	6158	9	-1	-1	-1	0
6157	5956	6161	9	-1	-1	-1	0
6028	6223	6024	9	-1	-1	-1	0
6100	6099	6076	3	-1	-1	-1	0
5956	6160	6161	9	-1	-1	-1	0
6163	6160	5957	9	-1	-1	-1	0
6028	6029	6225	9	-1	-1	-1	0
5957	6162	6163	9	-1	-1	-1	0
6164	6162	5958	9	-1	-1	-1	0
5964	6151	6169	9	-1	-1	-1	0
6225	6029	6031	9	-1	-1	-1	0
6081	6002	6203	3	-1	-1	-1	0
6226	6031	6030	9	-1	-1	-1	0
6226	6030	6032	9	-1	-1	-1	0
5961	6165	6166	9	-1	-1	-1	0
6167	5962	6166	9	-1	-1	-1	0
6033	6228	6034	9	-1	-1	-1	0
6047	6048	6202	3	-1	-1	-1	0
6168	5962	6167	9	-1	-1	-1	0
6229	6033	6035	9	-1	-1	-1	0
6165	5964	6169	9	-1	-1	-1	0
6037	6230	6035	9	-1	-1	-1	0
6232	6036	6038	9	-1	-1	-1	0
6036	6233	6037	9	-1	-1	-1	0
6171	6170	5967	9	-1	-1	-1	0
6103	6106	6102	2	-1	-1	-1	0
5970	6168	6174	9	-1	-1	-1	0
6172	5969	6173	9	-1	-1	-1	0
6040	6235	6041	3	-1	-1	-1	0
6173	5970	6174	9	-1	-1	-1	0
6235	6040	6042	3	-1	-1	-1	0
5971	6172	6175	9	-1	-1	-1	0
5971	6176	6171	9	-1	-1	-1	0
6043	6237	6042	3	-1	-1	-1	0
5971	6175	6176	9	-1	-1	-1	0
5975	6170	6180	9	-1	-1	-1	0
6177	6178	5973	9	-1	-1	-1	0
6045	6240	6044	3	-1	-1	-1	0
5974	6179	6177	9	-1	-1	-1	0
6044	6240	6048	3	-1	-1	-1	0
6046	6242	6045	0	-1	-1	-1	0
6057	6041	6235	3	-1	-1	-1	0
5975	6180	6179	9	-1	-1	-1	0
5977	6178	6183	9	-1	-1	-1	0
6046	6050	6243	0	-1	-1	-1	0
6182	5976	6181	9	-1	-1	-1	0
6181	5977	6183	9	-1	-1	-1	0
6050	6051	6245	0	-1	-1	-1	0
6185	6184	5979	9	-1	-1	-1	0
6051	6052	6246	0	-1	-1	-1	0
6053	6247	6052	0	-1	-1	-1	0
6027	6218	6109	9	-1	-1	-1	0
6053	6054	6248	8	-1	-1	-1	0
5982	6186	6187	3	-1	-1	-1	0
6055	6249	6054	8	-1	-1	-1	0
6187	6189	5985	3	-1	-1	-1	0
6188	5985	6189	3	-1	-1	-1	0
6055	6056	6251	8	-1	-1	-1	0
5986	6188	6190	9	-1	-1	-1	0
6056	6057	6252	3	-1	-1	-1	0
6081	6203	6082	3	-1	-1	-1	0
6194	6186	5989	3	-1	-1	-1	0
6191	6192	5987	3	-1	-1	-1	0
6058	6254	6059	2	-1	-1	-1	0
6058	6060	6254	2	-1	-1	-1	0
6193	6191	5988	3	-1	-1	-1	0
6192	6194	5989	3	-1	-1	-1	0
6255	6060	6061	9	-1	-1	-1	0
6117	6121	6138	9	-1	-1	-1	0
6193	5990	6195	4	-1	-1	-1	0
6184	6200	5995	9	-1	-1	-1	0
5991	6196	6195	4	-1	-1	-1	0
6113	6232	6038	9	-1	-1	-1	0
6254	6072	6059	2	-1	-1	-1	0
6256	6065	6064	9	-1	-1	-1	0
6197	5992	6198	9	-1	-1	-1	0
5994	6197	6196	9	-1	-1	-1	0
6061	6073	6255	9	-1	-1	-1	0
6198	5993	6199	9	-1	-1	-1	0
6071	6256	6064	9	-1	-1	-1	0
6067	6258	6066	2	-1	-1	-1	0
5993	6200	6199	9	-1	-1	-1	0
6259	6070	6066	9	-1	-1	-1	0
6261	6068	6069	9	-1	-1	-1	0
6072	6254	6074	9	-1	-1	-1	0
6068	6261	6071	9	-1	-1	-1	0
6070	6262	6069	9	-1	-1	-1	0
6255	6073	6074	9	-1	-1	-1	0
6201	6000	6202	3	-1	-1	-1	0
6208	6185	6011	9	-1	-1	-1	0
6131	6129	6145	9	-1	-1	-1	0
6182	6211	6014	9	-1	-1	-1	0
6011	6190	6208	9	-1	-1	-1	0
6203	6004	6204	3	-1	-1	-1	0
6205	6204	6005	3	-1	-1	-1	0
6207	6007	6201	3	-1	-1	-1	0
6206	6205	6006	3	-1	-1	-1	0
6260	6067	6093	2	-1	-1	-1	0
6077	6086	6264	3	-1	-1	-1	0
6209	6210	6013	9	-1	-1	-1	0
6083	6084	6267	2	-1	-1	-1	0
6211	6209	6014	9	-1	-1	-1	0
6083	6266	6085	3	-1	-1	-1	0
6257	6115	6065	9	-1	-1	-1	0
6086	6085	6268	3	-1	-1	-1	0
6212	6214	6015	9	-1	-1	-1	0
6264	6100	6077	3	-1	-1	-1	0
6082	6265	6095	3	-1	-1	-1	0
6213	6015	6214	9	-1	-1	-1	0
6269	6087	6088	3	-1	-1	-1	0
6213	6215	6016	9	-1	-1	-1	0
6216	6019	6210	9	-1	-1	-1	0
6269	6090	6087	3	-1	-1	-1	0
6212	6019	6216	9	-1	-1	-1	0
6092	6270	6088	3	-1	-1	-1	0
6089	6090	6272	2	-1	-1	-1	0
6271	6094	6089	2	-1	-1	-1	0
6084	6104	6267	2	-1	-1	-1	0
6020	6217	6218	9	-1	-1	-1	0
6021	6219	6217	9	-1	-1	-1	0
6274	6092	6091	3	-1	-1	-1	0
6114	6232	6113	9	-1	-1	-1	0
6091	6095	6274	3	-1	-1	-1	0
6219	6021	6220	9	-1	-1	-1	0
6098	6100	6264	3	-1	-1	-1	0
6220	6022	6221	9	-1	-1	-1	0
6094	6277	6093	2	-1	-1	-1	0
6024	6222	6221	9	-1	-1	-1	0
6206	6034	6228	9	-1	-1	-1	0
6024	6223	6222	9	-1	-1	-1	0
6032	6215	6226	9	-1	-1	-1	0
6281	6096	6097	0	-1	-1	-1	0
6223	6028	6224	9	-1	-1	-1	0
6224	6028	6225	9	-1	-1	-1	0
6098	6282	6097	3	-1	-1	-1	0
6159	6157	6161	9	-1	-1	-1	0
6101	6096	6281	0	-1	-1	-1	0
6031	6227	6225	9	-1	-1	-1	0
6226	6227	6031	9	-1	-1	-1	0
6115	6257	6114	9	-1	-1	-1	0
6283	6103	6101	0	-1	-1	-1	0
6043	6207	6239	3	-1	-1	-1	0
6229	6228	6033	9	-1	-1	-1	0
6103	6284	6106	2	-1	-1	-1	0
6105	6285	6104	2	-1	-1	-1	0
6202	6048	6244	3	-1	-1	-1	0
6035	6231	6229	9	-1	-1	-1	0
6284	6105	6106	2	-1	-1	-1	0
6230	6231	6035	9	-1	-1	-1	0
6234	6230	6037	9	-1	-1	-1	0
6286	6108	6107	9	-1	-1	-1	0
6232	6233	6036	9	-1	-1	-1	0
6286	6107	6109	9	-1	-1	-1	0
6234	6037	6233	9	-1	-1	-1	0
6286	6112	6108	9	-1	-1	-1	0
6287	6110	6111	9	-1	-1	-1	0
6112	6288	6111	9	-1	-1	-1	0
6110	6287	6116	9	-1	-1	-1	0
6235	6042	6236	3	-1	-1	-1	0
6236	6042	6237	3	-1	-1	-1	0
6043	6238	6237	3	-1	-1	-1	0
6043	6239	6238	3	-1	-1	-1	0
6045	6241	6240	3	-1	-1	-1	0
6242	6241	6045	3	-1	-1	-1	0
6118	6292	6119	9	-1	-1	-1	0
6116	6291	6123	9	-1	-1	-1	0
6046	6243	6242	0	-1	-1	-1	0
6118	6122	6292	9	-1	-1	-1	0
6048	6240	6244	3	-1	-1	-1	0
6120	6119	6293	9	-1	-1	-1	0
6295	6121	6120	9	-1	-1	-1	0
6050	6245	6243	0	-1	-1	-1	0
6051	6246	6245	0	-1	-1	-1	0
6122	6123	6298	9	-1	-1	-1	0
6247	6246	6052	0	-1	-1	-1	0
6057	6235	6253	3	-1	-1	-1	0
6247	6053	6248	0	-1	-1	-1	0
6203	6265	6082	3	-1	-1	-1	0
6124	6301	6125	9	-1	-1	-1	0
6249	6248	6054	8	-1	-1	-1	0
6250	6249	6055	8	-1	-1	-1	0
6126	6125	6303	9	-1	-1	-1	0
6121	6297	6138	9	-1	-1	-1	0
6055	6251	6250	8	-1	-1	-1	0
6124	6132	6302	9	-1	-1	-1	0
6126	6304	6128	9	-1	-1	-1	0
6306	6127	6128	9	-1	-1	-1	0
6057	6253	6252	3	-1	-1	-1	0
6056	6252	6251	3	-1	-1	-1	0
6307	6130	6127	9	-1	-1	-1	0
6186	6194	6187	3	-1	-1	-1	0
6254	6060	6255	9	-1	-1	-1	0
6129	6130	6310	9	-1	-1	-1	0
6187	6194	6189	3	-1	-1	-1	0
6297	6139	6138	9	-1	-1	-1	0
6256	6257	6065	9	-1	-1	-1	0
6313	6133	6134	9	-1	-1	-1	0
6137	6312	6132	9	-1	-1	-1	0
6137	6133	6313	9	-1	-1	-1	0
6258	6259	6066	9	-1	-1	-1	0
6074	6254	6255	9	-1	-1	-1	0
6314	6134	6136	9	-1	-1	-1	0
6129	6310	6145	9	-1	-1	-1	0
6260	6258	6067	2	-1	-1	-1	0
6136	6135	6315	9	-1	-1	-1	0
6071	6261	6256	9	-1	-1	-1	0
6135	6139	6315	9	-1	-1	-1	0
6262	6261	6069	9	-1	-1	-1	0
6259	6263	6070	9	-1	-1	-1	0
6070	6263	6262	9	-1	-1	-1	0
6232	6114	6257	9	-1	-1	-1	0
6140	6141	6322	9	-1	-1	-1	0
6321	6142	6140	9	-1	-1	-1	0
6143	6323	6141	9	-1	-1	-1	0
6144	6324	6143	9	-1	-1	-1	0
6218	6286	6109	9	-1	-1	-1	0
6144	6145	6325	9	-1	-1	-1	0
6266	6083	6267	3	-1	-1	-1	0
6086	6268	6264	3	-1	-1	-1	0
6266	6268	6085	3	-1	-1	-1	0
6148	6147	6327	9	-1	-1	-1	0
6326	6150	6146	9	-1	-1	-1	0
6149	6328	6147	9	-1	-1	-1	0
6270	6269	6088	3	-1	-1	-1	0
6156	6326	6146	9	-1	-1	-1	0
6149	6150	6330	9	-1	-1	-1	0
6329	6152	6148	9	-1	-1	-1	0
6260	6093	6276	2	-1	-1	-1	0
6098	6264	6268	3	-1	-1	-1	0
6272	6271	6089	2	-1	-1	-1	0
6090	6269	6273	3	-1	-1	-1	0
6273	6272	6090	3	-1	-1	-1	0
6151	6153	6332	9	-1	-1	-1	0
6270	6092	6275	3	-1	-1	-1	0
6152	6333	6153	9	-1	-1	-1	0
6280	6095	6265	3	-1	-1	-1	0
6274	6275	6092	3	-1	-1	-1	0
6278	6094	6271	2	-1	-1	-1	0
6155	6335	6154	9	-1	-1	-1	0
6156	6154	6335	9	-1	-1	-1	0
6093	6277	6276	2	-1	-1	-1	0
6244	6201	6202	3	-1	-1	-1	0
6274	6095	6279	3	-1	-1	-1	0
6282	6098	6268	3	-1	-1	-1	0
6336	6155	6158	9	-1	-1	-1	0
6278	6277	6094	2	-1	-1	-1	0
6332	6169	6151	9	-1	-1	-1	0
6207	6201	6244	3	-1	-1	-1	0
6280	6279	6095	3	-1	-1	-1	0
6339	6158	6159	9	-1	-1	-1	0
6285	6267	6104	2	-1	-1	-1	0
6097	6282	6281	3	-1	-1	-1	0
6161	6340	6159	9	-1	-1	-1	0
6160	6342	6161	9	-1	-1	-1	0
6341	6160	6163	9	-1	-1	-1	0
6281	6283	6101	0	-1	-1	-1	0
6344	6163	6162	9	-1	-1	-1	0
6344	6162	6164	9	-1	-1	-1	0
6284	6103	6283	0	-1	-1	-1	0
6285	6105	6284	2	-1	-1	-1	0
6165	6345	6166	9	-1	-1	-1	0
6347	6167	6166	9	-1	-1	-1	0
6165	6169	6346	9	-1	-1	-1	0
6167	6349	6168	9	-1	-1	-1	0
6287	6111	6288	9	-1	-1	-1	0
6289	6112	6286	9	-1	-1	-1	0
6112	6290	6288	9	-1	-1	-1	0
6207	6244	6239	3	-1	-1	-1	0
6112	6289	6290	9	-1	-1	-1	0
6168	6349	6174	9	-1	-1	-1	0
6171	6350	6170	9	-1	-1	-1	0
6287	6291	6116	9	-1	-1	-1	0
6351	6172	6173	9	-1	-1	-1	0
6350	6171	6176	9	-1	-1	-1	0
6175	6172	6351	9	-1	-1	-1	0
6174	6352	6173	9	-1	-1	-1	0
6350	6180	6170	9	-1	-1	-1	0
6119	6292	6293	9	-1	-1	-1	0
6175	6354	6176	9	-1	-1	-1	0
6293	6294	6120	9	-1	-1	-1	0
6295	6120	6294	9	-1	-1	-1	0
6177	6356	6178	9	-1	-1	-1	0
6121	6295	6296	9	-1	-1	-1	0
6299	6292	6122	9	-1	-1	-1	0
6357	6177	6179	9	-1	-1	-1	0
6123	6291	6300	9	-1	-1	-1	0
6121	6296	6297	9	-1	-1	-1	0
6178	6356	6183	9	-1	-1	-1	0
6358	6179	6180	9	-1	-1	-1	0
6241	6238	6239	3	-1	-1	-1	0
6299	6122	6298	9	-1	-1	-1	0
6240	6241	6239	3	-1	-1	-1	0
6123	6300	6298	9	-1	-1	-1	0
6359	6182	6181	9	-1	-1	-1	0
6232	6257	6233	9	-1	-1	-1	0
6240	6239	6244	3	-1	-1	-1	0
6235	6236	6253	3	-1	-1	-1	0
6359	6181	6183	9	-1	-1	-1	0
6302	6301	6124	9	-1	-1	-1	0
6233	6262	6234	9	-1	-1	-1	0
6125	6301	6303	9	-1	-1	-1	0
6185	6362	6184	9	-1	-1	-1	0
6304	6126	6303	9	-1	-1	-1	0
6127	6306	6305	9	-1	-1	-1	0
6305	6307	6127	9	-1	-1	-1	0
6304	6309	6128	9	-1	-1	-1	0
6189	6364	6188	3	-1	-1	-1	0
6363	6190	6188	9	-1	-1	-1	0
6306	6128	6308	9	-1	-1	-1	0
6312	6302	6132	9	-1	-1	-1	0
6309	6308	6128	9	-1	-1	-1	0
6200	6184	6362	9	-1	-1	-1	0
6307	6311	6130	9	-1	-1	-1	0
6189	6194	6365	3	-1	-1	-1	0
6366	6191	6193	3	-1	-1	-1	0
6367	6192	6191	3	-1	-1	-1	0
6365	6194	6192	3	-1	-1	-1	0
6310	6130	6311	9	-1	-1	-1	0
6182	6359	6211	9	-1	-1	-1	0
6185	6208	6362	9	-1	-1	-1	0
6297	6320	6139	9	-1	-1	-1	0
6193	6195	6368	4	-1	-1	-1	0
6263	6234	6262	9	-1	-1	-1	0
6369	6195	6196	4	-1	-1	-1	0
6134	6314	6313	9	-1	-1	-1	0
6363	6208	6190	9	-1	-1	-1	0
6197	6370	6196	9	-1	-1	-1	0
6371	6197	6198	9	-1	-1	-1	0
6314	6136	6316	9	-1	-1	-1	0
6317	6137	6313	9	-1	-1	-1	0
6312	6137	6318	9	-1	-1	-1	0
6136	6315	6316	9	-1	-1	-1	0
6198	6199	6372	9	-1	-1	-1	0
6137	6317	6318	9	-1	-1	-1	0
6199	6200	6373	9	-1	-1	-1	0
6315	6139	6319	9	-1	-1	-1	0
6319	6139	6320	9	-1	-1	-1	0
6325	6145	6310	9	-1	-1	-1	0
6204	6374	6203	3	-1	-1	-1	0
6321	6140	6322	9	-1	-1	-1	0
6375	6204	6205	3	-1	-1	-1	0
6323	6322	6141	9	-1	-1	-1	0
6205	6206	6375	3	-1	-1	-1	0
6323	6143	6324	9	-1	-1	-1	0
6324	6144	6325	9	-1	-1	-1	0
6378	6210	6209	9	-1	-1	-1	0
6378	6209	6211	9	-1	-1	-1	0
6327	6147	6328	9	-1	-1	-1	0
6148	6327	6329	9	-1	-1	-1	0
6210	6379	6216	9	-1	-1	-1	0
6330	6328	6149	9	-1	-1	-1	0
6212	6381	6214	9	-1	-1	-1	0
6331	6150	6326	9	-1	-1	-1	0
6216	6381	6212	9	-1	-1	-1	0
6213	6214	6382	9	-1	-1	-1	0
6206	6228	6376	9	-1	-1	-1	0
6150	6331	6330	9	-1	-1	-1	0
6383	6215	6213	9	-1	-1	-1	0
6333	6152	6329	9	-1	-1	-1	0
6282	6268	6266	3	-1	-1	-1	0
6332	6153	6334	9	-1	-1	-1	0
6156	6338	6326	9	-1	-1	-1	0
6333	6334	6153	9	-1	-1	-1	0
6218	6217	6386	9	-1	-1	-1	0
6386	6217	6219	9	-1	-1	-1	0
6226	6215	6383	9	-1	-1	-1	0
6336	6335	6155	9	-1	-1	-1	0
6219	6220	6387	9	-1	-1	-1	0
6274	6279	6275	3	-1	-1	-1	0
6337	6156	6335	9	-1	-1	-1	0
6337	6338	6156	9	-1	-1	-1	0
6221	6388	6220	9	-1	-1	-1	0
6221	6222	6389	9	-1	-1	-1	0
6228	6229	6376	9	-1	-1	-1	0
6158	6339	6336	9	-1	-1	-1	0
6223	6390	6222	9	-1	-1	-1	0
6224	6391	6223	9	-1	-1	-1	0
6159	6340	6339	9	-1	-1	-1	0
6225	6392	6224	9	-1	-1	-1	0
6203	6374	6265	3	-1	-1	-1	0
6160	6341	6342	9	-1	-1	-1	0
6161	6343	6340	9	-1	-1	-1	0
6343	6161	6342	9	-1	-1	-1	0
6394	6225	6227	9	-1	-1	-1	0
6346	6169	6332	9	-1	-1	-1	0
6163	6344	6341	9	-1	-1	-1	0
6226	6395	6227	9	-1	-1	-1	0
6283	6285	6284	3	-1	-1	-1	0
6345	6165	6346	9	-1	-1	-1	0
6229	6231	6397	9	-1	-1	-1	0
6348	6166	6345	9	-1	-1	-1	0
6166	6348	6347	9	-1	-1	-1	0
6231	6230	6400	9	-1	-1	-1	0
6167	6347	6349	9	-1	-1	-1	0
6399	6230	6234	9	-1	-1	-1	0
6351	6173	6352	9	-1	-1	-1	0
6349	6353	6174	9	-1	-1	-1	0
6236	6237	6405	3	-1	-1	-1	0
6353	6352	6174	9	-1	-1	-1	0
6351	6354	6175	9	-1	-1	-1	0
6406	6237	6238	3	-1	-1	-1	0
6350	6176	6355	9	-1	-1	-1	0
6355	6176	6354	9	-1	-1	-1	0
6241	6407	6238	3	-1	-1	-1	0
6180	6350	6358	9	-1	-1	-1	0
6407	6241	6242	3	-1	-1	-1	0
6177	6357	6356	9	-1	-1	-1	0
6218	6386	6286	9	-1	-1	-1	0
6243	6408	6242	0	-1	-1	-1	0
6233	6257	6403	9	-1	-1	-1	0
6358	6357	6179	9	-1	-1	-1	0
6405	6253	6236	3	-1	-1	-1	0
6243	6245	6409	0	-1	-1	-1	0
6403	6262	6233	9	-1	-1	-1	0
6360	6183	6356	9	-1	-1	-1	0
6410	6245	6246	0	-1	-1	-1	0
6404	6234	6263	9	-1	-1	-1	0
6246	6247	6410	0	-1	-1	-1	0
6183	6361	6359	9	-1	-1	-1	0
6361	6183	6360	9	-1	-1	-1	0
6411	6247	6248	0	-1	-1	-1	0
6248	6249	6412	8	-1	-1	-1	0
6412	6249	6250	8	-1	-1	-1	0
6413	6250	6251	8	-1	-1	-1	0
6364	6363	6188	9	-1	-1	-1	0
6256	6403	6257	9	-1	-1	-1	0
6252	6415	6251	3	-1	-1	-1	0
6365	6364	6189	3	-1	-1	-1	0
6280	6265	6374	3	-1	-1	-1	0
6256	6261	6403	9	-1	-1	-1	0
6416	6252	6253	3	-1	-1	-1	0
6191	6366	6367	3	-1	-1	-1	0
6365	6192	6367	3	-1	-1	-1	0
6403	6261	6262	9	-1	-1	-1	0
6193	6368	6366	3	-1	-1	-1	0
6369	6368	6195	4	-1	-1	-1	0
6258	6417	6259	9	-1	-1	-1	0
6369	6196	6370	9	-1	-1	-1	0
6200	6362	6373	9	-1	-1	-1	0
6258	6260	6418	2	-1	-1	-1	0
6370	6197	6371	9	-1	-1	-1	0
6198	6372	6371	9	-1	-1	-1	0
6263	6259	6419	9	-1	-1	-1	0
6199	6373	6372	9	-1	-1	-1	0
6377	6362	6208	9	-1	-1	-1	0
6363	6377	6208	9	-1	-1	-1	0
6211	6359	6380	9	-1	-1	-1	0
6316	6315	6319	9	-1	-1	-1	0
6375	6374	6204	3	-1	-1	-1	0
6267	6421	6266	3	-1	-1	-1	0
6276	6420	6260	2	-1	-1	-1	0
6206	6376	6375	3	-1	-1	-1	0
6269	6270	6422	3	-1	-1	-1	0
6286	6386	6289	9	-1	-1	-1	0
6273	6269	6422	3	-1	-1	-1	0
6379	6210	6378	9	-1	-1	-1	0
6424	6271	6272	2	-1	-1	-1	0
6270	6275	6423	3	-1	-1	-1	0
6421	6282	6266	3	-1	-1	-1	0
6378	6211	6380	9	-1	-1	-1	0
6273	6425	6272	3	-1	-1	-1	0
6424	6278	6271	2	-1	-1	-1	0
6421	6267	6285	3	-1	-1	-1	0
6213	6382	6383	9	-1	-1	-1	0
6384	6214	6381	9	-1	-1	-1	0
6385	6216	6379	9	-1	-1	-1	0
6382	6214	6384	9	-1	-1	-1	0
6279	6427	6275	3	-1	-1	-1	0
6277	6428	6276	2	-1	-1	-1	0
6216	6385	6381	9	-1	-1	-1	0
6421	6281	6282	3	-1	-1	-1	0
6283	6281	6421	3	-1	-1	-1	0
6277	6278	6431	2	-1	-1	-1	0
6285	6283	6421	3	-1	-1	-1	0
6280	6432	6279	3	-1	-1	-1	0
6386	6219	6387	9	-1	-1	-1	0
6220	6388	6387	9	-1	-1	-1	0
6331	6326	6338	9	-1	-1	-1	0
6388	6221	6389	9	-1	-1	-1	0
6222	6390	6389	9	-1	-1	-1	0
6229	6398	6376	9	-1	-1	-1	0
6223	6391	6390	9	-1	-1	-1	0
6226	6383	6395	9	-1	-1	-1	0
6224	6393	6391	9	-1	-1	-1	0
6392	6393	6224	9	-1	-1	-1	0
6288	6435	6287	9	-1	-1	-1	0
6394	6392	6225	9	-1	-1	-1	0
6435	6291	6287	9	-1	-1	-1	0
6436	6288	6290	9	-1	-1	-1	0
6437	6290	6289	9	-1	-1	-1	0
6396	6394	6227	9	-1	-1	-1	0
6396	6227	6395	9	-1	-1	-1	0
6398	6229	6397	9	-1	-1	-1	0
6293	6292	6439	9	-1	-1	-1	0
6291	6435	6300	9	-1	-1	-1	0
6440	6294	6293	9	-1	-1	-1	0
6400	6230	6399	9	-1	-1	-1	0
6295	6294	6440	9	-1	-1	-1	0
6299	6439	6292	9	-1	-1	-1	0
6231	6402	6397	9	-1	-1	-1	0
6231	6400	6401	9	-1	-1	-1	0
6231	6401	6402	9	-1	-1	-1	0
6443	6296	6295	9	-1	-1	-1	0
6296	6444	6297	9	-1	-1	-1	0
6404	6399	6234	9	-1	-1	-1	0
6299	6298	6445	9	-1	-1	-1	0
6298	6300	6445	9	-1	-1	-1	0
6406	6405	6237	3	-1	-1	-1	0
6238	6407	6406	3	-1	-1	-1	0
6302	6450	6301	9	-1	-1	-1	0
6451	6303	6301	9	-1	-1	-1	0
6408	6407	6242	3	-1	-1	-1	0
6243	6409	6408	0	-1	-1	-1	0
6303	6454	6304	9	-1	-1	-1	0
6320	6297	6444	9	-1	-1	-1	0
6410	6409	6245	0	-1	-1	-1	0
6312	6452	6302	9	-1	-1	-1	0
6456	6305	6306	9	-1	-1	-1	0
6307	6305	6455	9	-1	-1	-1	0
6309	6304	6454	9	-1	-1	-1	0
6247	6411	6410	0	-1	-1	-1	0
6308	6456	6306	9	-1	-1	-1	0
6248	6412	6411	0	-1	-1	-1	0
6357	6360	6356	9	-1	-1	-1	0
6253	6405	6416	3	-1	-1	-1	0
6311	6307	6457	9	-1	-1	-1	0
6250	6414	6412	8	-1	-1	-1	0
6459	6308	6309	9	-1	-1	-1	0
6413	6414	6250	8	-1	-1	-1	0
6413	6251	6415	3	-1	-1	-1	0
6461	6310	6311	9	-1	-1	-1	0
6415	6252	6416	3	-1	-1	-1	0
6263	6419	6404	9	-1	-1	-1	0
6280	6374	6434	3	-1	-1	-1	0
6314	6465	6313	9	-1	-1	-1	0
6312	6318	6463	9	-1	-1	-1	0
6417	6258	6418	9	-1	-1	-1	0
6313	6464	6317	9	-1	-1	-1	0
6417	6419	6259	9	-1	-1	-1	0
6316	6466	6314	9	-1	-1	-1	0
6325	6310	6461	9	-1	-1	-1	0
6418	6260	6420	2	-1	-1	-1	0
6361	6380	6359	9	-1	-1	-1	0
6467	6316	6319	9	-1	-1	-1	0
6318	6317	6468	9	-1	-1	-1	0
6319	6320	6471	9	-1	-1	-1	0
6437	6289	6386	9	-1	-1	-1	0
6377	6373	6362	9	-1	-1	-1	0
6270	6423	6422	3	-1	-1	-1	0
6322	6473	6321	9	-1	-1	-1	0
6322	6323	6473	9	-1	-1	-1	0
6272	6425	6424	3	-1	-1	-1	0
6323	6324	6474	9	-1	-1	-1	0
6426	6273	6422	3	-1	-1	-1	0
6273	6426	6425	3	-1	-1	-1	0
6429	6420	6276	2	-1	-1	-1	0
6275	6427	6423	3	-1	-1	-1	0
6325	6476	6324	9	-1	-1	-1	0
6477	6327	6328	9	-1	-1	-1	0
6424	6431	6278	2	-1	-1	-1	0
6276	6428	6429	2	-1	-1	-1	0
6478	6329	6327	9	-1	-1	-1	0
6277	6430	6428	2	-1	-1	-1	0
6328	6330	6479	9	-1	-1	-1	0
6279	6432	6427	3	-1	-1	-1	0
6431	6430	6277	2	-1	-1	-1	0
6482	6333	6329	9	-1	-1	-1	0
6483	6330	6331	9	-1	-1	-1	0
6432	6280	6433	3	-1	-1	-1	0
6433	6280	6434	3	-1	-1	-1	0
6381	6385	6384	9	-1	-1	-1	0
6334	6485	6332	9	-1	-1	-1	0
6331	6338	6484	9	-1	-1	-1	0
6334	6333	6486	9	-1	-1	-1	0
6288	6436	6435	9	-1	-1	-1	0
6336	6488	6335	9	-1	-1	-1	0
6335	6489	6337	9	-1	-1	-1	0
6346	6332	6485	9	-1	-1	-1	0
6290	6438	6436	9	-1	-1	-1	0
6437	6438	6290	9	-1	-1	-1	0
6336	6339	6490	9	-1	-1	-1	0
6337	6492	6338	9	-1	-1	-1	0
6441	6293	6439	9	-1	-1	-1	0
6440	6293	6441	9	-1	-1	-1	0
6339	6340	6495	9	-1	-1	-1	0
6442	6295	6440	9	-1	-1	-1	0
6495	6340	6343	9	-1	-1	-1	0
6295	6442	6443	9	-1	-1	-1	0
6375	6434	6374	3	-1	-1	-1	0
6296	6443	6444	9	-1	-1	-1	0
6449	6300	6435	9	-1	-1	-1	0
6434	6375	6376	3	-1	-1	-1	0
6299	6447	6439	9	-1	-1	-1	0
6496	6345	6346	9	-1	-1	-1	0
6348	6345	6496	9	-1	-1	-1	0
6299	6445	6446	9	-1	-1	-1	0
6299	6446	6447	9	-1	-1	-1	0
6349	6347	6497	9	-1	-1	-1	0
6445	6300	6448	9	-1	-1	-1	0
6348	6498	6347	9	-1	-1	-1	0
6448	6300	6449	9	-1	-1	-1	0
6450	6451	6301	9	-1	-1	-1	0
6500	6353	6349	9	-1	-1	-1	0
6450	6302	6453	9	-1	-1	-1	0
6503	6351	6352	9	-1	-1	-1	0
6355	6501	6350	9	-1	-1	-1	0
6354	6351	6502	9	-1	-1	-1	0
6452	6453	6302	9	-1	-1	-1	0
6303	6451	6454	9	-1	-1	-1	0
6398	6434	6376	3	-1	-1	-1	0
6503	6352	6353	9	-1	-1	-1	0
6501	6358	6350	9	-1	-1	-1	0
6437	6386	6387	9	-1	-1	-1	0
6355	6354	6505	9	-1	-1	-1	0
6455	6305	6456	9	-1	-1	-1	0
6358	6501	6357	9	-1	-1	-1	0
6457	6307	6455	9	-1	-1	-1	0
6308	6458	6456	9	-1	-1	-1	0
6309	6454	6460	9	-1	-1	-1	0
6360	6357	6508	9	-1	-1	-1	0
6459	6458	6308	9	-1	-1	-1	0
6312	6463	6452	9	-1	-1	-1	0
6309	6460	6459	9	-1	-1	-1	0
6360	6509	6361	9	-1	-1	-1	0
6462	6311	6457	9	-1	-1	-1	0
6461	6311	6462	9	-1	-1	-1	0
6472	6320	6444	9	-1	-1	-1	0
6364	6513	6363	9	-1	-1	-1	0
6465	6464	6313	9	-1	-1	-1	0
6364	6365	6514	3	-1	-1	-1	0
6314	6466	6465	9	-1	-1	-1	0
6367	6514	6365	3	-1	-1	-1	0
6515	6367	6366	3	-1	-1	-1	0
6467	6466	6316	9	-1	-1	-1	0
6516	6366	6368	3	-1	-1	-1	0
6469	6317	6464	9	-1	-1	-1	0
6318	6470	6463	9	-1	-1	-1	0
6380	6361	6511	9	-1	-1	-1	0
6363	6513	6377	9	-1	-1	-1	0
6317	6469	6468	9	-1	-1	-1	0
6368	6369	6517	4	-1	-1	-1	0
6470	6318	6468	9	-1	-1	-1	0
6518	6369	6370	9	-1	-1	-1	0
6467	6319	6471	9	-1	-1	-1	0
6371	6518	6370	9	-1	-1	-1	0
6372	6519	6371	9	-1	-1	-1	0
6325	6461	6476	9	-1	-1	-1	0
6320	6472	6471	9	-1	-1	-1	0
6398	6433	6434	3	-1	-1	-1	0
6521	6372	6373	9	-1	-1	-1	0
6378	6380	6511	9	-1	-1	-1	0
6474	6473	6323	9	-1	-1	-1	0
6423	6426	6422	3	-1	-1	-1	0
6521	6373	6377	9	-1	-1	-1	0
6475	6474	6324	9	-1	-1	-1	0
6475	6324	6476	9	-1	-1	-1	0
6379	6378	6522	9	-1	-1	-1	0
6477	6478	6327	9	-1	-1	-1	0
6328	6480	6477	9	-1	-1	-1	0
6479	6480	6328	9	-1	-1	-1	0
6385	6379	6524	9	-1	-1	-1	0
6329	6478	6481	9	-1	-1	-1	0
6383	6382	6526	9	-1	-1	-1	0
6525	6382	6384	9	-1	-1	-1	0
6329	6481	6482	9	-1	-1	-1	0
6330	6483	6479	9	-1	-1	-1	0
6527	6384	6385	9	-1	-1	-1	0
6331	6484	6483	9	-1	-1	-1	0
6486	6333	6482	9	-1	-1	-1	0
6395	6383	6526	9	-1	-1	-1	0
6529	6387	6388	9	-1	-1	-1	0
6485	6334	6487	9	-1	-1	-1	0
6487	6334	6486	9	-1	-1	-1	0
6388	6389	6531	9	-1	-1	-1	0
6390	6532	6389	9	-1	-1	-1	0
6488	6489	6335	9	-1	-1	-1	0
6390	6391	6533	9	-1	-1	-1	0
6336	6491	6488	9	-1	-1	-1	0
6338	6494	6484	9	-1	-1	-1	0
6393	6533	6391	9	-1	-1	-1	0
6336	6490	6491	9	-1	-1	-1	0
6489	6493	6337	9	-1	-1	-1	0
6534	6393	6392	9	-1	-1	-1	0
6534	6392	6394	9	-1	-1	-1	0
6492	6337	6493	9	-1	-1	-1	0
6338	6492	6494	9	-1	-1	-1	0
6490	6339	6495	9	-1	-1	-1	0
6441	6439	6447	9	-1	-1	-1	0
6394	6396	6537	9	-1	-1	-1	0
6485	6496	6346	9	-1	-1	-1	0
6539	6396	6395	9	-1	-1	-1	0
6397	6540	6398	9	-1	-1	-1	0
6397	6402	6540	9	-1	-1	-1	0
6399	6541	6400	9	-1	-1	-1	0
6498	6497	6347	9	-1	-1	-1	0
6400	6542	6401	9	-1	-1	-1	0
6496	6499	6348	9	-1	-1	-1	0
6404	6541	6399	9	-1	-1	-1	0
6348	6499	6498	9	-1	-1	-1	0
6497	6500	6349	9	-1	-1	-1	0
6402	6401	6544	9	-1	-1	-1	0
6437	6387	6529	9	-1	-1	-1	0
6503	6502	6351	9	-1	-1	-1	0
6353	6500	6504	9	-1	-1	-1	0
6405	6406	6548	3	-1	-1	-1	0
6353	6504	6503	9	-1	-1	-1	0
6502	6505	6354	9	-1	-1	-1	0
6406	6407	6549	3	-1	-1	-1	0
6501	6355	6507	9	-1	-1	-1	0
6407	6408	6549	3	-1	-1	-1	0
6541	6404	6419	9	-1	-1	-1	0
6454	6451	6460	9	-1	-1	-1	0
6505	6506	6355	9	-1	-1	-1	0
6508	6357	6501	9	-1	-1	-1	0
6416	6405	6547	3	-1	-1	-1	0
6550	6408	6409	0	-1	-1	-1	0
6355	6506	6507	9	-1	-1	-1	0
6409	6410	6551	0	-1	-1	-1	0
6433	6398	6540	3	-1	-1	-1	0
6410	6411	6551	0	-1	-1	-1	0
6412	6552	6411	0	-1	-1	-1	0
6360	6508	6509	9	-1	-1	-1	0
6414	6552	6412	0	-1	-1	-1	0
6414	6413	6553	8	-1	-1	-1	0
6512	6361	6509	9	-1	-1	-1	0
6413	6415	6554	3	-1	-1	-1	0
6361	6510	6511	9	-1	-1	-1	0
6361	6512	6510	9	-1	-1	-1	0
6416	6554	6415	3	-1	-1	-1	0
6418	6556	6417	9	-1	-1	-1	0
6364	6514	6513	9	-1	-1	-1	0
6419	6417	6557	9	-1	-1	-1	0
6418	6420	6558	2	-1	-1	-1	0
6514	6367	6515	3	-1	-1	-1	0
6515	6366	6516	3	-1	-1	-1	0
6517	6516	6368	3	-1	-1	-1	0
6517	6369	6518	9	-1	-1	-1	0
6529	6438	6437	9	-1	-1	-1	0
6371	6519	6518	9	-1	-1	-1	0
6429	6560	6420	2	-1	-1	-1	0
6561	6423	6427	3	-1	-1	-1	0
6520	6519	6372	9	-1	-1	-1	0
6521	6377	6513	9	-1	-1	-1	0
6562	6426	6423	3	-1	-1	-1	0
6511	6522	6378	9	-1	-1	-1	0
6424	6425	6564	3	-1	-1	-1	0
6521	6520	6372	9	-1	-1	-1	0
6426	6564	6425	3	-1	-1	-1	0
6564	6431	6424	3	-1	-1	-1	0
6561	6427	6432	3	-1	-1	-1	0
6429	6428	6565	2	-1	-1	-1	0
6430	6565	6428	2	-1	-1	-1	0
6522	6523	6379	9	-1	-1	-1	0
6523	6524	6379	9	-1	-1	-1	0
6431	6567	6430	3	-1	-1	-1	0
6526	6382	6525	9	-1	-1	-1	0
6570	6432	6433	3	-1	-1	-1	0
6525	6384	6527	9	-1	-1	-1	0
6524	6528	6385	9	-1	-1	-1	0
6528	6527	6385	9	-1	-1	-1	0
6435	6436	6571	9	-1	-1	-1	0
6436	6438	6573	9	-1	-1	-1	0
6388	6530	6529	9	-1	-1	-1	0
6531	6530	6388	9	-1	-1	-1	0
6531	6389	6532	9	-1	-1	-1	0
6574	6440	6441	9	-1	-1	-1	0
6533	6532	6390	9	-1	-1	-1	0
6571	6449	6435	9	-1	-1	-1	0
6574	6442	6440	9	-1	-1	-1	0
6526	6538	6395	9	-1	-1	-1	0
6393	6535	6533	9	-1	-1	-1	0
6577	6443	6442	9	-1	-1	-1	0
6575	6441	6447	9	-1	-1	-1	0
6393	6534	6536	9	-1	-1	-1	0
6535	6393	6536	9	-1	-1	-1	0
6443	6578	6444	9	-1	-1	-1	0
6534	6394	6537	9	-1	-1	-1	0
6580	6446	6445	9	-1	-1	-1	0
6537	6396	6539	9	-1	-1	-1	0
6395	6538	6539	9	-1	-1	-1	0
6448	6580	6445	9	-1	-1	-1	0
6447	6446	6581	9	-1	-1	-1	0
6448	6449	6583	9	-1	-1	-1	0
6542	6400	6541	9	-1	-1	-1	0
6543	6401	6542	9	-1	-1	-1	0
6585	6451	6450	9	-1	-1	-1	0
6540	6402	6545	9	-1	-1	-1	0
6401	6543	6544	9	-1	-1	-1	0
6450	6453	6586	9	-1	-1	-1	0
6546	6402	6544	9	-1	-1	-1	0
6588	6453	6452	9	-1	-1	-1	0
6545	6402	6546	9	-1	-1	-1	0
6444	6579	6472	9	-1	-1	-1	0
6587	6460	6451	9	-1	-1	-1	0
6548	6547	6405	3	-1	-1	-1	0
6548	6406	6549	3	-1	-1	-1	0
6588	6452	6463	9	-1	-1	-1	0
6455	6456	6593	9	-1	-1	-1	0
6592	6457	6455	9	-1	-1	-1	0
6550	6549	6408	3	-1	-1	-1	0
6458	6594	6456	9	-1	-1	-1	0
6409	6551	6550	0	-1	-1	-1	0
6457	6595	6462	9	-1	-1	-1	0
6411	6552	6551	0	-1	-1	-1	0
6458	6459	6597	9	-1	-1	-1	0
6547	6554	6416	3	-1	-1	-1	0
6460	6599	6459	9	-1	-1	-1	0
6541	6419	6559	9	-1	-1	-1	0
6553	6413	6554	3	-1	-1	-1	0
6555	6552	6414	0	-1	-1	-1	0
6555	6414	6553	0	-1	-1	-1	0
6601	6461	6462	9	-1	-1	-1	0
6417	6556	6557	9	-1	-1	-1	0
6418	6558	6556	9	-1	-1	-1	0
6465	6604	6464	9	-1	-1	-1	0
6419	6557	6559	9	-1	-1	-1	0
6470	6602	6463	9	-1	-1	-1	0
6464	6603	6469	9	-1	-1	-1	0
6600	6476	6461	9	-1	-1	-1	0
6466	6606	6465	9	-1	-1	-1	0
6558	6420	6560	2	-1	-1	-1	0
6466	6467	6606	9	-1	-1	-1	0
6529	6573	6438	9	-1	-1	-1	0
6433	6540	6570	3	-1	-1	-1	0
6607	6467	6471	9	-1	-1	-1	0
6468	6469	6609	9	-1	-1	-1	0
6423	6561	6563	3	-1	-1	-1	0
6610	6470	6468	9	-1	-1	-1	0
6562	6423	6563	3	-1	-1	-1	0
6600	6475	6476	9	-1	-1	-1	0
6564	6426	6562	3	-1	-1	-1	0
6566	6560	6429	2	-1	-1	-1	0
6471	6472	6614	9	-1	-1	-1	0
6565	6566	6429	2	-1	-1	-1	0
6567	6431	6564	3	-1	-1	-1	0
6561	6432	6569	3	-1	-1	-1	0
6430	6568	6565	3	-1	-1	-1	0
6430	6567	6568	3	-1	-1	-1	0
6477	6615	6478	9	-1	-1	-1	0
6570	6569	6432	3	-1	-1	-1	0
6480	6615	6477	9	-1	-1	-1	0
6478	6615	6481	9	-1	-1	-1	0
6480	6479	6617	9	-1	-1	-1	0
6616	6479	6483	9	-1	-1	-1	0
6572	6571	6436	9	-1	-1	-1	0
6573	6572	6436	9	-1	-1	-1	0
6481	6621	6482	9	-1	-1	-1	0
6486	6482	6622	9	-1	-1	-1	0
6483	6484	6623	9	-1	-1	-1	0
6576	6574	6441	9	-1	-1	-1	0
6441	6575	6576	9	-1	-1	-1	0
6442	6574	6577	9	-1	-1	-1	0
6487	6625	6485	9	-1	-1	-1	0
6578	6443	6577	9	-1	-1	-1	0
6626	6487	6486	9	-1	-1	-1	0
6623	6484	6494	9	-1	-1	-1	0
6578	6579	6444	9	-1	-1	-1	0
6581	6575	6447	9	-1	-1	-1	0
6584	6449	6571	9	-1	-1	-1	0
6485	6624	6496	9	-1	-1	-1	0
6488	6629	6489	9	-1	-1	-1	0
6581	6446	6580	9	-1	-1	-1	0
6491	6629	6488	9	-1	-1	-1	0
6582	6580	6448	9	-1	-1	-1	0
6493	6489	6629	9	-1	-1	-1	0
6583	6582	6448	9	-1	-1	-1	0
6584	6583	6449	9	-1	-1	-1	0
6496	6624	6499	9	-1	-1	-1	0
6586	6585	6450	9	-1	-1	-1	0
6585	6587	6451	9	-1	-1	-1	0
6497	6498	6631	9	-1	-1	-1	0
6497	6630	6500	9	-1	-1	-1	0
6499	6632	6498	9	-1	-1	-1	0
6590	6586	6453	9	-1	-1	-1	0
6589	6453	6588	9	-1	-1	-1	0
6530	6573	6529	9	-1	-1	-1	0
6589	6590	6453	9	-1	-1	-1	0
6500	6634	6504	9	-1	-1	-1	0
6591	6592	6455	9	-1	-1	-1	0
6593	6591	6455	9	-1	-1	-1	0
6503	6636	6502	9	-1	-1	-1	0
6541	6559	6542	9	-1	-1	-1	0
6456	6594	6593	9	-1	-1	-1	0
6505	6502	6636	9	-1	-1	-1	0
6501	6507	6635	9	-1	-1	-1	0
6508	6501	6635	9	-1	-1	-1	0
6592	6595	6457	9	-1	-1	-1	0
6503	6504	6637	9	-1	-1	-1	0
6460	6587	6599	9	-1	-1	-1	0
6549	6550	6548	3	-1	-1	-1	0
6594	6458	6596	9	-1	-1	-1	0
6505	6640	6506	9	-1	-1	-1	0
6458	6597	6596	9	-1	-1	-1	0
6463	6602	6588	9	-1	-1	-1	0
6507	6506	6641	9	-1	-1	-1	0
6459	6598	6597	9	-1	-1	-1	0
6540	6545	6570	3	-1	-1	-1	0
6598	6459	6599	9	-1	-1	-1	0
6601	6462	6595	9	-1	-1	-1	0
6509	6508	6644	9	-1	-1	-1	0
6461	6601	6600	9	-1	-1	-1	0
6472	6579	6614	9	-1	-1	-1	0
6509	6645	6512	9	-1	-1	-1	0
6647	6511	6510	9	-1	-1	-1	0
6646	6510	6512	9	-1	-1	-1	0
6603	6464	6604	9	-1	-1	-1	0
6605	6604	6465	9	-1	-1	-1	0
6606	6605	6465	9	-1	-1	-1	0
6514	6650	6513	9	-1	-1	-1	0
6515	6650	6514	9	-1	-1	-1	0
6647	6522	6511	9	-1	-1	-1	0
6467	6608	6606	9	-1	-1	-1	0
6467	6607	6608	9	-1	-1	-1	0
6651	6515	6516	9	-1	-1	-1	0
6603	6612	6469	9	-1	-1	-1	0
6521	6513	6650	9	-1	-1	-1	0
6470	6613	6602	9	-1	-1	-1	0
6517	6652	6516	9	-1	-1	-1	0
6517	6518	6652	9	-1	-1	-1	0
6468	6609	6610	9	-1	-1	-1	0
6469	6611	6609	9	-1	-1	-1	0
6519	6652	6518	9	-1	-1	-1	0
6519	6520	6651	9	-1	-1	-1	0
6520	6521	6650	9	-1	-1	-1	0
6611	6469	6612	9	-1	-1	-1	0
6607	6471	6614	9	-1	-1	-1	0
6569	6563	6561	3	-1	-1	-1	0
6613	6470	6610	9	-1	-1	-1	0
6567	6564	6562	3	-1	-1	-1	0
6522	6653	6523	9	-1	-1	-1	0
6524	6523	6654	9	-1	-1	-1	0
6525	6656	6526	9	-1	-1	-1	0
6524	6655	6528	9	-1	-1	-1	0
6527	6656	6525	9	-1	-1	-1	0
6616	6617	6479	9	-1	-1	-1	0
6528	6658	6527	9	-1	-1	-1	0
6480	6617	6618	9	-1	-1	-1	0
6615	6480	6619	9	-1	-1	-1	0
6481	6615	6620	9	-1	-1	-1	0
6618	6619	6480	9	-1	-1	-1	0
6538	6526	6656	9	-1	-1	-1	0
6481	6620	6621	9	-1	-1	-1	0
6483	6623	6616	9	-1	-1	-1	0
6661	6530	6531	9	-1	-1	-1	0
6532	6662	6531	9	-1	-1	-1	0
6621	6622	6482	9	-1	-1	-1	0
6571	6572	6584	9	-1	-1	-1	0
6532	6533	6663	9	-1	-1	-1	0
6535	6665	6533	9	-1	-1	-1	0
6624	6485	6625	9	-1	-1	-1	0
6486	6622	6626	9	-1	-1	-1	0
6666	6536	6534	9	-1	-1	-1	0
6534	6537	6666	9	-1	-1	-1	0
6667	6535	6536	9	-1	-1	-1	0
6625	6487	6627	9	-1	-1	-1	0
6628	6487	6626	9	-1	-1	-1	0
6487	6628	6627	9	-1	-1	-1	0
6537	6539	6669	9	-1	-1	-1	0
6538	6670	6539	9	-1	-1	-1	0
6633	6499	6624	9	-1	-1	-1	0
6673	6543	6542	9	-1	-1	-1	0
6497	6631	6630	9	-1	-1	-1	0
6632	6631	6498	9	-1	-1	-1	0
6675	6544	6543	9	-1	-1	-1	0
6573	6530	6660	9	-1	-1	-1	0
6634	6500	6630	9	-1	-1	-1	0
6632	6499	6633	9	-1	-1	-1	0
6546	6544	6676	9	-1	-1	-1	0
6545	6546	6677	3	-1	-1	-1	0
6559	6673	6542	9	-1	-1	-1	0
6680	6547	6548	3	-1	-1	-1	0
6503	6637	6636	9	-1	-1	-1	0
6504	6634	6638	9	-1	-1	-1	0
6638	6637	6504	9	-1	-1	-1	0
6681	6548	6550	3	-1	-1	-1	0
6639	6505	6636	9	-1	-1	-1	0
6554	6547	6679	3	-1	-1	-1	0
6551	6681	6550	0	-1	-1	-1	0
6639	6640	6505	9	-1	-1	-1	0
6552	6681	6551	0	-1	-1	-1	0
6507	6643	6635	9	-1	-1	-1	0
6553	6554	6679	3	-1	-1	-1	0
6555	6553	6679	3	-1	-1	-1	0
6644	6508	6635	9	-1	-1	-1	0
6640	6642	6506	9	-1	-1	-1	0
6552	6555	6681	0	-1	-1	-1	0
6673	6559	6557	9	-1	-1	-1	0
6641	6506	6642	9	-1	-1	-1	0
6507	6641	6643	9	-1	-1	-1	0
6570	6545	6677	3	-1	-1	-1	0
6558	6682	6556	9	-1	-1	-1	0
6683	6557	6556	9	-1	-1	-1	0
6509	6644	6645	9	-1	-1	-1	0
6560	6684	6558	2	-1	-1	-1	0
6510	6646	6647	9	-1	-1	-1	0
6512	6648	6646	9	-1	-1	-1	0
6512	6645	6649	9	-1	-1	-1	0
6649	6648	6512	9	-1	-1	-1	0
6685	6560	6566	2	-1	-1	-1	0
6686	6562	6563	3	-1	-1	-1	0
6686	6567	6562	3	-1	-1	-1	0
6515	6651	6650	9	-1	-1	-1	0
6516	6652	6651	9	-1	-1	-1	0
6569	6687	6563	3	-1	-1	-1	0
6688	6566	6565	3	-1	-1	-1	0
6688	6565	6568	3	-1	-1	-1	0
6651	6520	6650	9	-1	-1	-1	0
6567	6686	6568	3	-1	-1	-1	0
6652	6519	6651	9	-1	-1	-1	0
6522	6647	6653	9	-1	-1	-1	0
6569	6570	6687	3	-1	-1	-1	0
6654	6523	6653	9	-1	-1	-1	0
6524	6654	6655	9	-1	-1	-1	0
6572	6573	6691	9	-1	-1	-1	0
6656	6527	6657	9	-1	-1	-1	0
6655	6659	6528	9	-1	-1	-1	0
6658	6657	6527	9	-1	-1	-1	0
6576	6693	6574	9	-1	-1	-1	0
6693	6577	6574	9	-1	-1	-1	0
6694	6576	6575	9	-1	-1	-1	0
6658	6528	6659	9	-1	-1	-1	0
6584	6572	6692	9	-1	-1	-1	0
6660	6530	6661	9	-1	-1	-1	0
6581	6695	6575	9	-1	-1	-1	0
6578	6577	6697	9	-1	-1	-1	0
6662	6661	6531	9	-1	-1	-1	0
6699	6579	6578	9	-1	-1	-1	0
6662	6532	6664	9	-1	-1	-1	0
6532	6663	6664	9	-1	-1	-1	0
6533	6665	6663	9	-1	-1	-1	0
6581	6580	6701	9	-1	-1	-1	0
6582	6701	6580	9	-1	-1	-1	0
6538	6656	6670	9	-1	-1	-1	0
6665	6535	6667	9	-1	-1	-1	0
6583	6703	6582	9	-1	-1	-1	0
6666	6668	6536	9	-1	-1	-1	0
6667	6536	6668	9	-1	-1	-1	0
6583	6584	6705	9	-1	-1	-1	0
6666	6537	6669	9	-1	-1	-1	0
6585	6586	6706	9	-1	-1	-1	0
6587	6585	6706	9	-1	-1	-1	0
6539	6671	6669	9	-1	-1	-1	0
6539	6670	6672	9	-1	-1	-1	0
6706	6586	6590	9	-1	-1	-1	0
6672	6671	6539	9	-1	-1	-1	0
6633	6624	6625	9	-1	-1	-1	0
6588	6710	6589	9	-1	-1	-1	0
6674	6543	6673	9	-1	-1	-1	0
6589	6712	6590	9	-1	-1	-1	0
6543	6674	6675	9	-1	-1	-1	0
6579	6700	6614	9	-1	-1	-1	0
6587	6708	6599	9	-1	-1	-1	0
6675	6676	6544	9	-1	-1	-1	0
6591	6593	6715	9	-1	-1	-1	0
6678	6546	6676	3	-1	-1	-1	0
6710	6588	6602	9	-1	-1	-1	0
6678	6677	6546	3	-1	-1	-1	0
6715	6593	6594	9	-1	-1	-1	0
6594	6596	6715	9	-1	-1	-1	0
6708	6598	6599	9	-1	-1	-1	0
6679	6547	6680	3	-1	-1	-1	0
6681	6680	6548	3	-1	-1	-1	0
6683	6673	6557	9	-1	-1	-1	0
6679	6680	6555	3	-1	-1	-1	0
6680	6681	6555	3	-1	-1	-1	0
6683	6556	6682	9	-1	-1	-1	0
6644	6635	6643	9	-1	-1	-1	0
6691	6573	6660	9	-1	-1	-1	0
6684	6682	6558	9	-1	-1	-1	0
6604	6717	6603	9	-1	-1	-1	0
6717	6604	6605	9	-1	-1	-1	0
6560	6685	6684	2	-1	-1	-1	0
6719	6605	6606	9	-1	-1	-1	0
6613	6716	6602	9	-1	-1	-1	0
6612	6603	6717	9	-1	-1	-1	0
6719	6606	6608	9	-1	-1	-1	0
6570	6677	6687	3	-1	-1	-1	0
6720	6608	6607	9	-1	-1	-1	0
6687	6686	6563	3	-1	-1	-1	0
6685	6566	6689	3	-1	-1	-1	0
6614	6720	6607	9	-1	-1	-1	0
6609	6722	6610	9	-1	-1	-1	0
6647	6646	6648	9	-1	-1	-1	0
6609	6611	6722	9	-1	-1	-1	0
6566	6688	6689	3	-1	-1	-1	0
6686	6690	6568	3	-1	-1	-1	0
6568	6690	6688	3	-1	-1	-1	0
6613	6610	6724	9	-1	-1	-1	0
6611	6612	6727	9	-1	-1	-1	0
6572	6691	6692	9	-1	-1	-1	0
6694	6575	6695	9	-1	-1	-1	0
6615	6619	6731	9	-1	-1	-1	0
6576	6696	6693	9	-1	-1	-1	0
6731	6620	6615	9	-1	-1	-1	0
6694	6696	6576	9	-1	-1	-1	0
6697	6577	6693	9	-1	-1	-1	0
6619	6618	6732	9	-1	-1	-1	0
6578	6697	6698	9	-1	-1	-1	0
6620	6734	6621	9	-1	-1	-1	0
6699	6578	6698	9	-1	-1	-1	0
6579	6699	6700	9	-1	-1	-1	0
6702	6695	6581	9	-1	-1	-1	0
6622	6621	6736	9	-1	-1	-1	0
6692	6705	6584	9	-1	-1	-1	0
6657	6670	6656	9	-1	-1	-1	0
6581	6701	6702	9	-1	-1	-1	0
6626	6622	6737	9	-1	-1	-1	0
6704	6701	6582	9	-1	-1	-1	0
6704	6582	6703	9	-1	-1	-1	0
6625	6627	6739	9	-1	-1	-1	0
6705	6703	6583	9	-1	-1	-1	0
6626	6740	6628	9	-1	-1	-1	0
6628	6741	6627	9	-1	-1	-1	0
6738	6633	6625	9	-1	-1	-1	0
6587	6707	6708	9	-1	-1	-1	0
6709	6587	6706	9	-1	-1	-1	0
6707	6587	6709	9	-1	-1	-1	0
6746	6630	6631	9	-1	-1	-1	0
6634	6630	6745	9	-1	-1	-1	0
6706	6590	6714	9	-1	-1	-1	0
6632	6747	6631	9	-1	-1	-1	0
6710	6711	6589	9	-1	-1	-1	0
6711	6712	6589	9	-1	-1	-1	0
6748	6632	6633	9	-1	-1	-1	0
6590	6712	6713	9	-1	-1	-1	0
6713	6714	6590	9	-1	-1	-1	0
6750	6638	6634	9	-1	-1	-1	0
6751	6636	6637	9	-1	-1	-1	0
6636	6751	6639	9	-1	-1	-1	0
6751	6637	6638	9	-1	-1	-1	0
6602	6716	6710	9	-1	-1	-1	0
6640	6639	6755	9	-1	-1	-1	0
6720	6614	6700	9	-1	-1	-1	0
6642	6640	6756	9	-1	-1	-1	0
6718	6717	6605	9	-1	-1	-1	0
6758	6641	6642	9	-1	-1	-1	0
6719	6718	6605	9	-1	-1	-1	0
6678	6687	6677	3	-1	-1	-1	0
6758	6643	6641	9	-1	-1	-1	0
6758	6644	6643	9	-1	-1	-1	0
6721	6719	6608	9	-1	-1	-1	0
6608	6720	6721	9	-1	-1	-1	0
6761	6645	6644	9	-1	-1	-1	0
6649	6645	6761	9	-1	-1	-1	0
6687	6678	6690	3	-1	-1	-1	0
6722	6723	6610	9	-1	-1	-1	0
6610	6723	6724	9	-1	-1	-1	0
6762	6647	6648	9	-1	-1	-1	0
6612	6717	6729	9	-1	-1	-1	0
6611	6726	6722	9	-1	-1	-1	0
6730	6716	6613	9	-1	-1	-1	0
6649	6763	6648	9	-1	-1	-1	0
6611	6725	6726	9	-1	-1	-1	0
6762	6653	6647	9	-1	-1	-1	0
6687	6690	6686	3	-1	-1	-1	0
6725	6611	6727	9	-1	-1	-1	0
6727	6612	6728	9	-1	-1	-1	0
6730	6613	6724	9	-1	-1	-1	0
6728	6612	6729	9	-1	-1	-1	0
6766	6654	6653	9	-1	-1	-1	0
6654	6767	6655	9	-1	-1	-1	0
6767	6659	6655	9	-1	-1	-1	0
6732	6731	6619	9	-1	-1	-1	0
6657	6658	6769	9	-1	-1	-1	0
6733	6620	6731	9	-1	-1	-1	0
6659	6770	6658	9	-1	-1	-1	0
6620	6733	6734	9	-1	-1	-1	0
6734	6735	6621	9	-1	-1	-1	0
6736	6621	6735	9	-1	-1	-1	0
6661	6773	6660	9	-1	-1	-1	0
6768	6670	6657	9	-1	-1	-1	0
6737	6622	6736	9	-1	-1	-1	0
6774	6661	6662	9	-1	-1	-1	0
6664	6663	6775	9	-1	-1	-1	0
6774	6662	6664	9	-1	-1	-1	0
6738	6625	6739	9	-1	-1	-1	0
6626	6737	6740	9	-1	-1	-1	0
6663	6665	6775	9	-1	-1	-1	0
6742	6739	6627	9	-1	-1	-1	0
6672	6670	6768	9	-1	-1	-1	0
6742	6627	6741	9	-1	-1	-1	0
6628	6740	6743	9	-1	-1	-1	0
6779	6665	6667	9	-1	-1	-1	0
6628	6744	6741	9	-1	-1	-1	0
6667	6668	6779	9	-1	-1	-1	0
6668	6666	6780	9	-1	-1	-1	0
6628	6743	6744	9	-1	-1	-1	0
6666	6669	6781	9	-1	-1	-1	0
6749	6633	6738	9	-1	-1	-1	0
6669	6671	6781	9	-1	-1	-1	0
6630	6746	6745	9	-1	-1	-1	0
6691	6660	6773	9	-1	-1	-1	0
6631	6747	6746	9	-1	-1	-1	0
6672	6784	6671	9	-1	-1	-1	0
6747	6632	6748	9	-1	-1	-1	0
6750	6634	6745	9	-1	-1	-1	0
6714	6709	6706	9	-1	-1	-1	0
6749	6748	6633	9	-1	-1	-1	0
6673	6786	6674	9	-1	-1	-1	0
6675	6674	6787	9	-1	-1	-1	0
6675	6788	6676	9	-1	-1	-1	0
6750	6753	6638	9	-1	-1	-1	0
6751	6638	6752	9	-1	-1	-1	0
6683	6786	6673	9	-1	-1	-1	0
6752	6638	6753	9	-1	-1	-1	0
6678	6676	6789	3	-1	-1	-1	0
6754	6639	6751	9	-1	-1	-1	0
6754	6755	6639	9	-1	-1	-1	0
6755	6757	6640	9	-1	-1	-1	0
6640	6757	6756	9	-1	-1	-1	0
6790	6683	6682	9	-1	-1	-1	0
6790	6682	6684	9	-1	-1	-1	0
6678	6789	6690	3	-1	-1	-1	0
6760	6642	6756	9	-1	-1	-1	0
6642	6759	6758	9	-1	-1	-1	0
6791	6684	6685	2	-1	-1	-1	0
6759	6642	6760	9	-1	-1	-1	0
6644	6758	6761	9	-1	-1	-1	0
6718	6729	6717	9	-1	-1	-1	0
6689	6792	6685	3	-1	-1	-1	0
6689	6688	6789	3	-1	-1	-1	0
6688	6690	6789	3	-1	-1	-1	0
6726	6723	6722	9	-1	-1	-1	0
6763	6762	6648	9	-1	-1	-1	0
6761	6765	6649	9	-1	-1	-1	0
6691	6793	6692	9	-1	-1	-1	0
6649	6764	6763	9	-1	-1	-1	0
6764	6649	6765	9	-1	-1	-1	0
6762	6766	6653	9	-1	-1	-1	0
6795	6693	6696	9	-1	-1	-1	0
6693	6795	6697	9	-1	-1	-1	0
6796	6694	6695	9	-1	-1	-1	0
6694	6796	6696	9	-1	-1	-1	0
6767	6654	6766	9	-1	-1	-1	0
6705	6692	6794	9	-1	-1	-1	0
6657	6769	6768	9	-1	-1	-1	0
6695	6702	6797	9	-1	-1	-1	0
6731	6732	6733	9	-1	-1	-1	0
6802	6698	6697	9	-1	-1	-1	0
6771	6769	6658	9	-1	-1	-1	0
6772	6659	6767	9	-1	-1	-1	0
6698	6802	6699	9	-1	-1	-1	0
6770	6771	6658	9	-1	-1	-1	0
6659	6772	6770	9	-1	-1	-1	0
6803	6700	6699	9	-1	-1	-1	0
6804	6702	6701	9	-1	-1	-1	0
6774	6773	6661	9	-1	-1	-1	0
6704	6804	6701	9	-1	-1	-1	0
6805	6704	6703	9	-1	-1	-1	0
6705	6805	6703	9	-1	-1	-1	0
6774	6664	6776	9	-1	-1	-1	0
6776	6664	6775	9	-1	-1	-1	0
6777	6775	6665	9	-1	-1	-1	0
6777	6665	6778	9	-1	-1	-1	0
6778	6665	6779	9	-1	-1	-1	0
6700	6803	6720	9	-1	-1	-1	0
6672	6768	6785	9	-1	-1	-1	0
6709	6809	6707	9	-1	-1	-1	0
6780	6666	6781	9	-1	-1	-1	0
6783	6779	6668	9	-1	-1	-1	0
6668	6780	6782	9	-1	-1	-1	0
6810	6711	6710	9	-1	-1	-1	0
6709	6714	6809	9	-1	-1	-1	0
6668	6782	6783	9	-1	-1	-1	0
6810	6710	6716	9	-1	-1	-1	0
6671	6784	6781	9	-1	-1	-1	0
6714	6713	6809	9	-1	-1	-1	0
6785	6784	6672	9	-1	-1	-1	0
6787	6674	6786	9	-1	-1	-1	0
6812	6718	6719	9	-1	-1	-1	0
6675	6787	6788	9	-1	-1	-1	0
6813	6719	6721	9	-1	-1	-1	0
6789	6676	6788	3	-1	-1	-1	0
6721	6720	6815	9	-1	-1	-1	0
6716	6730	6810	9	-1	-1	-1	0
6754	6751	6752	9	-1	-1	-1	0
6773	6793	6691	9	-1	-1	-1	0
6718	6811	6729	9	-1	-1	-1	0
6790	6786	6683	9	-1	-1	-1	0
6753	6754	6752	9	-1	-1	-1	0
6684	6791	6790	9	-1	-1	-1	0
6788	6689	6789	3	-1	-1	-1	0
6685	6792	6791	3	-1	-1	-1	0
6788	6792	6689	3	-1	-1	-1	0
6817	6725	6727	9	-1	-1	-1	0
6728	6817	6727	9	-1	-1	-1	0
6757	6760	6756	9	-1	-1	-1	0
6818	6728	6729	9	-1	-1	-1	0
6692	6793	6794	9	-1	-1	-1	0
6765	6758	6759	9	-1	-1	-1	0
6761	6758	6765	9	-1	-1	-1	0
6796	6795	6696	9	-1	-1	-1	0
6797	6798	6695	9	-1	-1	-1	0
6796	6695	6799	9	-1	-1	-1	0
6736	6735	6820	9	-1	-1	-1	0
6798	6799	6695	9	-1	-1	-1	0
6737	6736	6820	9	-1	-1	-1	0
6801	6697	6795	9	-1	-1	-1	0
6821	6740	6737	9	-1	-1	-1	0
6800	6697	6801	9	-1	-1	-1	0
6697	6800	6802	9	-1	-1	-1	0
6823	6738	6739	9	-1	-1	-1	0
6804	6797	6702	9	-1	-1	-1	0
6740	6821	6743	9	-1	-1	-1	0
6802	6803	6699	9	-1	-1	-1	0
6739	6742	6824	9	-1	-1	-1	0
6794	6808	6705	9	-1	-1	-1	0
6825	6742	6741	9	-1	-1	-1	0
6822	6749	6738	9	-1	-1	-1	0
6744	6825	6741	9	-1	-1	-1	0
6804	6704	6806	9	-1	-1	-1	0
6805	6807	6704	9	-1	-1	-1	0
6806	6704	6807	9	-1	-1	-1	0
6808	6805	6705	9	-1	-1	-1	0
6746	6827	6745	9	-1	-1	-1	0
6828	6746	6747	9	-1	-1	-1	0
6785	6768	6769	9	-1	-1	-1	0
6750	6745	6827	9	-1	-1	-1	0
6748	6829	6747	9	-1	-1	-1	0
6831	6748	6749	9	-1	-1	-1	0
6776	6775	6777	9	-1	-1	-1	0
6750	6832	6753	9	-1	-1	-1	0
6814	6720	6803	9	-1	-1	-1	0
6718	6812	6811	9	-1	-1	-1	0
6754	6753	6835	9	-1	-1	-1	0
6719	6813	6812	9	-1	-1	-1	0
6835	6755	6754	9	-1	-1	-1	0
6814	6815	6720	9	-1	-1	-1	0
6755	6837	6757	9	-1	-1	-1	0
6813	6721	6816	9	-1	-1	-1	0
6816	6721	6815	9	-1	-1	-1	0
6760	6757	6839	9	-1	-1	-1	0
6819	6729	6811	9	-1	-1	-1	0
6760	6841	6759	9	-1	-1	-1	0
6728	6818	6817	9	-1	-1	-1	0
6765	6759	6842	9	-1	-1	-1	0
6729	6819	6818	9	-1	-1	-1	0
6787	6792	6788	9	-1	-1	-1	0
6843	6762	6763	9	-1	-1	-1	0
6763	6764	6845	9	-1	-1	-1	0
6844	6766	6762	9	-1	-1	-1	0
6846	6764	6765	9	-1	-1	-1	0
6737	6820	6821	9	-1	-1	-1	0
6766	6848	6767	9	-1	-1	-1	0
6822	6738	6823	9	-1	-1	-1	0
6739	6824	6823	9	-1	-1	-1	0
6772	6767	6848	9	-1	-1	-1	0
6771	6849	6769	9	-1	-1	-1	0
6771	6770	6850	9	-1	-1	-1	0
6826	6824	6742	9	-1	-1	-1	0
6772	6850	6770	9	-1	-1	-1	0
6742	6825	6826	9	-1	-1	-1	0
6746	6828	6827	9	-1	-1	-1	0
6854	6773	6774	9	-1	-1	-1	0
6749	6822	6831	9	-1	-1	-1	0
6849	6785	6769	9	-1	-1	-1	0
6854	6774	6776	9	-1	-1	-1	0
6747	6830	6828	9	-1	-1	-1	0
6829	6830	6747	9	-1	-1	-1	0
6829	6748	6831	9	-1	-1	-1	0
6776	6777	6856	9	-1	-1	-1	0
6750	6827	6833	9	-1	-1	-1	0
6857	6777	6778	9	-1	-1	-1	0
6779	6858	6778	9	-1	-1	-1	0
6834	6832	6750	9	-1	-1	-1	0
6750	6833	6834	9	-1	-1	-1	0
6783	6858	6779	9	-1	-1	-1	0
6854	6793	6773	9	-1	-1	-1	0
6832	6836	6753	9	-1	-1	-1	0
6780	6781	6860	9	-1	-1	-1	0
6782	6780	6861	9	-1	-1	-1	0
6753	6836	6835	9	-1	-1	-1	0
6781	6784	6860	9	-1	-1	-1	0
6782	6862	6783	9	-1	-1	-1	0
6755	6835	6838	9	-1	-1	-1	0
6755	6838	6837	9	-1	-1	-1	0
6837	6840	6757	9	-1	-1	-1	0
6785	6866	6784	9	-1	-1	-1	0
6757	6840	6839	9	-1	-1	-1	0
6841	6760	6839	9	-1	-1	-1	0
6794	6793	6854	9	-1	-1	-1	0
6786	6868	6787	9	-1	-1	-1	0
6842	6759	6841	9	-1	-1	-1	0
6786	6790	6868	9	-1	-1	-1	0
6792	6787	6868	9	-1	-1	-1	0
6791	6868	6790	9	-1	-1	-1	0
6762	6843	6844	9	-1	-1	-1	0
6868	6791	6792	9	-1	-1	-1	0
6843	6763	6845	9	-1	-1	-1	0
6765	6842	6846	9	-1	-1	-1	0
6847	6845	6764	9	-1	-1	-1	0
6764	6846	6847	9	-1	-1	-1	0
6848	6766	6844	9	-1	-1	-1	0
6795	6796	6871	9	-1	-1	-1	0
6795	6871	6801	9	-1	-1	-1	0
6799	6872	6796	9	-1	-1	-1	0
6873	6798	6797	9	-1	-1	-1	0
6874	6799	6798	9	-1	-1	-1	0
6771	6851	6849	9	-1	-1	-1	0
6808	6794	6870	9	-1	-1	-1	0
6772	6848	6852	9	-1	-1	-1	0
6771	6850	6851	9	-1	-1	-1	0
6804	6873	6797	9	-1	-1	-1	0
6853	6850	6772	9	-1	-1	-1	0
6852	6853	6772	9	-1	-1	-1	0
6879	6802	6800	9	-1	-1	-1	0
6801	6880	6800	9	-1	-1	-1	0
6804	6806	6873	9	-1	-1	-1	0
6854	6776	6855	9	-1	-1	-1	0
6882	6803	6802	9	-1	-1	-1	0
6856	6855	6776	9	-1	-1	-1	0
6827	6828	6833	9	-1	-1	-1	0
6856	6777	6857	9	-1	-1	-1	0
6857	6778	6859	9	-1	-1	-1	0
6858	6859	6778	9	-1	-1	-1	0
6805	6885	6807	9	-1	-1	-1	0
6808	6886	6805	9	-1	-1	-1	0
6807	6887	6806	9	-1	-1	-1	0
6803	6884	6814	9	-1	-1	-1	0
6867	6785	6849	9	-1	-1	-1	0
6860	6861	6780	9	-1	-1	-1	0
6834	6836	6832	9	-1	-1	-1	0
6864	6858	6783	9	-1	-1	-1	0
6782	6861	6863	9	-1	-1	-1	0
6862	6782	6863	9	-1	-1	-1	0
6783	6862	6864	9	-1	-1	-1	0
6784	6865	6860	9	-1	-1	-1	0
6812	6889	6811	9	-1	-1	-1	0
6866	6865	6784	9	-1	-1	-1	0
6891	6812	6813	9	-1	-1	-1	0
6854	6869	6794	9	-1	-1	-1	0
6867	6866	6785	9	-1	-1	-1	0
6819	6811	6889	9	-1	-1	-1	0
6816	6892	6813	9	-1	-1	-1	0
6814	6893	6815	9	-1	-1	-1	0
6815	6895	6816	9	-1	-1	-1	0
6869	6870	6794	9	-1	-1	-1	0
6872	6871	6796	9	-1	-1	-1	0
6898	6822	6823	9	-1	-1	-1	0
6844	6852	6848	9	-1	-1	-1	0
6875	6798	6873	9	-1	-1	-1	0
6872	6799	6876	9	-1	-1	-1	0
6823	6824	6900	9	-1	-1	-1	0
6875	6874	6798	9	-1	-1	-1	0
6900	6824	6826	9	-1	-1	-1	0
6874	6877	6799	9	-1	-1	-1	0
6899	6831	6822	9	-1	-1	-1	0
6877	6876	6799	9	-1	-1	-1	0
6871	6881	6801	9	-1	-1	-1	0
6850	6853	6851	9	-1	-1	-1	0
6875	6873	6806	9	-1	-1	-1	0
6878	6879	6800	9	-1	-1	-1	0
6878	6800	6880	9	-1	-1	-1	0
6828	6830	6903	9	-1	-1	-1	0
6881	6880	6801	9	-1	-1	-1	0
6904	6830	6829	9	-1	-1	-1	0
6902	6833	6828	9	-1	-1	-1	0
6831	6904	6829	9	-1	-1	-1	0
6802	6879	6883	9	-1	-1	-1	0
6808	6870	6886	9	-1	-1	-1	0
6802	6883	6882	9	-1	-1	-1	0
6875	6806	6887	9	-1	-1	-1	0
6803	6882	6884	9	-1	-1	-1	0
6834	6833	6906	9	-1	-1	-1	0
6885	6805	6886	9	-1	-1	-1	0
6855	6869	6854	9	-1	-1	-1	0
6909	6836	6834	9	-1	-1	-1	0
6807	6885	6888	9	-1	-1	-1	0
6836	6910	6835	9	-1	-1	-1	0
6864	6859	6858	9	-1	-1	-1	0
6888	6887	6807	9	-1	-1	-1	0
6910	6838	6835	9	-1	-1	-1	0
6838	6913	6837	9	-1	-1	-1	0
6913	6840	6837	9	-1	-1	-1	0
6812	6890	6889	9	-1	-1	-1	0
6814	6884	6894	9	-1	-1	-1	0
6890	6812	6891	9	-1	-1	-1	0
6915	6839	6840	9	-1	-1	-1	0
6915	6841	6839	9	-1	-1	-1	0
6813	6892	6891	9	-1	-1	-1	0
6842	6841	6915	9	-1	-1	-1	0
6815	6893	6896	9	-1	-1	-1	0
6814	6894	6893	9	-1	-1	-1	0
6816	6897	6892	9	-1	-1	-1	0
6896	6895	6815	9	-1	-1	-1	0
6918	6846	6842	9	-1	-1	-1	0
6845	6919	6843	9	-1	-1	-1	0
6920	6844	6843	9	-1	-1	-1	0
6816	6895	6897	9	-1	-1	-1	0
6918	6847	6846	9	-1	-1	-1	0
6922	6845	6847	9	-1	-1	-1	0
6844	6920	6852	9	-1	-1	-1	0
6822	6898	6899	9	-1	-1	-1	0
6901	6898	6823	9	-1	-1	-1	0
6900	6901	6823	9	-1	-1	-1	0
6851	6925	6849	9	-1	-1	-1	0
6851	6853	6926	9	-1	-1	-1	0
6853	6852	6927	9	-1	-1	-1	0
6903	6902	6828	9	-1	-1	-1	0
6831	6899	6904	9	-1	-1	-1	0
6830	6905	6903	9	-1	-1	-1	0
6830	6904	6905	9	-1	-1	-1	0
6849	6925	6867	9	-1	-1	-1	0
6855	6856	6930	9	-1	-1	-1	0
6902	6907	6833	9	-1	-1	-1	0
6856	6857	6932	9	-1	-1	-1	0
6833	6907	6906	9	-1	-1	-1	0
6834	6906	6908	9	-1	-1	-1	0
6932	6857	6859	9	-1	-1	-1	0
6834	6908	6909	9	-1	-1	-1	0
6869	6855	6931	9	-1	-1	-1	0
6909	6912	6836	9	-1	-1	-1	0
6836	6911	6910	9	-1	-1	-1	0
6936	6861	6860	9	-1	-1	-1	0
6935	6859	6864	9	-1	-1	-1	0
6912	6911	6836	9	-1	-1	-1	0
6937	6863	6861	9	-1	-1	-1	0
6860	6865	6936	9	-1	-1	-1	0
6910	6914	6838	9	-1	-1	-1	0
6938	6862	6863	9	-1	-1	-1	0
6864	6862	6938	9	-1	-1	-1	0
6913	6838	6914	9	-1	-1	-1	0
6913	6916	6840	9	-1	-1	-1	0
6869	6931	6870	9	-1	-1	-1	0
6916	6915	6840	9	-1	-1	-1	0
6942	6865	6866	9	-1	-1	-1	0
6842	6915	6917	9	-1	-1	-1	0
6867	6943	6866	9	-1	-1	-1	0
6842	6917	6918	9	-1	-1	-1	0
6919	6920	6843	9	-1	-1	-1	0
6919	6845	6923	9	-1	-1	-1	0
6845	6922	6921	9	-1	-1	-1	0
6924	6847	6918	9	-1	-1	-1	0
6921	6923	6845	9	-1	-1	-1	0
6872	6946	6871	9	-1	-1	-1	0
6924	6922	6847	9	-1	-1	-1	0
6948	6872	6876	9	-1	-1	-1	0
6874	6875	6949	9	-1	-1	-1	0
6920	6927	6852	9	-1	-1	-1	0
6947	6881	6871	9	-1	-1	-1	0
6877	6874	6950	9	-1	-1	-1	0
6870	6945	6886	9	-1	-1	-1	0
6851	6926	6925	9	-1	-1	-1	0
6876	6877	6952	9	-1	-1	-1	0
6853	6927	6928	9	-1	-1	-1	0
6853	6929	6926	9	-1	-1	-1	0
6928	6929	6853	9	-1	-1	-1	0
6887	6951	6875	9	-1	-1	-1	0
6878	6956	6879	9	-1	-1	-1	0
6878	6880	6955	9	-1	-1	-1	0
6855	6930	6931	9	-1	-1	-1	0
6879	6956	6883	9	-1	-1	-1	0
6958	6880	6881	9	-1	-1	-1	0
6933	6930	6856	9	-1	-1	-1	0
6856	6932	6933	9	-1	-1	-1	0
6882	6883	6959	9	-1	-1	-1	0
6959	6884	6882	9	-1	-1	-1	0
6859	6934	6932	9	-1	-1	-1	0
6951	6887	6888	9	-1	-1	-1	0
6934	6859	6935	9	-1	-1	-1	0
6885	6886	6962	9	-1	-1	-1	0
6937	6861	6936	9	-1	-1	-1	0
6962	6888	6885	9	-1	-1	-1	0
6867	6925	6944	9	-1	-1	-1	0
6884	6961	6894	9	-1	-1	-1	0
6864	6941	6935	9	-1	-1	-1	0
6939	6938	6863	9	-1	-1	-1	0
6863	6937	6940	9	-1	-1	-1	0
6863	6940	6939	9	-1	-1	-1	0
6936	6865	6942	9	-1	-1	-1	0
6941	6864	6938	9	-1	-1	-1	0
6870	6931	6945	9	-1	-1	-1	0
6891	6965	6890	9	-1	-1	-1	0
6965	6891	6892	9	-1	-1	-1	0
6915	6916	6917	9	-1	-1	-1	0
6942	6866	6943	9	-1	-1	-1	0
6966	6893	6894	9	-1	-1	-1	0
6867	6944	6943	9	-1	-1	-1	0
6897	6965	6892	9	-1	-1	-1	0
6966	6896	6893	9	-1	-1	-1	0
6947	6871	6946	9	-1	-1	-1	0
6968	6899	6898	9	-1	-1	-1	0
6946	6872	6948	9	-1	-1	-1	0
6898	6901	6968	9	-1	-1	-1	0
6874	6949	6950	9	-1	-1	-1	0
6899	6970	6904	9	-1	-1	-1	0
6951	6949	6875	9	-1	-1	-1	0
6902	6903	6971	9	-1	-1	-1	0
6952	6948	6876	9	-1	-1	-1	0
6904	6970	6905	9	-1	-1	-1	0
6972	6903	6905	9	-1	-1	-1	0
6907	6902	6971	9	-1	-1	-1	0
6950	6953	6877	9	-1	-1	-1	0
6952	6877	6954	9	-1	-1	-1	0
6877	6953	6954	9	-1	-1	-1	0
6947	6958	6881	9	-1	-1	-1	0
6975	6906	6907	9	-1	-1	-1	0
6955	6956	6878	9	-1	-1	-1	0
6975	6908	6906	9	-1	-1	-1	0
6957	6955	6880	9	-1	-1	-1	0
6886	6945	6962	9	-1	-1	-1	0
6958	6957	6880	9	-1	-1	-1	0
6909	6908	6978	9	-1	-1	-1	0
6883	6956	6960	9	-1	-1	-1	0
6909	6979	6912	9	-1	-1	-1	0
6980	6910	6911	9	-1	-1	-1	0
6883	6960	6959	9	-1	-1	-1	0
6964	6951	6888	9	-1	-1	-1	0
6910	6980	6914	9	-1	-1	-1	0
6911	6912	6981	9	-1	-1	-1	0
6884	6959	6961	9	-1	-1	-1	0
6962	6963	6888	9	-1	-1	-1	0
6914	6987	6913	9	-1	-1	-1	0
6888	6963	6964	9	-1	-1	-1	0
6942	6937	6936	9	-1	-1	-1	0
6913	6986	6916	9	-1	-1	-1	0
6917	6916	6988	9	-1	-1	-1	0
6961	6967	6894	9	-1	-1	-1	0
6918	6917	6989	9	-1	-1	-1	0
6966	6894	6967	9	-1	-1	-1	0
6919	6990	6920	9	-1	-1	-1	0
6924	6918	6989	9	-1	-1	-1	0
6923	6990	6919	9	-1	-1	-1	0
6921	6922	6992	9	-1	-1	-1	0
6899	6968	6969	9	-1	-1	-1	0
6921	6993	6923	9	-1	-1	-1	0
6927	6920	6991	9	-1	-1	-1	0
6992	6922	6924	9	-1	-1	-1	0
6970	6899	6969	9	-1	-1	-1	0
6972	6971	6903	9	-1	-1	-1	0
6925	6926	6998	9	-1	-1	-1	0
6974	6905	6970	9	-1	-1	-1	0
6905	6973	6972	9	-1	-1	-1	0
6974	6973	6905	9	-1	-1	-1	0
6907	6971	6976	9	-1	-1	-1	0
6929	6999	6926	9	-1	-1	-1	0
7000	6928	6927	9	-1	-1	-1	0
7000	6929	6928	9	-1	-1	-1	0
6907	6976	6975	9	-1	-1	-1	0
6977	6908	6975	9	-1	-1	-1	0
6908	6977	6978	9	-1	-1	-1	0
6930	7002	6931	9	-1	-1	-1	0
6933	7002	6930	9	-1	-1	-1	0
6909	6978	6979	9	-1	-1	-1	0
6925	6998	6944	9	-1	-1	-1	0
7004	6933	6932	9	-1	-1	-1	0
6934	7004	6932	9	-1	-1	-1	0
6980	6911	6982	9	-1	-1	-1	0
6981	6982	6911	9	-1	-1	-1	0
6984	6912	6979	9	-1	-1	-1	0
6983	6981	6912	9	-1	-1	-1	0
6934	6935	7007	9	-1	-1	-1	0
6931	7003	6945	9	-1	-1	-1	0
6984	6983	6912	9	-1	-1	-1	0
6987	6914	6980	9	-1	-1	-1	0
6941	7007	6935	9	-1	-1	-1	0
6913	6985	6986	9	-1	-1	-1	0
6985	6913	6987	9	-1	-1	-1	0
6940	6937	7009	9	-1	-1	-1	0
7010	6938	6939	9	-1	-1	-1	0
6942	7008	6937	9	-1	-1	-1	0
6941	6938	7010	9	-1	-1	-1	0
6916	6986	6988	9	-1	-1	-1	0
6939	6940	7011	9	-1	-1	-1	0
6989	6917	6988	9	-1	-1	-1	0
6942	6943	7016	9	-1	-1	-1	0
6920	6990	6991	9	-1	-1	-1	0
6943	6944	7017	9	-1	-1	-1	0
6921	6992	6993	9	-1	-1	-1	0
6923	6994	6990	9	-1	-1	-1	0
6996	6924	6989	9	-1	-1	-1	0
6993	6995	6923	9	-1	-1	-1	0
6995	6994	6923	9	-1	-1	-1	0
6997	6992	6924	9	-1	-1	-1	0
6970	6969	6974	9	-1	-1	-1	0
6946	7020	6947	9	-1	-1	-1	0
7020	6946	6948	9	-1	-1	-1	0
6924	6996	6997	9	-1	-1	-1	0
6991	7000	6927	9	-1	-1	-1	0
7023	6950	6949	9	-1	-1	-1	0
6952	7022	6948	9	-1	-1	-1	0
6926	6999	6998	9	-1	-1	-1	0
7023	6949	6951	9	-1	-1	-1	0
6947	7021	6958	9	-1	-1	-1	0
7019	6962	6945	9	-1	-1	-1	0
6950	7024	6953	9	-1	-1	-1	0
6999	6929	7001	9	-1	-1	-1	0
7000	7001	6929	9	-1	-1	-1	0
6954	7026	6952	9	-1	-1	-1	0
7028	6954	6953	9	-1	-1	-1	0
6931	7002	7003	9	-1	-1	-1	0
7025	6951	6964	9	-1	-1	-1	0
7002	6933	7005	9	-1	-1	-1	0
6955	6957	7030	9	-1	-1	-1	0
7006	6933	7004	9	-1	-1	-1	0
6956	6955	7032	9	-1	-1	-1	0
6962	7019	6963	9	-1	-1	-1	0
6933	7006	7005	9	-1	-1	-1	0
7007	7004	6934	9	-1	-1	-1	0
7033	6960	6956	9	-1	-1	-1	0
6958	7035	6957	9	-1	-1	-1	0
6937	7008	7009	9	-1	-1	-1	0
6960	7036	6959	9	-1	-1	-1	0
6961	6959	7037	9	-1	-1	-1	0
6939	7011	7010	9	-1	-1	-1	0
7018	6944	6998	9	-1	-1	-1	0
6940	7009	7012	9	-1	-1	-1	0
7007	6941	7014	9	-1	-1	-1	0
6940	7012	7011	9	-1	-1	-1	0
7037	6967	6961	9	-1	-1	-1	0
7039	6964	6963	9	-1	-1	-1	0
7016	7008	6942	9	-1	-1	-1	0
7010	7015	6941	9	-1	-1	-1	0
7003	7019	6945	9	-1	-1	-1	0
6941	7013	7014	9	-1	-1	-1	0
7013	6941	7015	9	-1	-1	-1	0
7017	7016	6943	9	-1	-1	-1	0
7017	6944	7018	9	-1	-1	-1	0
6997	6993	6992	9	-1	-1	-1	0
6971	6972	7041	9	-1	-1	-1	0
7021	6947	7020	9	-1	-1	-1	0
6972	6973	7043	9	-1	-1	-1	0
7042	6976	6971	9	-1	-1	-1	0
7020	6948	7022	9	-1	-1	-1	0
6977	6975	7044	9	-1	-1	-1	0
6976	7045	6975	9	-1	-1	-1	0
7024	6950	7023	9	-1	-1	-1	0
6951	7025	7023	9	-1	-1	-1	0
6952	7026	7022	9	-1	-1	-1	0
6978	6977	7047	9	-1	-1	-1	0
6953	7024	7027	9	-1	-1	-1	0
7048	6979	6978	9	-1	-1	-1	0
6953	7027	7028	9	-1	-1	-1	0
7029	7026	6954	9	-1	-1	-1	0
7005	7003	7002	9	-1	-1	-1	0
7029	6954	7028	9	-1	-1	-1	0
6982	7049	6980	9	-1	-1	-1	0
6984	6979	7048	9	-1	-1	-1	0
6983	7050	6981	9	-1	-1	-1	0
7035	6958	7021	9	-1	-1	-1	0
6982	6981	7051	9	-1	-1	-1	0
7049	6987	6980	9	-1	-1	-1	0
6955	7030	7031	9	-1	-1	-1	0
7031	7032	6955	9	-1	-1	-1	0
7039	6963	7019	9	-1	-1	-1	0
6956	7032	7033	9	-1	-1	-1	0
7034	7030	6957	9	-1	-1	-1	0
6986	6985	7053	9	-1	-1	-1	0
7054	6985	6987	9	-1	-1	-1	0
7034	6957	7035	9	-1	-1	-1	0
7040	7025	6964	9	-1	-1	-1	0
6988	6986	7055	9	-1	-1	-1	0
7038	6960	7033	9	-1	-1	-1	0
6959	7036	7037	9	-1	-1	-1	0
6960	7038	7036	9	-1	-1	-1	0
6988	7058	6989	9	-1	-1	-1	0
7010	7011	7015	9	-1	-1	-1	0
6990	7060	6991	9	-1	-1	-1	0
6996	6989	7058	9	-1	-1	-1	0
7059	6990	6994	9	-1	-1	-1	0
6964	7039	7040	9	-1	-1	-1	0
6995	6993	7061	9	-1	-1	-1	0
7060	7000	6991	9	-1	-1	-1	0
6994	6995	7062	9	-1	-1	-1	0
6993	6997	7061	9	-1	-1	-1	0
6971	7041	7042	9	-1	-1	-1	0
7041	6972	7043	9	-1	-1	-1	0
6996	7066	6997	9	-1	-1	-1	0
7046	6976	7042	9	-1	-1	-1	0
7045	7044	6975	9	-1	-1	-1	0
6999	7068	6998	9	-1	-1	-1	0
6976	7046	7045	9	-1	-1	-1	0
6977	7044	7047	9	-1	-1	-1	0
7001	7069	6999	9	-1	-1	-1	0
7001	7000	7071	9	-1	-1	-1	0
6978	7047	7048	9	-1	-1	-1	0
7003	7005	7072	9	-1	-1	-1	0
7051	6981	7050	9	-1	-1	-1	0
7006	7072	7005	9	-1	-1	-1	0
7049	6982	7052	9	-1	-1	-1	0
7074	7006	7004	9	-1	-1	-1	0
6998	7068	7018	9	-1	-1	-1	0
7007	7074	7004	9	-1	-1	-1	0
6982	7051	7052	9	-1	-1	-1	0
6987	7049	7056	9	-1	-1	-1	0
7053	6985	7054	9	-1	-1	-1	0
7008	7076	7009	9	-1	-1	-1	0
7055	6986	7053	9	-1	-1	-1	0
7074	7007	7014	9	-1	-1	-1	0
7019	7003	7073	9	-1	-1	-1	0
7056	7054	6987	9	-1	-1	-1	0
7077	7012	7009	9	-1	-1	-1	0
7008	7016	7076	9	-1	-1	-1	0
7055	7057	6988	9	-1	-1	-1	0
7079	7011	7012	9	-1	-1	-1	0
7057	7058	6988	9	-1	-1	-1	0
7015	7011	7078	9	-1	-1	-1	0
7015	7080	7013	9	-1	-1	-1	0
7081	7014	7013	9	-1	-1	-1	0
7059	7060	6990	9	-1	-1	-1	0
7062	7059	6994	9	-1	-1	-1	0
7017	7084	7016	9	-1	-1	-1	0
7084	7017	7018	9	-1	-1	-1	0
7065	6996	7058	9	-1	-1	-1	0
6995	7061	7063	9	-1	-1	-1	0
7064	7062	6995	9	-1	-1	-1	0
7063	7064	6995	9	-1	-1	-1	0
7067	7061	6997	9	-1	-1	-1	0
7066	6996	7065	9	-1	-1	-1	0
7021	7020	7087	9	-1	-1	-1	0
7020	7022	7087	9	-1	-1	-1	0
7000	7060	7070	9	-1	-1	-1	0
7066	7067	6997	9	-1	-1	-1	0
7039	7019	7073	9	-1	-1	-1	0
6999	7069	7068	9	-1	-1	-1	0
7024	7023	7090	9	-1	-1	-1	0
7022	7026	7089	9	-1	-1	-1	0
7091	7023	7025	9	-1	-1	-1	0
7000	7070	7071	9	-1	-1	-1	0
7001	7071	7069	9	-1	-1	-1	0
7021	7088	7035	9	-1	-1	-1	0
7027	7024	7093	9	-1	-1	-1	0
7003	7072	7073	9	-1	-1	-1	0
7026	7029	7094	9	-1	-1	-1	0
7027	7095	7028	9	-1	-1	-1	0
7006	7075	7072	9	-1	-1	-1	0
7028	7096	7029	9	-1	-1	-1	0
7074	7075	7006	9	-1	-1	-1	0
7040	7091	7025	9	-1	-1	-1	0
7076	7077	7009	9	-1	-1	-1	0
7032	7031	7099	9	-1	-1	-1	0
7099	7033	7032	9	-1	-1	-1	0
7079	7078	7011	9	-1	-1	-1	0
7012	7077	7079	9	-1	-1	-1	0
7100	7034	7035	9	-1	-1	-1	0
7033	7099	7038	9	-1	-1	-1	0
7074	7014	7082	9	-1	-1	-1	0
7018	7068	7086	9	-1	-1	-1	0
7080	7081	7013	9	-1	-1	-1	0
7016	7084	7076	9	-1	-1	-1	0
7083	7015	7078	9	-1	-1	-1	0
7014	7081	7082	9	-1	-1	-1	0
7080	7015	7083	9	-1	-1	-1	0
7040	7039	7101	9	-1	-1	-1	0
7084	7018	7085	9	-1	-1	-1	0
7104	7042	7041	9	-1	-1	-1	0
7041	7043	7104	9	-1	-1	-1	0
7086	7085	7018	9	-1	-1	-1	0
7042	7104	7046	9	-1	-1	-1	0
7021	7087	7088	9	-1	-1	-1	0
7022	7089	7087	9	-1	-1	-1	0
7090	7023	7091	9	-1	-1	-1	0
7105	7049	7052	9	-1	-1	-1	0
7090	7092	7024	9	-1	-1	-1	0
7106	7051	7050	9	-1	-1	-1	0
7093	7024	7092	9	-1	-1	-1	0
7026	7094	7089	9	-1	-1	-1	0
7106	7052	7051	9	-1	-1	-1	0
7105	7056	7049	9	-1	-1	-1	0
7101	7039	7073	9	-1	-1	-1	0
7095	7027	7093	9	-1	-1	-1	0
7109	7053	7054	9	-1	-1	-1	0
7053	7108	7055	9	-1	-1	-1	0
7056	7110	7054	9	-1	-1	-1	0
7097	7028	7095	9	-1	-1	-1	0
7057	7055	7108	9	-1	-1	-1	0
7029	7098	7094	9	-1	-1	-1	0
7096	7028	7097	9	-1	-1	-1	0
7035	7088	7100	9	-1	-1	-1	0
7096	7098	7029	9	-1	-1	-1	0
7058	7057	7113	9	-1	-1	-1	0
7040	7102	7091	9	-1	-1	-1	0
7059	7116	7060	9	-1	-1	-1	0
7116	7059	7062	9	-1	-1	-1	0
7115	7065	7058	9	-1	-1	-1	0
7117	7063	7061	9	-1	-1	-1	0
7103	7040	7101	9	-1	-1	-1	0
7064	7119	7062	9	-1	-1	-1	0
7061	7067	7117	9	-1	-1	-1	0
7102	7040	7103	9	-1	-1	-1	0
7060	7116	7070	9	-1	-1	-1	0
7121	7064	7063	9	-1	-1	-1	0
7065	7123	7066	9	-1	-1	-1	0
7066	7124	7067	9	-1	-1	-1	0
7068	7069	7126	9	-1	-1	-1	0
7107	7105	7052	9	-1	-1	-1	0
7052	7106	7107	9	-1	-1	-1	0
7127	7069	7071	9	-1	-1	-1	0
7053	7109	7108	9	-1	-1	-1	0
7070	7129	7071	9	-1	-1	-1	0
7105	7111	7056	9	-1	-1	-1	0
7054	7110	7109	9	-1	-1	-1	0
7072	7130	7073	9	-1	-1	-1	0
7056	7112	7110	9	-1	-1	-1	0
7072	7075	7131	9	-1	-1	-1	0
7057	7108	7114	9	-1	-1	-1	0
7056	7111	7112	9	-1	-1	-1	0
7068	7126	7086	9	-1	-1	-1	0
7133	7075	7074	9	-1	-1	-1	0
7113	7057	7114	9	-1	-1	-1	0
7115	7058	7113	9	-1	-1	-1	0
7077	7076	7136	9	-1	-1	-1	0
7074	7082	7133	9	-1	-1	-1	0
7077	7139	7079	9	-1	-1	-1	0
7136	7076	7084	9	-1	-1	-1	0
7140	7078	7079	9	-1	-1	-1	0
7116	7062	7120	9	-1	-1	-1	0
7119	7118	7062	9	-1	-1	-1	0
7120	7062	7118	9	-1	-1	-1	0
7121	7063	7117	9	-1	-1	-1	0
7083	7078	7140	9	-1	-1	-1	0
7065	7115	7123	9	-1	-1	-1	0
7081	7080	7143	9	-1	-1	-1	0
7136	7084	7085	9	-1	-1	-1	0
7064	7122	7119	9	-1	-1	-1	0
7143	7080	7083	9	-1	-1	-1	0
7073	7132	7101	9	-1	-1	-1	0
7064	7121	7122	9	-1	-1	-1	0
7082	7081	7144	9	-1	-1	-1	0
7117	7067	7124	9	-1	-1	-1	0
7066	7123	7125	9	-1	-1	-1	0
7070	7116	7128	9	-1	-1	-1	0
7125	7124	7066	9	-1	-1	-1	0
7151	7085	7086	9	-1	-1	-1	0
7069	7127	7126	9	-1	-1	-1	0
7105	7107	7111	9	-1	-1	-1	0
7129	7070	7128	9	-1	-1	-1	0
7071	7129	7127	9	-1	-1	-1	0
7087	7155	7088	9	-1	-1	-1	0
7087	7089	7154	9	-1	-1	-1	0
7130	7072	7131	9	-1	-1	-1	0
7132	7073	7130	9	-1	-1	-1	0
7157	7090	7091	9	-1	-1	-1	0
7157	7092	7090	9	-1	-1	-1	0
7094	7156	7089	9	-1	-1	-1	0
7075	7134	7131	9	-1	-1	-1	0
7133	7135	7075	9	-1	-1	-1	0
7100	7088	7155	9	-1	-1	-1	0
7093	7092	7159	9	-1	-1	-1	0
7134	7075	7135	9	-1	-1	-1	0
7156	7094	7098	9	-1	-1	-1	0
7161	7095	7093	9	-1	-1	-1	0
7102	7158	7091	9	-1	-1	-1	0
7077	7136	7138	9	-1	-1	-1	0
7138	7137	7077	9	-1	-1	-1	0
7077	7137	7139	9	-1	-1	-1	0
7097	7095	7161	9	-1	-1	-1	0
7079	7139	7142	9	-1	-1	-1	0
7140	7079	7141	9	-1	-1	-1	0
7082	7146	7133	9	-1	-1	-1	0
7079	7142	7141	9	-1	-1	-1	0
7126	7153	7086	9	-1	-1	-1	0
7103	7101	7163	9	-1	-1	-1	0
7145	7081	7143	9	-1	-1	-1	0
7103	7164	7102	9	-1	-1	-1	0
7081	7145	7144	9	-1	-1	-1	0
7147	7083	7140	9	-1	-1	-1	0
7085	7150	7136	9	-1	-1	-1	0
7146	7082	7144	9	-1	-1	-1	0
7143	7083	7148	9	-1	-1	-1	0
7147	7149	7083	9	-1	-1	-1	0
7083	7149	7148	9	-1	-1	-1	0
7109	7167	7108	9	-1	-1	-1	0
7150	7085	7151	9	-1	-1	-1	0
7109	7110	7168	9	-1	-1	-1	0
7152	7151	7086	9	-1	-1	-1	0
7108	7167	7114	9	-1	-1	-1	0
7168	7110	7112	9	-1	-1	-1	0
7086	7153	7152	9	-1	-1	-1	0
7131	7132	7130	9	-1	-1	-1	0
7155	7087	7154	9	-1	-1	-1	0
7101	7132	7163	9	-1	-1	-1	0
7114	7170	7113	9	-1	-1	-1	0
7171	7115	7113	9	-1	-1	-1	0
7154	7089	7156	9	-1	-1	-1	0
7157	7091	7158	9	-1	-1	-1	0
7092	7157	7160	9	-1	-1	-1	0
7160	7159	7092	9	-1	-1	-1	0
7175	7116	7120	9	-1	-1	-1	0
7174	7123	7115	9	-1	-1	-1	0
7162	7093	7159	9	-1	-1	-1	0
7118	7119	7177	9	-1	-1	-1	0
7121	7117	7176	9	-1	-1	-1	0
7162	7161	7093	9	-1	-1	-1	0
7118	7178	7120	9	-1	-1	-1	0
7117	7124	7176	9	-1	-1	-1	0
7128	7116	7175	9	-1	-1	-1	0
7122	7179	7119	9	-1	-1	-1	0
7121	7181	7122	9	-1	-1	-1	0
7138	7136	7150	9	-1	-1	-1	0
7164	7158	7102	9	-1	-1	-1	0
7165	7103	7163	9	-1	-1	-1	0
7184	7125	7123	9	-1	-1	-1	0
7166	7164	7103	9	-1	-1	-1	0
7103	7165	7166	9	-1	-1	-1	0
7125	7185	7124	9	-1	-1	-1	0
7127	7190	7126	9	-1	-1	-1	0
7109	7169	7167	9	-1	-1	-1	0
7109	7168	7169	9	-1	-1	-1	0
7191	7127	7129	9	-1	-1	-1	0
7193	7129	7128	9	-1	-1	-1	0
7167	7172	7114	9	-1	-1	-1	0
7113	7170	7171	9	-1	-1	-1	0
7170	7114	7173	9	-1	-1	-1	0
7194	7132	7131	9	-1	-1	-1	0
7172	7173	7114	9	-1	-1	-1	0
7174	7115	7171	9	-1	-1	-1	0
7134	7195	7131	9	-1	-1	-1	0
7133	7197	7135	9	-1	-1	-1	0
7135	7198	7134	9	-1	-1	-1	0
7153	7126	7188	9	-1	-1	-1	0
7178	7118	7177	9	-1	-1	-1	0
7175	7120	7180	9	-1	-1	-1	0
7177	7119	7179	9	-1	-1	-1	0
7201	7137	7138	9	-1	-1	-1	0
7146	7197	7133	9	-1	-1	-1	0
7200	7139	7137	9	-1	-1	-1	0
7121	7176	7181	9	-1	-1	-1	0
7120	7178	7180	9	-1	-1	-1	0
7123	7174	7184	9	-1	-1	-1	0
7179	7122	7182	9	-1	-1	-1	0
7142	7139	7203	9	-1	-1	-1	0
7124	7185	7176	9	-1	-1	-1	0
7141	7204	7140	9	-1	-1	-1	0
7183	7122	7181	9	-1	-1	-1	0
7183	7182	7122	9	-1	-1	-1	0
7142	7205	7141	9	-1	-1	-1	0
7138	7150	7202	9	-1	-1	-1	0
7204	7147	7140	9	-1	-1	-1	0
7196	7163	7132	9	-1	-1	-1	0
7143	7207	7145	9	-1	-1	-1	0
7175	7192	7128	9	-1	-1	-1	0
7186	7185	7125	9	-1	-1	-1	0
7184	7187	7125	9	-1	-1	-1	0
7145	7209	7144	9	-1	-1	-1	0
7186	7125	7187	9	-1	-1	-1	0
7143	7148	7208	9	-1	-1	-1	0
7210	7146	7144	9	-1	-1	-1	0
7151	7202	7150	9	-1	-1	-1	0
7126	7189	7188	9	-1	-1	-1	0
7190	7189	7126	9	-1	-1	-1	0
7172	7167	7169	9	-1	-1	-1	0
7191	7190	7127	9	-1	-1	-1	0
7147	7213	7149	9	-1	-1	-1	0
7214	7148	7149	9	-1	-1	-1	0
7193	7128	7192	9	-1	-1	-1	0
7191	7129	7193	9	-1	-1	-1	0
7131	7195	7194	9	-1	-1	-1	0
7217	7151	7152	9	-1	-1	-1	0
7196	7132	7194	9	-1	-1	-1	0
7218	7152	7153	9	-1	-1	-1	0
7198	7195	7134	9	-1	-1	-1	0
7199	7135	7197	9	-1	-1	-1	0
7198	7135	7199	9	-1	-1	-1	0
7158	7220	7157	9	-1	-1	-1	0
7160	7157	7220	9	-1	-1	-1	0
7137	7201	7200	9	-1	-1	-1	0
7221	7159	7160	9	-1	-1	-1	0
7202	7201	7138	9	-1	-1	-1	0
7164	7220	7158	9	-1	-1	-1	0
7139	7200	7203	9	-1	-1	-1	0
7159	7221	7162	9	-1	-1	-1	0
7192	7175	7180	9	-1	-1	-1	0
7204	7141	7205	9	-1	-1	-1	0
7165	7163	7223	9	-1	-1	-1	0
7203	7206	7142	9	-1	-1	-1	0
7197	7146	7210	9	-1	-1	-1	0
7205	7142	7206	9	-1	-1	-1	0
7164	7166	7224	9	-1	-1	-1	0
7226	7166	7165	9	-1	-1	-1	0
7143	7208	7207	9	-1	-1	-1	0
7188	7219	7153	9	-1	-1	-1	0
7209	7210	7144	9	-1	-1	-1	0
7204	7213	7147	9	-1	-1	-1	0
7145	7207	7212	9	-1	-1	-1	0
7145	7211	7209	9	-1	-1	-1	0
7212	7211	7145	9	-1	-1	-1	0
7214	7208	7148	9	-1	-1	-1	0
7202	7151	7217	9	-1	-1	-1	0
7170	7229	7171	9	-1	-1	-1	0
7170	7173	7229	9	-1	-1	-1	0
7230	7174	7171	9	-1	-1	-1	0
7215	7149	7213	9	-1	-1	-1	0
7214	7149	7216	9	-1	-1	-1	0
7215	7216	7149	9	-1	-1	-1	0
7223	7163	7196	9	-1	-1	-1	0
7152	7218	7217	9	-1	-1	-1	0
7231	7184	7174	9	-1	-1	-1	0
7181	7176	7233	9	-1	-1	-1	0
7177	7179	7234	9	-1	-1	-1	0
7153	7219	7218	9	-1	-1	-1	0
7235	7178	7177	9	-1	-1	-1	0
7232	7176	7185	9	-1	-1	-1	0
7178	7238	7180	9	-1	-1	-1	0
7181	7233	7183	9	-1	-1	-1	0
7179	7182	7239	9	-1	-1	-1	0
7184	7231	7187	9	-1	-1	-1	0
7160	7220	7222	9	-1	-1	-1	0
7185	7186	7232	9	-1	-1	-1	0
7160	7222	7221	9	-1	-1	-1	0
7164	7224	7220	9	-1	-1	-1	0
7240	7192	7180	9	-1	-1	-1	0
7223	7225	7165	9	-1	-1	-1	0
7165	7225	7226	9	-1	-1	-1	0
7166	7227	7224	9	-1	-1	-1	0
7188	7189	7241	9	-1	-1	-1	0
7228	7166	7226	9	-1	-1	-1	0
7166	7228	7227	9	-1	-1	-1	0
7243	7189	7190	9	-1	-1	-1	0
7244	7190	7191	9	-1	-1	-1	0
7244	7191	7193	9	-1	-1	-1	0
7245	7193	7192	9	-1	-1	-1	0
7229	7230	7171	9	-1	-1	-1	0
7174	7230	7231	9	-1	-1	-1	0
7195	7247	7194	9	-1	-1	-1	0
7247	7196	7194	9	-1	-1	-1	0
7176	7232	7233	9	-1	-1	-1	0
7198	7248	7195	9	-1	-1	-1	0
7197	7250	7199	9	-1	-1	-1	0
7177	7234	7235	9	-1	-1	-1	0
7198	7199	7251	9	-1	-1	-1	0
7219	7188	7241	9	-1	-1	-1	0
7236	7178	7235	9	-1	-1	-1	0
7178	7236	7237	9	-1	-1	-1	0
7239	7234	7179	9	-1	-1	-1	0
7178	7237	7238	9	-1	-1	-1	0
7201	7255	7200	9	-1	-1	-1	0
7200	7254	7203	9	-1	-1	-1	0
7197	7210	7250	9	-1	-1	-1	0
7180	7238	7240	9	-1	-1	-1	0
7201	7202	7256	9	-1	-1	-1	0
7206	7203	7257	9	-1	-1	-1	0
7249	7223	7196	9	-1	-1	-1	0
7261	7204	7205	9	-1	-1	-1	0
7241	7189	7242	9	-1	-1	-1	0
7205	7206	7262	9	-1	-1	-1	0
7242	7189	7243	9	-1	-1	-1	0
7256	7202	7217	9	-1	-1	-1	0
7204	7260	7213	9	-1	-1	-1	0
7240	7245	7192	9	-1	-1	-1	0
7190	7244	7243	9	-1	-1	-1	0
7264	7207	7208	9	-1	-1	-1	0
7212	7207	7264	9	-1	-1	-1	0
7193	7246	7244	9	-1	-1	-1	0
7245	7246	7193	9	-1	-1	-1	0
7211	7266	7209	9	-1	-1	-1	0
7210	7209	7267	9	-1	-1	-1	0
7265	7208	7214	9	-1	-1	-1	0
7260	7215	7213	9	-1	-1	-1	0
7195	7248	7247	9	-1	-1	-1	0
7249	7196	7247	9	-1	-1	-1	0
7216	7265	7214	9	-1	-1	-1	0
7198	7251	7248	9	-1	-1	-1	0
7250	7253	7199	9	-1	-1	-1	0
7251	7199	7252	9	-1	-1	-1	0
7252	7199	7253	9	-1	-1	-1	0
7269	7217	7218	9	-1	-1	-1	0
7219	7270	7218	9	-1	-1	-1	0
7254	7200	7255	9	-1	-1	-1	0
7255	7201	7256	9	-1	-1	-1	0
7258	7203	7254	9	-1	-1	-1	0
7274	7222	7220	9	-1	-1	-1	0
7257	7203	7258	9	-1	-1	-1	0
7274	7220	7224	9	-1	-1	-1	0
7204	7259	7260	9	-1	-1	-1	0
7275	7225	7223	9	-1	-1	-1	0
7259	7204	7261	9	-1	-1	-1	0
7274	7224	7227	9	-1	-1	-1	0
7263	7206	7257	9	-1	-1	-1	0
7226	7225	7277	9	-1	-1	-1	0
7268	7250	7210	9	-1	-1	-1	0
7205	7262	7261	9	-1	-1	-1	0
7263	7262	7206	9	-1	-1	-1	0
7226	7277	7228	9	-1	-1	-1	0
7273	7219	7241	9	-1	-1	-1	0
7208	7265	7264	9	-1	-1	-1	0
7217	7269	7256	9	-1	-1	-1	0
7266	7267	7209	9	-1	-1	-1	0
7210	7267	7268	9	-1	-1	-1	0
7278	7235	7234	9	-1	-1	-1	0
7249	7276	7223	9	-1	-1	-1	0
7235	7278	7236	9	-1	-1	-1	0
7278	7234	7239	9	-1	-1	-1	0
7237	7279	7238	9	-1	-1	-1	0
7218	7270	7269	9	-1	-1	-1	0
7279	7240	7238	9	-1	-1	-1	0
7219	7272	7270	9	-1	-1	-1	0
7219	7271	7272	9	-1	-1	-1	0
7271	7219	7273	9	-1	-1	-1	0
7241	7242	7282	9	-1	-1	-1	0
7281	7245	7240	9	-1	-1	-1	0
7242	7243	7284	9	-1	-1	-1	0
7245	7281	7246	9	-1	-1	-1	0
7244	7286	7243	9	-1	-1	-1	0
7223	7276	7275	9	-1	-1	-1	0
7286	7244	7246	9	-1	-1	-1	0
7275	7277	7225	9	-1	-1	-1	0
7289	7247	7248	9	-1	-1	-1	0
7247	7289	7249	9	-1	-1	-1	0
7251	7290	7248	9	-1	-1	-1	0
7250	7292	7253	9	-1	-1	-1	0
7251	7252	7293	9	-1	-1	-1	0
7241	7282	7273	9	-1	-1	-1	0
7280	7240	7279	9	-1	-1	-1	0
7240	7280	7281	9	-1	-1	-1	0
7255	7294	7254	9	-1	-1	-1	0
7258	7254	7294	9	-1	-1	-1	0
7283	7282	7242	9	-1	-1	-1	0
7256	7296	7255	9	-1	-1	-1	0
7284	7283	7242	9	-1	-1	-1	0
7292	7250	7268	9	-1	-1	-1	0
7285	7284	7243	9	-1	-1	-1	0
7281	7287	7246	9	-1	-1	-1	0
7285	7243	7286	9	-1	-1	-1	0
7291	7276	7249	9	-1	-1	-1	0
7261	7297	7259	9	-1	-1	-1	0
7246	7288	7286	9	-1	-1	-1	0
7297	7261	7262	9	-1	-1	-1	0
7256	7269	7296	9	-1	-1	-1	0
7246	7287	7288	9	-1	-1	-1	0
7297	7262	7263	9	-1	-1	-1	0
7248	7290	7289	9	-1	-1	-1	0
7289	7291	7249	9	-1	-1	-1	0
7267	7266	7298	9	-1	-1	-1	0
7298	7268	7267	9	-1	-1	-1	0
7293	7290	7251	9	-1	-1	-1	0
7269	7270	7300	9	-1	-1	-1	0
7270	7272	7300	9	-1	-1	-1	0
7294	7255	7295	9	-1	-1	-1	0
7273	7301	7271	9	-1	-1	-1	0
7295	7255	7296	9	-1	-1	-1	0
7287	7281	7280	9	-1	-1	-1	0
7301	7273	7282	9	-1	-1	-1	0
7268	7298	7292	9	-1	-1	-1	0
7288	7285	7286	9	-1	-1	-1	0
7299	7296	7269	9	-1	-1	-1	0
7283	7301	7282	9	-1	-1	-1	0
7300	7299	7269	9	-1	-1	-1	0
7302	7289	7290	9	-1	-1	-1	0
7291	7289	7302	9	-1	-1	-1	0
7290	7293	7302	9	-1	-1	-1	0
7299	7295	7296	9	-1	-1	-1	0
10
1	0
1	0
1	0
1	0
1	0
1	0
1	0
1	0
1	0
1	0
0
0
